unsigned char encoder_clf_minmax_pruned_qat_int8_tflite[] = {
  0x1c, 0x00, 0x00, 0x00, 0x54, 0x46, 0x4c, 0x33, 0x14, 0x00, 0x20, 0x00,
  0x1c, 0x00, 0x18, 0x00, 0x14, 0x00, 0x10, 0x00, 0x0c, 0x00, 0x00, 0x00,
  0x08, 0x00, 0x04, 0x00, 0x14, 0x00, 0x00, 0x00, 0x1c, 0x00, 0x00, 0x00,
  0xa4, 0x00, 0x00, 0x00, 0xfc, 0x00, 0x00, 0x00, 0xb0, 0xa5, 0x00, 0x00,
  0xc0, 0xa5, 0x00, 0x00, 0x04, 0xb2, 0x00, 0x00, 0x03, 0x00, 0x00, 0x00,
  0x01, 0x00, 0x00, 0x00, 0x10, 0x00, 0x00, 0x00, 0x00, 0x00, 0x0a, 0x00,
  0x10, 0x00, 0x0c, 0x00, 0x08, 0x00, 0x04, 0x00, 0x0a, 0x00, 0x00, 0x00,
  0x0c, 0x00, 0x00, 0x00, 0x1c, 0x00, 0x00, 0x00, 0x48, 0x00, 0x00, 0x00,
  0x0f, 0x00, 0x00, 0x00, 0x73, 0x65, 0x72, 0x76, 0x69, 0x6e, 0x67, 0x5f,
  0x64, 0x65, 0x66, 0x61, 0x75, 0x6c, 0x74, 0x00, 0x01, 0x00, 0x00, 0x00,
  0x04, 0x00, 0x00, 0x00, 0x84, 0xff, 0xff, 0xff, 0x0d, 0x00, 0x00, 0x00,
  0x04, 0x00, 0x00, 0x00, 0x16, 0x00, 0x00, 0x00, 0x71, 0x75, 0x61, 0x6e,
  0x74, 0x5f, 0x61, 0x63, 0x74, 0x69, 0x76, 0x69, 0x74, 0x79, 0x5f, 0x73,
  0x6f, 0x66, 0x74, 0x6d, 0x61, 0x78, 0x00, 0x00, 0x01, 0x00, 0x00, 0x00,
  0x04, 0x00, 0x00, 0x00, 0x3e, 0x5a, 0xff, 0xff, 0x04, 0x00, 0x00, 0x00,
  0x0c, 0x00, 0x00, 0x00, 0x77, 0x69, 0x6e, 0x64, 0x6f, 0x77, 0x5f, 0x69,
  0x6e, 0x70, 0x75, 0x74, 0x00, 0x00, 0x00, 0x00, 0x02, 0x00, 0x00, 0x00,
  0x34, 0x00, 0x00, 0x00, 0x04, 0x00, 0x00, 0x00, 0xdc, 0xff, 0xff, 0xff,
  0x10, 0x00, 0x00, 0x00, 0x04, 0x00, 0x00, 0x00, 0x13, 0x00, 0x00, 0x00,
  0x43, 0x4f, 0x4e, 0x56, 0x45, 0x52, 0x53, 0x49, 0x4f, 0x4e, 0x5f, 0x4d,
  0x45, 0x54, 0x41, 0x44, 0x41, 0x54, 0x41, 0x00, 0x08, 0x00, 0x0c, 0x00,
  0x08, 0x00, 0x04, 0x00, 0x08, 0x00, 0x00, 0x00, 0x0f, 0x00, 0x00, 0x00,
  0x04, 0x00, 0x00, 0x00, 0x13, 0x00, 0x00, 0x00, 0x6d, 0x69, 0x6e, 0x5f,
  0x72, 0x75, 0x6e, 0x74, 0x69, 0x6d, 0x65, 0x5f, 0x76, 0x65, 0x72, 0x73,
  0x69, 0x6f, 0x6e, 0x00, 0x11, 0x00, 0x00, 0x00, 0xb0, 0xa4, 0x00, 0x00,
  0xa8, 0xa4, 0x00, 0x00, 0x98, 0x0e, 0x00, 0x00, 0x88, 0x0d, 0x00, 0x00,
  0x80, 0x0d, 0x00, 0x00, 0x70, 0x05, 0x00, 0x00, 0xe0, 0x04, 0x00, 0x00,
  0xd8, 0x04, 0x00, 0x00, 0x48, 0x02, 0x00, 0x00, 0xe8, 0x01, 0x00, 0x00,
  0xe0, 0x01, 0x00, 0x00, 0xe0, 0x00, 0x00, 0x00, 0xa0, 0x00, 0x00, 0x00,
  0x98, 0x00, 0x00, 0x00, 0x90, 0x00, 0x00, 0x00, 0x70, 0x00, 0x00, 0x00,
  0x04, 0x00, 0x00, 0x00, 0xfe, 0x5a, 0xff, 0xff, 0x04, 0x00, 0x00, 0x00,
  0x5c, 0x00, 0x00, 0x00, 0x0c, 0x00, 0x00, 0x00, 0x08, 0x00, 0x0e, 0x00,
  0x08, 0x00, 0x04, 0x00, 0x08, 0x00, 0x00, 0x00, 0x10, 0x00, 0x00, 0x00,
  0x2c, 0x00, 0x00, 0x00, 0x00, 0x00, 0x06, 0x00, 0x08, 0x00, 0x04, 0x00,
  0x06, 0x00, 0x00, 0x00, 0x04, 0x00, 0x00, 0x00, 0x02, 0x00, 0x00, 0x00,
  0xeb, 0x03, 0x00, 0x00, 0xd0, 0x07, 0x00, 0x00, 0x00, 0x00, 0x0a, 0x00,
  0x10, 0x00, 0x0c, 0x00, 0x08, 0x00, 0x04, 0x00, 0x0a, 0x00, 0x00, 0x00,
  0x02, 0x00, 0x00, 0x00, 0x02, 0x00, 0x00, 0x00, 0x04, 0x00, 0x00, 0x00,
  0x06, 0x00, 0x00, 0x00, 0x32, 0x2e, 0x31, 0x34, 0x2e, 0x31, 0x00, 0x00,
  0x66, 0x5b, 0xff, 0xff, 0x04, 0x00, 0x00, 0x00, 0x10, 0x00, 0x00, 0x00,
  0x31, 0x2e, 0x31, 0x34, 0x2e, 0x30, 0x00, 0x00, 0x00, 0x00, 0x00, 0x00,
  0x00, 0x00, 0x00, 0x00, 0xdc, 0x5a, 0xff, 0xff, 0xe0, 0x5a, 0xff, 0xff,
  0x8a, 0x5b, 0xff, 0xff, 0x04, 0x00, 0x00, 0x00, 0x30, 0x00, 0x00, 0x00,
  0xd8, 0x02, 0x00, 0x00, 0x46, 0xfe, 0xff, 0xff, 0x40, 0x00, 0x00, 0x00,
  0x79, 0x00, 0x00, 0x00, 0x59, 0xfe, 0xff, 0xff, 0x82, 0x02, 0x00, 0x00,
  0x4f, 0x02, 0x00, 0x00, 0x5f, 0x00, 0x00, 0x00, 0x0f, 0x02, 0x00, 0x00,
  0xdb, 0xfd, 0xff, 0xff, 0xe6, 0xfe, 0xff, 0xff, 0x9d, 0xfe, 0xff, 0xff,
  0xc6, 0x5b, 0xff, 0xff, 0x04, 0x00, 0x00, 0x00, 0xf0, 0x00, 0x00, 0x00,
  0x00, 0xbc, 0x00, 0x00, 0x00, 0xba, 0xbf, 0xd0, 0x00, 0x00, 0x00, 0xa4,
  0x00, 0x00, 0x00, 0x00, 0xc0, 0x00, 0x00, 0x00, 0x00, 0x00, 0x00, 0x00,
  0x00, 0xb6, 0x00, 0x31, 0x00, 0x00, 0x00, 0x00, 0x00, 0x00, 0x00, 0x00,
  0x00, 0x00, 0x00, 0x00, 0x00, 0x00, 0x00, 0x00, 0x00, 0x00, 0x00, 0x00,
  0x00, 0x00, 0x00, 0xb1, 0x00, 0x00, 0x00, 0x00, 0x00, 0x00, 0x00, 0x00,
  0x00, 0x3b, 0xad, 0x00, 0x00, 0x00, 0x00, 0x00, 0x00, 0x00, 0x00, 0x87,
  0x00, 0x00, 0x00, 0x00, 0x00, 0x00, 0x00, 0xa7, 0x00, 0x00, 0x00, 0x00,
  0x00, 0x00, 0x00, 0x00, 0x00, 0x00, 0x00, 0x24, 0x30, 0x00, 0x2c, 0x00,
  0x00, 0x00, 0x00, 0x34, 0x00, 0x00, 0xc0, 0x00, 0x00, 0x00, 0xa8, 0x00,
  0xb9, 0x00, 0x00, 0x00, 0x00, 0x00, 0xbb, 0x00, 0x00, 0x00, 0x00, 0x00,
  0x00, 0x00, 0x00, 0xb3, 0x00, 0x81, 0x00, 0x00, 0x00, 0x00, 0x00, 0x00,
  0xcd, 0x00, 0x00, 0x00, 0x99, 0x00, 0x00, 0xbc, 0xba, 0xa6, 0x00, 0x00,
  0x00, 0x00, 0x00, 0x00, 0x00, 0x00, 0x00, 0x00, 0x00, 0x00, 0x91, 0x00,
  0xc3, 0x44, 0x00, 0xac, 0x00, 0x00, 0x00, 0x00, 0x00, 0xc3, 0x2b, 0xc0,
  0x00, 0x9d, 0x00, 0xab, 0x00, 0x00, 0x00, 0x00, 0x00, 0x00, 0x00, 0x3f,
  0x00, 0x00, 0x00, 0x00, 0x00, 0x31, 0x00, 0x00, 0xc6, 0x00, 0x00, 0xbf,
  0x00, 0x00, 0x00, 0x00, 0x2e, 0x00, 0x00, 0x00, 0x00, 0x00, 0x00, 0x00,
  0xbf, 0x00, 0x00, 0x00, 0x00, 0x00, 0x00, 0x00, 0x00, 0x00, 0x00, 0x00,
  0x00, 0x39, 0x00, 0x00, 0x00, 0x00, 0x2e, 0x00, 0x00, 0xd9, 0x00, 0xbb,
  0x00, 0x00, 0x00, 0x00, 0x00, 0x00, 0x37, 0x00, 0x00, 0x00, 0xca, 0x00,
  0x1c, 0x5c, 0xff, 0xff, 0xc6, 0x5c, 0xff, 0xff, 0x04, 0x00, 0x00, 0x00,
  0x50, 0x00, 0x00, 0x00, 0x4c, 0x01, 0x00, 0x00, 0x84, 0x00, 0x00, 0x00,
  0xee, 0xff, 0xff, 0xff, 0x1a, 0xfe, 0xff, 0xff, 0x0d, 0x03, 0x00, 0x00,
  0x5e, 0xff, 0xff, 0xff, 0xd9, 0x00, 0x00, 0x00, 0x6c, 0x01, 0x00, 0x00,
  0x87, 0x01, 0x00, 0x00, 0x2f, 0x01, 0x00, 0x00, 0xf4, 0x01, 0x00, 0x00,
  0xf5, 0x00, 0x00, 0x00, 0xf8, 0xfe, 0xff, 0xff, 0x9b, 0xff, 0xff, 0xff,
  0x7e, 0x00, 0x00, 0x00, 0x00, 0x00, 0x00, 0x00, 0x41, 0xfe, 0xff, 0xff,
  0x33, 0x00, 0x00, 0x00, 0x87, 0x03, 0x00, 0x00, 0xd6, 0xff, 0xff, 0xff,
  0x22, 0x5d, 0xff, 0xff, 0x04, 0x00, 0x00, 0x00, 0x80, 0x02, 0x00, 0x00,
  0x51, 0x00, 0x00, 0x00, 0x00, 0x00, 0x00, 0x00, 0x00, 0x00, 0x21, 0x00,
  0x00, 0xdd, 0x00, 0x4a, 0x00, 0x00, 0xb9, 0x00, 0x00, 0x29, 0x2b, 0x00,
  0x00, 0x00, 0x00, 0x00, 0x00, 0x00, 0x00, 0x00, 0x00, 0x4e, 0x00, 0x00,
  0x35, 0x00, 0x00, 0x00, 0x00, 0x3b, 0x00, 0x00, 0x00, 0x00, 0x00, 0x00,
  0xb9, 0x00, 0x00, 0x00, 0x00, 0x47, 0xc6, 0x00, 0x00, 0x00, 0x00, 0x00,
  0xcc, 0xd1, 0x00, 0x3a, 0x00, 0x00, 0x8b, 0x00, 0x00, 0x00, 0x00, 0x00,
  0xc0, 0x00, 0x22, 0xd8, 0x00, 0xd5, 0x55, 0x5d, 0x00, 0x00, 0xb0, 0x00,
  0x00, 0x00, 0x00, 0x00, 0xb6, 0x00, 0x00, 0x00, 0x00, 0xba, 0x00, 0x00,
  0x00, 0x00, 0x00, 0x00, 0x00, 0x00, 0x00, 0x00, 0x00, 0x00, 0x00, 0x00,
  0x00, 0x3c, 0x00, 0x00, 0x00, 0x00, 0x00, 0x00, 0x00, 0xa1, 0x35, 0x00,
  0x00, 0x00, 0x00, 0x00, 0x00, 0x41, 0x00, 0xc6, 0x00, 0x00, 0x00, 0xd6,
  0x00, 0x00, 0x48, 0x00, 0x00, 0xaa, 0xb9, 0xce, 0x00, 0x00, 0x00, 0x00,
  0x51, 0xcf, 0x35, 0x00, 0x00, 0xb0, 0xc9, 0x00, 0x00, 0x00, 0x00, 0x00,
  0x26, 0x00, 0xbf, 0x00, 0x00, 0xb1, 0x00, 0x00, 0x58, 0x00, 0xb0, 0x00,
  0x3f, 0x50, 0x7f, 0x27, 0x00, 0x00, 0x00, 0x00, 0x00, 0x00, 0x00, 0x00,
  0xb4, 0xb3, 0x00, 0x00, 0x00, 0x00, 0x00, 0x00, 0x00, 0x34, 0x00, 0x00,
  0x00, 0x00, 0x36, 0x00, 0x00, 0xc7, 0x37, 0x00, 0x00, 0x00, 0x00, 0x32,
  0x00, 0x00, 0xb7, 0x00, 0xbd, 0x00, 0x3f, 0x00, 0x00, 0x00, 0x00, 0x00,
  0x4f, 0x36, 0x00, 0x00, 0x00, 0x00, 0x00, 0x00, 0x00, 0x00, 0x00, 0x00,
  0xce, 0xbe, 0x35, 0xd2, 0x00, 0x00, 0x33, 0x00, 0x00, 0xb9, 0xd6, 0x00,
  0x00, 0x00, 0x3a, 0x00, 0x00, 0x00, 0xca, 0x00, 0x00, 0x00, 0x00, 0x00,
  0x00, 0xc5, 0x00, 0x45, 0xb7, 0x00, 0x36, 0x00, 0x00, 0x00, 0x00, 0x00,
  0x3f, 0x00, 0x2a, 0x00, 0x00, 0x47, 0xb8, 0xc3, 0xa2, 0x00, 0x35, 0x00,
  0x41, 0x00, 0x00, 0x00, 0x3d, 0x00, 0x00, 0x00, 0x00, 0x3b, 0x00, 0x00,
  0x00, 0x00, 0x00, 0x00, 0x00, 0x00, 0x00, 0x00, 0x00, 0x00, 0x00, 0x00,
  0x00, 0x00, 0x00, 0x00, 0x00, 0x00, 0x00, 0x00, 0x00, 0x00, 0x00, 0x00,
  0x00, 0x00, 0x00, 0x00, 0xc7, 0xb7, 0x00, 0x31, 0x00, 0x00, 0x00, 0x00,
  0x00, 0x00, 0x00, 0x00, 0x00, 0xc6, 0x00, 0xce, 0x00, 0x00, 0x00, 0x00,
  0x33, 0x00, 0x00, 0x00, 0x00, 0x00, 0x00, 0x00, 0x00, 0x00, 0x00, 0x00,
  0x00, 0x00, 0x00, 0x3c, 0x00, 0x00, 0xd0, 0x00, 0x27, 0x00, 0x00, 0x00,
  0x00, 0x00, 0x47, 0xcd, 0x00, 0xd0, 0x00, 0x00, 0x41, 0x00, 0x00, 0x00,
  0x00, 0x00, 0x00, 0x00, 0x00, 0x00, 0x00, 0x00, 0x00, 0x00, 0x00, 0x4a,
  0x00, 0x00, 0x00, 0x00, 0x00, 0x00, 0x00, 0x00, 0x00, 0x00, 0x00, 0x00,
  0x00, 0x00, 0x00, 0x00, 0xb0, 0x00, 0xcd, 0x00, 0x00, 0x00, 0x00, 0x00,
  0x00, 0x00, 0x00, 0x00, 0x00, 0x00, 0x00, 0xa8, 0x00, 0x00, 0x00, 0x00,
  0x00, 0x00, 0x00, 0x00, 0x00, 0x00, 0x00, 0x00, 0x00, 0x00, 0x00, 0x00,
  0x00, 0x00, 0x00, 0x00, 0x00, 0x00, 0x00, 0x00, 0x00, 0x00, 0x00, 0x00,
  0x00, 0x00, 0x00, 0x00, 0x00, 0x00, 0x00, 0x38, 0x00, 0x00, 0x00, 0x00,
  0x00, 0x00, 0x00, 0x31, 0x00, 0x00, 0x7a, 0x00, 0x00, 0x00, 0x00, 0x00,
  0x00, 0x00, 0x00, 0x00, 0x00, 0x00, 0x00, 0x00, 0x00, 0x00, 0x00, 0xa5,
  0x00, 0x00, 0x00, 0x00, 0x00, 0x00, 0x00, 0x00, 0x00, 0x00, 0x00, 0x00,
  0x00, 0x00, 0x00, 0x00, 0x00, 0x00, 0x00, 0x00, 0x00, 0x00, 0x00, 0x00,
  0x00, 0x00, 0x00, 0x00, 0x00, 0x00, 0x00, 0x00, 0x00, 0x00, 0x00, 0x2f,
  0x00, 0xc9, 0xc1, 0x00, 0x30, 0x41, 0x30, 0x00, 0x00, 0x39, 0x00, 0x00,
  0xaf, 0x3a, 0x00, 0x00, 0x00, 0x44, 0x00, 0x00, 0x3b, 0x00, 0x46, 0x00,
  0xca, 0x00, 0x00, 0x00, 0x00, 0x00, 0x00, 0x00, 0x00, 0x00, 0x00, 0x00,
  0x00, 0xb9, 0xb3, 0x00, 0x00, 0x00, 0x00, 0xb3, 0x2c, 0x00, 0x00, 0x00,
  0x00, 0x37, 0x00, 0x00, 0x00, 0x00, 0x00, 0x00, 0x00, 0x00, 0x00, 0x46,
  0x00, 0x00, 0x00, 0x00, 0x00, 0x00, 0xba, 0x00, 0x37, 0x00, 0x00, 0x00,
  0x00, 0x00, 0x00, 0x00, 0x00, 0x00, 0x29, 0x00, 0x00, 0x00, 0x00, 0x00,
  0x00, 0x00, 0x00, 0x00, 0x00, 0x00, 0x00, 0x55, 0xc4, 0x00, 0x00, 0x00,
  0x00, 0x00, 0x00, 0x00, 0x00, 0x00, 0x00, 0x00, 0xd2, 0x00, 0x00, 0x00,
  0x9e, 0x00, 0x00, 0x00, 0x00, 0x00, 0x00, 0x00, 0x00, 0x00, 0x00, 0x00,
  0x00, 0x00, 0x00, 0x00, 0x08, 0x5f, 0xff, 0xff, 0xb2, 0x5f, 0xff, 0xff,
  0x04, 0x00, 0x00, 0x00, 0x80, 0x00, 0x00, 0x00, 0x00, 0x03, 0x00, 0x00,
  0xa9, 0xfe, 0xff, 0xff, 0x0d, 0x05, 0x00, 0x00, 0x73, 0xfd, 0xff, 0xff,
  0x08, 0x00, 0x00, 0x00, 0x54, 0xff, 0xff, 0xff, 0x8e, 0xff, 0xff, 0xff,
  0x24, 0x00, 0x00, 0x00, 0x27, 0x01, 0x00, 0x00, 0x61, 0xff, 0xff, 0xff,
  0xd5, 0xfd, 0xff, 0xff, 0xa5, 0x00, 0x00, 0x00, 0xdf, 0xff, 0xff, 0xff,
  0x9d, 0xff, 0xff, 0xff, 0xf8, 0xfd, 0xff, 0xff, 0x84, 0xfe, 0xff, 0xff,
  0x9f, 0x00, 0x00, 0x00, 0xa2, 0xfe, 0xff, 0xff, 0x9f, 0x01, 0x00, 0x00,
  0xd7, 0xff, 0xff, 0xff, 0x55, 0xfe, 0xff, 0xff, 0x33, 0x00, 0x00, 0x00,
  0xda, 0xfd, 0xff, 0xff, 0x33, 0x00, 0x00, 0x00, 0x99, 0x01, 0x00, 0x00,
  0x99, 0xfe, 0xff, 0xff, 0xc5, 0xff, 0xff, 0xff, 0x85, 0x00, 0x00, 0x00,
  0xe6, 0x01, 0x00, 0x00, 0xe4, 0x01, 0x00, 0x00, 0x69, 0xfb, 0xff, 0xff,
  0x03, 0x01, 0x00, 0x00, 0x3e, 0x60, 0xff, 0xff, 0x04, 0x00, 0x00, 0x00,
  0x00, 0x08, 0x00, 0x00, 0x00, 0x00, 0x00, 0xcd, 0x00, 0x00, 0x00, 0x00,
  0x42, 0xd0, 0x00, 0x00, 0x00, 0x00, 0x00, 0x00, 0x00, 0x00, 0x00, 0x00,
  0x00, 0x00, 0x00, 0x00, 0x00, 0x00, 0x00, 0x00, 0x94, 0x00, 0x00, 0x00,
  0x00, 0x00, 0x00, 0x00, 0x00, 0x00, 0x00, 0xcd, 0x00, 0x00, 0x00, 0x00,
  0x00, 0x2e, 0x00, 0x00, 0x00, 0x00, 0x00, 0x00, 0xca, 0x00, 0x00, 0x00,
  0x00, 0x00, 0x00, 0x00, 0x00, 0x00, 0x54, 0x2f, 0x00, 0x00, 0x00, 0xcd,
  0x00, 0x00, 0x00, 0x00, 0x00, 0xd1, 0x00, 0x2f, 0x00, 0x00, 0x00, 0x00,
  0x00, 0x00, 0x00, 0x00, 0x00, 0x00, 0x00, 0x00, 0x00, 0xc9, 0x00, 0x00,
  0x00, 0x1e, 0x00, 0xc8, 0x00, 0x00, 0x00, 0x00, 0xcf, 0x00, 0x3a, 0x00,
  0x00, 0x00, 0x00, 0x00, 0x33, 0x00, 0x33, 0x00, 0x00, 0xc7, 0x00, 0x00,
  0x00, 0xcd, 0xcd, 0xd2, 0x00, 0x00, 0x00, 0x00, 0x00, 0x00, 0x29, 0x00,
  0x00, 0x00, 0x00, 0x00, 0x00, 0x00, 0x00, 0x00, 0x00, 0x00, 0x00, 0x18,
  0x00, 0x00, 0x00, 0x00, 0x00, 0x34, 0x00, 0x00, 0x00, 0xc7, 0x00, 0x00,
  0x00, 0x00, 0x00, 0x00, 0x6a, 0x00, 0x00, 0x36, 0x00, 0x00, 0x00, 0x00,
  0x36, 0xd1, 0x00, 0x00, 0x36, 0x00, 0x00, 0x00, 0x00, 0x00, 0xc7, 0xcc,
  0x00, 0x00, 0x00, 0x00, 0x00, 0xcb, 0x00, 0x35, 0x00, 0x00, 0x00, 0x00,
  0x00, 0x00, 0x00, 0x39, 0x00, 0x00, 0x39, 0x38, 0x00, 0xcc, 0x00, 0x00,
  0x25, 0x00, 0x00, 0x00, 0x00, 0x00, 0x00, 0x00, 0x00, 0xd1, 0x34, 0x00,
  0x00, 0x00, 0x00, 0x00, 0x00, 0x00, 0x00, 0x00, 0x00, 0x00, 0x00, 0x00,
  0x00, 0x00, 0x00, 0x00, 0x00, 0x00, 0x00, 0x37, 0x00, 0x00, 0x00, 0x00,
  0x00, 0x00, 0x00, 0x00, 0x00, 0x00, 0x00, 0x00, 0x00, 0x00, 0x00, 0x00,
  0x00, 0x00, 0x00, 0x30, 0x00, 0x00, 0x00, 0xca, 0x00, 0x00, 0x00, 0xcd,
  0x00, 0x00, 0x00, 0x00, 0x00, 0x00, 0x00, 0xde, 0x00, 0x00, 0xca, 0x37,
  0x00, 0x00, 0x47, 0x00, 0x00, 0x00, 0x00, 0x00, 0x00, 0x00, 0x00, 0x00,
  0x00, 0x00, 0x00, 0x00, 0x00, 0x32, 0x00, 0x00, 0x00, 0x00, 0x00, 0x00,
  0x00, 0x00, 0x00, 0xc5, 0x36, 0x00, 0x30, 0x00, 0xcb, 0x00, 0x00, 0x3a,
  0x00, 0xc9, 0x00, 0x00, 0x00, 0x00, 0x00, 0x00, 0x00, 0x00, 0xd9, 0x00,
  0x00, 0x00, 0x00, 0x00, 0xc9, 0x00, 0x37, 0xc2, 0x00, 0x00, 0x00, 0x00,
  0x00, 0x00, 0x00, 0x00, 0x00, 0x30, 0xb0, 0x00, 0x00, 0xc8, 0x00, 0x00,
  0x00, 0x00, 0x00, 0xd2, 0x00, 0x00, 0x00, 0x00, 0x00, 0x00, 0x00, 0x3c,
  0x00, 0x00, 0x00, 0x00, 0x00, 0x00, 0x00, 0x00, 0x00, 0x00, 0x34, 0x00,
  0x00, 0x00, 0x00, 0x37, 0x39, 0x00, 0x00, 0xd0, 0x00, 0x00, 0x00, 0x00,
  0x00, 0x00, 0xd3, 0xc7, 0x8c, 0x00, 0x00, 0x00, 0x00, 0x30, 0x00, 0x00,
  0x3a, 0x34, 0x00, 0x00, 0x00, 0x00, 0xd2, 0x00, 0x00, 0x00, 0x00, 0x00,
  0x00, 0x00, 0x00, 0x00, 0x00, 0x00, 0xce, 0x00, 0xa6, 0x00, 0x00, 0x00,
  0x00, 0x00, 0x00, 0x00, 0xc9, 0x00, 0x00, 0x00, 0x00, 0x00, 0xc7, 0x00,
  0x00, 0x00, 0x00, 0x00, 0x00, 0x00, 0x00, 0x00, 0x00, 0x00, 0x00, 0x00,
  0xaa, 0x00, 0x00, 0x00, 0x33, 0x00, 0x00, 0x00, 0x00, 0xd1, 0x31, 0x00,
  0x00, 0xc9, 0x00, 0x00, 0x00, 0x00, 0x00, 0x00, 0x3f, 0x00, 0x00, 0x00,
  0x00, 0x00, 0x00, 0x00, 0xce, 0x00, 0x00, 0x39, 0x00, 0x00, 0x00, 0x00,
  0x03, 0x00, 0x00, 0x00, 0x00, 0x00, 0xd1, 0x00, 0x3a, 0x00, 0x00, 0x00,
  0x00, 0x00, 0x3a, 0x00, 0x00, 0x00, 0x35, 0xd0, 0x00, 0x00, 0xc8, 0x00,
  0x00, 0x00, 0x00, 0x3d, 0x00, 0x39, 0x00, 0x00, 0x00, 0x00, 0x00, 0x37,
  0x00, 0x00, 0x00, 0x00, 0x00, 0x3a, 0x00, 0x42, 0x00, 0x00, 0x00, 0x00,
  0x00, 0x00, 0x00, 0x00, 0x00, 0x00, 0x00, 0x00, 0x00, 0x00, 0x00, 0x00,
  0xc6, 0x35, 0x39, 0x00, 0x00, 0x00, 0x00, 0x00, 0x00, 0x00, 0x00, 0x00,
  0x00, 0x00, 0x3b, 0x00, 0x00, 0x33, 0x00, 0x00, 0x00, 0x00, 0x00, 0x00,
  0x00, 0x00, 0x00, 0x00, 0x44, 0x34, 0x00, 0x00, 0x00, 0x00, 0x00, 0xd0,
  0x00, 0x00, 0x00, 0x00, 0x00, 0x00, 0x39, 0x00, 0x00, 0x37, 0x00, 0x00,
  0x00, 0x00, 0x00, 0x00, 0xb8, 0x00, 0xca, 0x34, 0x00, 0xc7, 0x00, 0x00,
  0x00, 0x00, 0x00, 0x00, 0x00, 0x00, 0x36, 0xd1, 0x00, 0x00, 0x00, 0x00,
  0x00, 0x00, 0x00, 0x00, 0x00, 0x00, 0x00, 0xcc, 0x3c, 0x00, 0x30, 0x00,
  0x00, 0x00, 0x00, 0x00, 0x00, 0x38, 0x00, 0x00, 0x00, 0x00, 0x00, 0x00,
  0x00, 0x00, 0x34, 0x36, 0xc3, 0x30, 0x00, 0x00, 0x00, 0x00, 0x00, 0x2e,
  0x00, 0x00, 0x00, 0x2e, 0x00, 0x00, 0x36, 0x00, 0xb6, 0x00, 0x00, 0x00,
  0x00, 0x00, 0x00, 0x00, 0x00, 0x35, 0x00, 0x00, 0x00, 0x00, 0x00, 0x00,
  0x00, 0x00, 0x39, 0x2f, 0x34, 0x00, 0x00, 0x00, 0x00, 0x00, 0x00, 0x00,
  0x00, 0x00, 0x00, 0x00, 0x00, 0x00, 0x37, 0x00, 0xcc, 0x00, 0xcd, 0xc8,
  0x00, 0x2e, 0x3f, 0x00, 0x00, 0x00, 0x00, 0x00, 0x00, 0x00, 0x00, 0x00,
  0xf8, 0x00, 0x00, 0x31, 0x00, 0x00, 0xd1, 0xd2, 0x3e, 0x00, 0x00, 0x00,
  0x00, 0x00, 0x00, 0xd1, 0x00, 0x00, 0x00, 0x00, 0x00, 0x00, 0x00, 0x00,
  0x00, 0x00, 0x00, 0x00, 0x00, 0x00, 0xbb, 0x00, 0xd2, 0x00, 0x00, 0xd1,
  0x00, 0xcc, 0x00, 0x00, 0xcb, 0x00, 0x00, 0x00, 0x31, 0xcb, 0x00, 0x00,
  0x00, 0x00, 0x00, 0x00, 0x00, 0x00, 0x00, 0x00, 0x3f, 0x36, 0x00, 0x00,
  0x00, 0xc7, 0x00, 0x00, 0x00, 0x00, 0x00, 0x00, 0xcb, 0x00, 0x00, 0x00,
  0x00, 0x00, 0x00, 0x00, 0x00, 0x00, 0x00, 0xcd, 0x00, 0xd0, 0x13, 0x00,
  0x00, 0x00, 0x00, 0x00, 0x00, 0x00, 0x00, 0x00, 0x00, 0x00, 0x00, 0xcc,
  0x38, 0x30, 0x00, 0x00, 0x00, 0x00, 0x00, 0xca, 0x00, 0x00, 0x00, 0x00,
  0x00, 0x00, 0xd1, 0x00, 0x39, 0x00, 0x00, 0x00, 0x00, 0x00, 0x00, 0x00,
  0x00, 0x00, 0x2e, 0x31, 0x00, 0x00, 0x00, 0x00, 0x00, 0xca, 0x00, 0x00,
  0xc9, 0x00, 0xc8, 0x00, 0x00, 0x00, 0x00, 0x00, 0x48, 0x00, 0x00, 0xce,
  0x00, 0x00, 0x00, 0x00, 0x00, 0x00, 0x00, 0x00, 0xa6, 0xcf, 0xcb, 0x00,
  0x00, 0x00, 0x00, 0x00, 0xc9, 0xc9, 0x00, 0x00, 0x00, 0xcf, 0x00, 0x33,
  0x00, 0x00, 0x00, 0x00, 0xc8, 0x00, 0x36, 0x00, 0xca, 0x00, 0x00, 0x00,
  0x00, 0x00, 0x00, 0x00, 0x55, 0x00, 0x00, 0x00, 0x00, 0x00, 0x00, 0x38,
  0x00, 0x00, 0x00, 0x00, 0x00, 0x00, 0x00, 0x00, 0x45, 0x00, 0x00, 0x00,
  0x00, 0x00, 0xce, 0x00, 0x33, 0x00, 0x00, 0xcb, 0x00, 0x00, 0x00, 0x00,
  0x3c, 0x00, 0x00, 0x00, 0x00, 0x00, 0x00, 0x00, 0x00, 0xc9, 0x00, 0xc9,
  0x00, 0x00, 0xc7, 0x00, 0x00, 0x00, 0x00, 0x00, 0xcc, 0x00, 0x00, 0x00,
  0x39, 0x00, 0x00, 0x00, 0x00, 0x00, 0x00, 0x00, 0x00, 0x00, 0x00, 0x00,
  0xda, 0xd1, 0x00, 0x38, 0x00, 0x34, 0x00, 0x00, 0xc6, 0x00, 0xc8, 0x00,
  0x00, 0x39, 0x00, 0x00, 0x00, 0x31, 0x00, 0x00, 0xd0, 0x00, 0x9d, 0x00,
  0x00, 0x00, 0x2f, 0x5b, 0x4a, 0xcd, 0x00, 0x00, 0x00, 0x00, 0x00, 0x00,
  0x00, 0x33, 0x00, 0x00, 0x00, 0x00, 0x00, 0x00, 0x2e, 0x36, 0x00, 0x00,
  0x00, 0x00, 0x00, 0x00, 0x00, 0xc6, 0x00, 0x00, 0x50, 0x31, 0x00, 0xd2,
  0x00, 0xc6, 0x00, 0x00, 0x00, 0x00, 0x00, 0xcd, 0x00, 0x00, 0xc9, 0x00,
  0x00, 0x00, 0x00, 0x00, 0x1f, 0x00, 0x00, 0xb2, 0x00, 0x00, 0x00, 0x00,
  0x00, 0x00, 0x00, 0x00, 0xc7, 0x00, 0x37, 0x00, 0x00, 0x32, 0x33, 0x00,
  0x00, 0x00, 0x00, 0x00, 0x00, 0x00, 0x00, 0x00, 0x00, 0x34, 0x00, 0x00,
  0x00, 0x00, 0x00, 0x32, 0x00, 0x00, 0x00, 0x00, 0x00, 0x00, 0x00, 0x00,
  0x00, 0x2f, 0x00, 0x00, 0x00, 0x00, 0x00, 0x38, 0x00, 0x00, 0x00, 0x00,
  0x00, 0x00, 0x00, 0x00, 0x31, 0xcc, 0x00, 0x29, 0x00, 0x00, 0x00, 0x00,
  0x00, 0x00, 0xc5, 0xc5, 0x00, 0x00, 0x00, 0x00, 0x00, 0x00, 0x00, 0x13,
  0x00, 0x00, 0x00, 0x00, 0x00, 0x00, 0x00, 0x00, 0x00, 0x00, 0x00, 0x00,
  0xcc, 0x00, 0x00, 0x35, 0x00, 0xd2, 0x00, 0x00, 0x00, 0x00, 0x00, 0xd0,
  0x00, 0x00, 0x00, 0x00, 0x00, 0x00, 0x00, 0x00, 0x31, 0x00, 0x00, 0x00,
  0xb4, 0x00, 0x00, 0x00, 0x95, 0x00, 0x00, 0x3a, 0x00, 0x00, 0x00, 0x00,
  0x00, 0x00, 0x00, 0x00, 0x00, 0x00, 0x00, 0x00, 0x00, 0x00, 0x00, 0x00,
  0x00, 0x00, 0xca, 0xcf, 0x00, 0xcd, 0x00, 0x00, 0x00, 0x00, 0x41, 0x00,
  0xd1, 0x00, 0x00, 0x00, 0xcd, 0x34, 0x00, 0x00, 0x00, 0xcb, 0x00, 0x00,
  0x00, 0x00, 0x00, 0x00, 0x00, 0x00, 0x00, 0x34, 0x00, 0x2f, 0x00, 0x00,
  0x00, 0x00, 0x00, 0x00, 0x00, 0xcc, 0x00, 0x00, 0x00, 0x00, 0x00, 0xcb,
  0x00, 0x34, 0x00, 0x00, 0x00, 0x00, 0x39, 0x00, 0x00, 0x00, 0x00, 0x34,
  0x00, 0x00, 0x00, 0xd1, 0x00, 0x00, 0x00, 0x2f, 0x00, 0x00, 0xcf, 0x00,
  0x00, 0x00, 0x00, 0x00, 0x00, 0x00, 0xcf, 0x38, 0x00, 0x00, 0x00, 0x00,
  0x00, 0x00, 0xcf, 0x00, 0x00, 0x00, 0x00, 0x00, 0x00, 0x00, 0xc7, 0x00,
  0x00, 0x00, 0x00, 0x00, 0x00, 0xd2, 0x00, 0x00, 0x00, 0x00, 0x00, 0x00,
  0x50, 0x00, 0x00, 0x00, 0xc7, 0x00, 0x35, 0x00, 0x00, 0x31, 0x00, 0x00,
  0x53, 0x00, 0x00, 0x35, 0x00, 0x00, 0xb0, 0x00, 0x00, 0xd1, 0x00, 0x00,
  0x00, 0x00, 0x00, 0x00, 0x00, 0xc3, 0x00, 0x00, 0x2f, 0x00, 0x00, 0x00,
  0x00, 0x34, 0x30, 0x00, 0x00, 0xcb, 0x00, 0x00, 0x32, 0x00, 0x00, 0x00,
  0x00, 0xca, 0x34, 0x3a, 0x00, 0x00, 0x00, 0x00, 0x00, 0x00, 0x00, 0x00,
  0x00, 0x00, 0x00, 0x00, 0x76, 0x3a, 0xd1, 0x00, 0x00, 0x00, 0x00, 0x00,
  0x00, 0x00, 0x00, 0x00, 0x00, 0x00, 0xca, 0x00, 0xd0, 0x00, 0x00, 0x00,
  0x00, 0x00, 0x00, 0x00, 0x00, 0x3b, 0x00, 0x00, 0x00, 0xae, 0x00, 0x00,
  0x00, 0x00, 0x39, 0x00, 0x00, 0x00, 0x00, 0x32, 0x00, 0x00, 0x00, 0x00,
  0x00, 0x2f, 0x00, 0x00, 0x00, 0x00, 0x00, 0x36, 0x00, 0x00, 0x00, 0x00,
  0x00, 0x00, 0x00, 0x00, 0x00, 0x00, 0x00, 0x00, 0x00, 0x00, 0x00, 0x00,
  0x00, 0x00, 0x00, 0x00, 0x43, 0x31, 0x00, 0x00, 0x00, 0x00, 0x00, 0x00,
  0x36, 0x00, 0x00, 0xc5, 0x00, 0x00, 0x00, 0xd4, 0xb3, 0x2e, 0x00, 0x00,
  0x00, 0x00, 0x00, 0x00, 0x00, 0x00, 0x36, 0x00, 0x39, 0x00, 0x00, 0x00,
  0x00, 0x00, 0x38, 0x00, 0x00, 0x00, 0x30, 0xca, 0x00, 0x2f, 0x00, 0x00,
  0x00, 0x00, 0x38, 0x00, 0x00, 0x00, 0x00, 0x00, 0x00, 0x00, 0x00, 0x00,
  0xc3, 0x00, 0x00, 0xd2, 0x00, 0x00, 0xcf, 0x00, 0x00, 0x00, 0xd2, 0x00,
  0x00, 0x00, 0x00, 0x30, 0x00, 0xce, 0x00, 0x00, 0x00, 0x00, 0x00, 0x00,
  0xcc, 0x00, 0x00, 0x00, 0x00, 0x00, 0x00, 0x00, 0x2f, 0x00, 0x00, 0x00,
  0x00, 0xcf, 0x00, 0x00, 0x00, 0x00, 0x00, 0x00, 0x00, 0x00, 0x00, 0x00,
  0x00, 0x00, 0x00, 0x00, 0x00, 0x00, 0x00, 0x00, 0x48, 0x00, 0xc7, 0x00,
  0x00, 0x39, 0x00, 0x00, 0x00, 0x00, 0x00, 0x00, 0x00, 0x00, 0x00, 0xc0,
  0x00, 0x00, 0x00, 0x00, 0x00, 0x00, 0x00, 0x00, 0x00, 0x00, 0x00, 0x00,
  0x00, 0x00, 0x00, 0xb2, 0x00, 0xc9, 0x00, 0x00, 0x00, 0x00, 0x00, 0x00,
  0x35, 0x35, 0x00, 0x00, 0x00, 0x00, 0x36, 0x00, 0x00, 0xc6, 0xd1, 0xca,
  0x00, 0x00, 0xc6, 0x00, 0x00, 0x00, 0x00, 0x00, 0x00, 0x00, 0x00, 0x00,
  0x00, 0x00, 0x00, 0x00, 0xc0, 0x32, 0x00, 0xc9, 0x00, 0x00, 0x00, 0x00,
  0x31, 0x00, 0x00, 0x00, 0x00, 0x00, 0x00, 0x00, 0x00, 0x00, 0x00, 0x00,
  0x00, 0x00, 0x00, 0x00, 0x00, 0x00, 0x00, 0xbc, 0x00, 0x00, 0x3c, 0xc2,
  0x32, 0x00, 0xbe, 0x00, 0xc8, 0x00, 0x00, 0x00, 0x00, 0x00, 0x00, 0x00,
  0x00, 0x00, 0xd0, 0x00, 0x37, 0x00, 0x00, 0x00, 0x00, 0x00, 0x00, 0xce,
  0xa1, 0x34, 0x00, 0x00, 0x00, 0x00, 0x00, 0xc8, 0x00, 0x33, 0x00, 0x00,
  0x00, 0x00, 0xcb, 0xd1, 0x00, 0x00, 0x00, 0x00, 0x00, 0x00, 0x00, 0x00,
  0x00, 0x00, 0x00, 0x00, 0x00, 0x00, 0x00, 0x00, 0xca, 0x33, 0x00, 0x00,
  0x00, 0x00, 0x00, 0x00, 0x4f, 0x00, 0x81, 0x00, 0x00, 0x00, 0x00, 0x00,
  0x00, 0xce, 0x00, 0x30, 0x34, 0x00, 0x00, 0x00, 0x00, 0x2f, 0x00, 0x00,
  0x00, 0x30, 0xce, 0x32, 0x00, 0x00, 0x00, 0x00, 0x00, 0x00, 0x00, 0xcb,
  0x00, 0x00, 0x00, 0x00, 0x00, 0xcc, 0x00, 0x00, 0x00, 0x00, 0x00, 0x00,
  0x00, 0x00, 0xc3, 0x00, 0x00, 0x00, 0x00, 0x36, 0x00, 0x00, 0x00, 0x2e,
  0x00, 0x00, 0x00, 0x00, 0x00, 0x00, 0x00, 0x00, 0x00, 0x00, 0x32, 0x34,
  0x00, 0x35, 0x00, 0x00, 0x00, 0x00, 0xd2, 0x00, 0x00, 0x00, 0x00, 0xcc,
  0x00, 0x00, 0x00, 0x00, 0x00, 0x00, 0x00, 0x00, 0x00, 0x00, 0x33, 0x00,
  0x40, 0x00, 0x00, 0x00, 0x00, 0x00, 0x00, 0x32, 0x00, 0x00, 0xc8, 0x00,
  0x00, 0x00, 0x00, 0xc3, 0x00, 0x00, 0x00, 0x00, 0xcd, 0x00, 0x00, 0x00,
  0x34, 0x00, 0x00, 0x00, 0x00, 0x00, 0x00, 0xab, 0x41, 0x00, 0x00, 0x00,
  0xc5, 0x50, 0x00, 0x00, 0xca, 0x00, 0x00, 0x00, 0x39, 0x00, 0x00, 0x00,
  0x00, 0x00, 0x00, 0x00, 0x00, 0x00, 0x00, 0x00, 0x00, 0x00, 0x00, 0x00,
  0x00, 0x00, 0x00, 0xcc, 0x00, 0x00, 0x00, 0x00, 0x00, 0x00, 0x00, 0x00,
  0x00, 0x00, 0x33, 0x00, 0x00, 0x00, 0x37, 0x00, 0x3f, 0x34, 0x00, 0x00,
  0x00, 0x00, 0x00, 0xcf, 0x00, 0x00, 0x00, 0x37, 0x00, 0x00, 0x00, 0xb0,
  0x00, 0x00, 0x00, 0x00, 0x61, 0x00, 0x00, 0x00, 0x00, 0x00, 0x00, 0x4d,
  0x00, 0x00, 0x00, 0x00, 0xc8, 0x00, 0x00, 0x00, 0x00, 0x00, 0x00, 0x00,
  0x00, 0x00, 0x39, 0x00, 0x00, 0x00, 0x00, 0x00, 0x00, 0x00, 0x00, 0x00,
  0x00, 0x00, 0x00, 0x33, 0xb7, 0x00, 0x00, 0x00, 0x00, 0x00, 0x00, 0x00,
  0x00, 0xc9, 0x79, 0x00, 0x00, 0xd1, 0x00, 0x00, 0x00, 0x00, 0x00, 0x00,
  0x00, 0x00, 0x3a, 0x8a, 0x00, 0x00, 0x00, 0x00, 0xfe, 0x00, 0x00, 0x00,
  0x00, 0xce, 0x00, 0x00, 0x00, 0x00, 0x00, 0x00, 0x00, 0x00, 0x00, 0x00,
  0x31, 0x00, 0x00, 0x2f, 0x00, 0x00, 0x00, 0x00, 0x00, 0x00, 0x9e, 0x00,
  0x00, 0x00, 0x00, 0x36, 0x00, 0x00, 0x83, 0x00, 0x00, 0x00, 0x2f, 0x00,
  0xc8, 0x00, 0x00, 0x00, 0x00, 0x00, 0x00, 0x00, 0x00, 0x00, 0x00, 0x00,
  0x00, 0x00, 0x55, 0x34, 0x00, 0x00, 0xc6, 0x00, 0x00, 0x00, 0x00, 0x00,
  0x4a, 0x00, 0x00, 0x00, 0x00, 0xc7, 0x00, 0x00, 0x00, 0x00, 0x00, 0x2f,
  0x00, 0x00, 0x00, 0x2f, 0x00, 0x00, 0xcc, 0x32, 0x00, 0x00, 0x00, 0x00,
  0x00, 0x00, 0x00, 0x00, 0x00, 0x00, 0x00, 0x00, 0x00, 0x00, 0x00, 0xce,
  0xa4, 0x67, 0xff, 0xff, 0x4e, 0x68, 0xff, 0xff, 0x04, 0x00, 0x00, 0x00,
  0x00, 0x01, 0x00, 0x00, 0xa6, 0x00, 0x00, 0x00, 0x06, 0xee, 0xff, 0xff,
  0xca, 0xfd, 0xff, 0xff, 0x50, 0xff, 0xff, 0xff, 0x92, 0xfc, 0xff, 0xff,
  0xff, 0xfd, 0xff, 0xff, 0x10, 0xfe, 0xff, 0xff, 0x86, 0xf3, 0xff, 0xff,
  0x5e, 0xf9, 0xff, 0xff, 0xa2, 0xfd, 0xff, 0xff, 0xe4, 0xfd, 0xff, 0xff,
  0x39, 0x07, 0x00, 0x00, 0x30, 0x15, 0x00, 0x00, 0x62, 0xfd, 0xff, 0xff,
  0x48, 0xfe, 0xff, 0xff, 0xfd, 0xfd, 0xff, 0xff, 0xe7, 0xfb, 0xff, 0xff,
  0x00, 0x00, 0x00, 0x00, 0x75, 0x10, 0x00, 0x00, 0xbc, 0xfd, 0xff, 0xff,
  0x18, 0xff, 0xff, 0xff, 0xd1, 0xfd, 0xff, 0xff, 0xcf, 0xfd, 0xff, 0xff,
  0x15, 0xee, 0xff, 0xff, 0x21, 0x02, 0x00, 0x00, 0x51, 0xfe, 0xff, 0xff,
  0x60, 0xfb, 0xff, 0xff, 0xe6, 0xf9, 0xff, 0xff, 0xf4, 0x16, 0x00, 0x00,
  0xb3, 0x00, 0x00, 0x00, 0xc0, 0xfe, 0xff, 0xff, 0x8e, 0xfd, 0xff, 0xff,
  0xa8, 0xfc, 0xff, 0xff, 0x59, 0xfe, 0xff, 0xff, 0x1e, 0xfe, 0xff, 0xff,
  0xa0, 0x0f, 0x00, 0x00, 0xdd, 0xfd, 0xff, 0xff, 0x5c, 0xfe, 0xff, 0xff,
  0x00, 0xfe, 0xff, 0xff, 0x22, 0xfd, 0xff, 0xff, 0xcc, 0xfd, 0xff, 0xff,
  0x00, 0xfe, 0xff, 0xff, 0x03, 0xfd, 0xff, 0xff, 0xf4, 0xfd, 0xff, 0xff,
  0x9c, 0xfe, 0xff, 0xff, 0xdb, 0xfd, 0xff, 0xff, 0x2c, 0xfd, 0xff, 0xff,
  0xe7, 0xfd, 0xff, 0xff, 0x6f, 0xfd, 0xff, 0xff, 0xf8, 0xfd, 0xff, 0xff,
  0xf5, 0xfd, 0xff, 0xff, 0x79, 0xfe, 0xff, 0xff, 0x42, 0xfa, 0xff, 0xff,
  0x40, 0xfe, 0xff, 0xff, 0x97, 0xfd, 0xff, 0xff, 0xc9, 0xfe, 0xff, 0xff,
  0x20, 0x01, 0x00, 0x00, 0x00, 0x00, 0x00, 0x00, 0x60, 0xfb, 0xff, 0xff,
  0x9b, 0xfe, 0xff, 0xff, 0xdc, 0x07, 0x00, 0x00, 0x7b, 0xfd, 0xff, 0xff,
  0x13, 0x0f, 0x00, 0x00, 0xf3, 0xfd, 0xff, 0xff, 0x5a, 0x69, 0xff, 0xff,
  0x04, 0x00, 0x00, 0x00, 0x00, 0x96, 0x00, 0x00, 0x00, 0x00, 0x00, 0x00,
  0x00, 0x00, 0x00, 0x00, 0x00, 0x00, 0x00, 0x00, 0x00, 0x00, 0x00, 0x00,
  0x00, 0x00, 0x00, 0x00, 0x01, 0x00, 0x00, 0xc5, 0x00, 0x00, 0x00, 0xf0,
  0xfe, 0xca, 0x00, 0x00, 0x00, 0x00, 0x00, 0x00, 0x00, 0x00, 0x00, 0x2d,
  0x00, 0xc6, 0x00, 0x00, 0x00, 0x29, 0x00, 0x00, 0x00, 0x00, 0x00, 0x00,
  0x01, 0xb4, 0x00, 0x00, 0x00, 0x00, 0x00, 0xed, 0x00, 0x00, 0x00, 0x00,
  0x00, 0xe3, 0x00, 0x00, 0x00, 0x00, 0x00, 0x00, 0x00, 0x00, 0x00, 0x00,
  0x00, 0xe4, 0x00, 0x00, 0x00, 0x00, 0x14, 0x00, 0x00, 0x00, 0x00, 0x00,
  0x13, 0x00, 0x00, 0x00, 0x00, 0x00, 0x00, 0xdc, 0x00, 0x00, 0x00, 0x00,
  0x1d, 0xdd, 0x00, 0x00, 0x00, 0xe0, 0x00, 0xdf, 0x00, 0x00, 0x00, 0x00,
  0x00, 0x00, 0x00, 0x00, 0x33, 0x00, 0x00, 0x00, 0x00, 0x00, 0x3e, 0x00,
  0x00, 0x00, 0x00, 0x00, 0x31, 0x00, 0x00, 0x00, 0x00, 0x00, 0x2c, 0x00,
  0x00, 0xb2, 0x00, 0x00, 0x1c, 0x00, 0x18, 0x00, 0xf1, 0x00, 0x19, 0xd4,
  0x00, 0x00, 0x00, 0x00, 0x15, 0x00, 0x00, 0x00, 0x00, 0x00, 0x00, 0x00,
  0x00, 0x00, 0x00, 0x00, 0x00, 0x00, 0x00, 0x00, 0x00, 0x00, 0x00, 0x00,
  0x00, 0x00, 0x00, 0x00, 0x00, 0x00, 0x09, 0x00, 0x00, 0x00, 0x00, 0x00,
  0x05, 0x00, 0x00, 0x00, 0x00, 0x00, 0x00, 0x00, 0x00, 0x00, 0x00, 0x00,
  0xfd, 0x00, 0x00, 0x00, 0x00, 0x00, 0xf6, 0x00, 0x00, 0x00, 0x00, 0x00,
  0xec, 0x00, 0x00, 0x00, 0x00, 0x00, 0xee, 0x00, 0x00, 0x00, 0x00, 0x00,
  0xda, 0x00, 0x00, 0x00, 0x00, 0x00, 0xfa, 0x30, 0x00, 0x00, 0x00, 0x00,
  0xec, 0x00, 0x00, 0x00, 0x0c, 0x00, 0x00, 0x00, 0x00, 0x00, 0x00, 0x00,
  0xe3, 0x00, 0x00, 0x00, 0x00, 0x00, 0xec, 0x00, 0x00, 0xd4, 0x00, 0x21,
  0x00, 0x00, 0x00, 0x00, 0x00, 0x00, 0xd7, 0x00, 0x00, 0x00, 0x00, 0x31,
  0x00, 0x00, 0x00, 0x00, 0x00, 0x00, 0xd7, 0x00, 0x00, 0x00, 0x00, 0x24,
  0xed, 0x00, 0x00, 0x00, 0x1d, 0x00, 0x00, 0x00, 0x00, 0x00, 0x00, 0x00,
  0xe7, 0x00, 0x00, 0x00, 0x17, 0x1f, 0x00, 0x00, 0x00, 0x00, 0x00, 0x00,
  0xdd, 0x00, 0x00, 0x00, 0x00, 0xdf, 0xe5, 0x00, 0x00, 0x00, 0x00, 0x00,
  0x00, 0x00, 0x00, 0x00, 0x00, 0x00, 0x00, 0x00, 0x00, 0x00, 0x32, 0x00,
  0x00, 0xdb, 0x00, 0x00, 0x46, 0x00, 0x00, 0x00, 0x00, 0x00, 0x45, 0x00,
  0x00, 0xbd, 0x00, 0x00, 0x4a, 0x00, 0x00, 0xac, 0x00, 0x00, 0x36, 0x00,
  0x00, 0xa6, 0x00, 0x00, 0x3b, 0x00, 0x00, 0xcf, 0x00, 0x00, 0x36, 0x00,
  0x3b, 0xc5, 0x00, 0x00, 0x36, 0x00, 0x00, 0xc2, 0x00, 0x00, 0x00, 0x00,
  0x00, 0xc3, 0x00, 0x00, 0x28, 0x00, 0x00, 0x8e, 0x00, 0x00, 0x27, 0x00,
  0x00, 0xb9, 0x00, 0x00, 0x00, 0xde, 0x00, 0xb3, 0x00, 0x00, 0x00, 0xd8,
  0x00, 0x8d, 0x00, 0x00, 0x00, 0x00, 0x0d, 0x00, 0x00, 0x00, 0x00, 0x00,
  0x00, 0x00, 0x00, 0x00, 0xe7, 0x00, 0x0e, 0x00, 0x00, 0x00, 0xe7, 0xe2,
  0x00, 0x00, 0x00, 0x00, 0xdf, 0x00, 0x00, 0x00, 0x00, 0x00, 0x00, 0x00,
  0x00, 0x00, 0x00, 0x00, 0x00, 0x00, 0x0d, 0x00, 0x00, 0x00, 0x00, 0x00,
  0x00, 0x00, 0x00, 0x00, 0x00, 0x00, 0x00, 0x00, 0x00, 0x00, 0x00, 0x00,
  0x00, 0x00, 0x00, 0x00, 0x00, 0x00, 0xf9, 0xb8, 0x00, 0x00, 0x00, 0x00,
  0xe4, 0x00, 0x00, 0x00, 0x00, 0x00, 0x00, 0x00, 0x00, 0x00, 0x00, 0x00,
  0xdb, 0xb8, 0x00, 0x00, 0x00, 0xea, 0x00, 0xce, 0x00, 0x00, 0x00, 0x00,
  0x00, 0x00, 0x00, 0x00, 0x00, 0x1c, 0x00, 0x00, 0x00, 0x00, 0x00, 0x19,
  0xd5, 0x00, 0x00, 0x00, 0x00, 0xde, 0xec, 0x00, 0x00, 0x00, 0x00, 0xdf,
  0x00, 0x00, 0x00, 0x00, 0x00, 0x00, 0xe8, 0x00, 0x00, 0x00, 0x00, 0x00,
  0xe4, 0x00, 0x00, 0x00, 0x00, 0x00, 0x00, 0x26, 0x00, 0x00, 0x00, 0x00,
  0xf2, 0x00, 0x00, 0x00, 0x00, 0x00, 0x00, 0x00, 0x00, 0x00, 0x35, 0xd0,
  0xea, 0x00, 0x00, 0x00, 0x00, 0x00, 0x00, 0x00, 0x00, 0x00, 0x26, 0xd4,
  0x00, 0x1b, 0x00, 0x00, 0x00, 0x00, 0x00, 0x00, 0x00, 0x00, 0x20, 0x00,
  0x00, 0x00, 0x00, 0x00, 0x2e, 0x00, 0x00, 0x00, 0x00, 0x00, 0x26, 0x00,
  0x00, 0x00, 0x00, 0x00, 0x23, 0xe3, 0xfb, 0xe0, 0x00, 0x00, 0x00, 0xdf,
  0x00, 0x00, 0x00, 0x00, 0x00, 0x00, 0x00, 0x00, 0x00, 0x00, 0x00, 0xd7,
  0x00, 0x00, 0x00, 0x00, 0x00, 0x00, 0x00, 0x00, 0x00, 0x00, 0x00, 0x00,
  0x1c, 0x00, 0x00, 0x00, 0x00, 0x00, 0x00, 0x00, 0x00, 0x00, 0x00, 0x00,
  0x00, 0x00, 0x00, 0x00, 0x00, 0xdc, 0x00, 0x00, 0x00, 0x00, 0x00, 0x00,
  0x00, 0xd4, 0x00, 0x00, 0x00, 0x00, 0x00, 0x00, 0x00, 0x00, 0x00, 0x00,
  0x00, 0x00, 0x00, 0x00, 0x00, 0xda, 0x00, 0x00, 0x00, 0xde, 0x00, 0x00,
  0x1f, 0x00, 0x00, 0xdc, 0x00, 0x00, 0x00, 0x00, 0x00, 0x00, 0xd3, 0x00,
  0x00, 0x00, 0x00, 0x00, 0xd5, 0x00, 0x00, 0x00, 0x00, 0x00, 0xdb, 0x00,
  0x00, 0x00, 0x00, 0x00, 0xd8, 0x00, 0x00, 0x00, 0x00, 0x00, 0x00, 0xd4,
  0xda, 0x00, 0x00, 0x00, 0x00, 0x00, 0x00, 0x23, 0x00, 0x00, 0x00, 0x00,
  0x00, 0x00, 0x00, 0x00, 0x00, 0x00, 0xdd, 0x00, 0x00, 0x00, 0x00, 0x00,
  0x00, 0x1a, 0x00, 0x00, 0x00, 0x00, 0x00, 0x21, 0x00, 0x00, 0x00, 0x00,
  0x00, 0x1c, 0x00, 0x00, 0x00, 0x00, 0x00, 0x1f, 0x00, 0x00, 0x00, 0x00,
  0xd6, 0x00, 0x00, 0x00, 0x00, 0x00, 0x00, 0x20, 0x00, 0x00, 0x00, 0x00,
  0x00, 0x1d, 0x00, 0x00, 0x00, 0x00, 0xd7, 0x20, 0x00, 0x00, 0x00, 0x00,
  0x00, 0x22, 0x00, 0x00, 0x00, 0xd9, 0xd4, 0x00, 0x00, 0x00, 0x00, 0x00,
  0x00, 0x29, 0x00, 0x00, 0x00, 0x00, 0x00, 0x00, 0x00, 0x00, 0x00, 0x00,
  0x00, 0x00, 0x00, 0xdb, 0x00, 0x00, 0x00, 0x1b, 0x00, 0xd8, 0x00, 0xda,
  0x00, 0x00, 0x00, 0xd3, 0x00, 0xde, 0x00, 0x00, 0x00, 0xda, 0x25, 0x00,
  0x00, 0x00, 0x00, 0xdc, 0x33, 0xda, 0x00, 0x00, 0x00, 0x00, 0x23, 0x00,
  0x00, 0x00, 0x00, 0x00, 0x00, 0x00, 0x00, 0x00, 0x00, 0x00, 0x00, 0x00,
  0x00, 0xd9, 0x00, 0x00, 0x00, 0x00, 0x00, 0x00, 0x00, 0x00, 0x00, 0xdd,
  0x00, 0x00, 0x00, 0x00, 0x00, 0x00, 0xdd, 0x00, 0x00, 0xd5, 0x00, 0xdb,
  0x00, 0x00, 0x00, 0xd5, 0x00, 0x00, 0x00, 0x00, 0x00, 0xd5, 0x00, 0x00,
  0x00, 0x00, 0x00, 0xd7, 0x00, 0xd8, 0x00, 0x00, 0x00, 0xde, 0x00, 0x00,
  0x00, 0x00, 0x00, 0xda, 0x00, 0xdc, 0x00, 0x00, 0x00, 0x00, 0x00, 0x00,
  0x00, 0x00, 0x00, 0x00, 0x00, 0x00, 0x00, 0x00, 0x00, 0x00, 0x00, 0x00,
  0x00, 0x00, 0x00, 0x00, 0x00, 0x00, 0x00, 0x00, 0x00, 0x00, 0x00, 0xcf,
  0x00, 0x00, 0x00, 0x00, 0x00, 0x00, 0x00, 0x00, 0x00, 0x00, 0x00, 0xc8,
  0x00, 0x00, 0x00, 0xdd, 0x00, 0xda, 0x00, 0x00, 0x00, 0xdc, 0x00, 0x00,
  0x00, 0x00, 0x00, 0x00, 0x00, 0x00, 0x00, 0x00, 0x00, 0x00, 0x00, 0x00,
  0x00, 0x00, 0x00, 0x00, 0x00, 0x00, 0x00, 0x1a, 0x00, 0xce, 0x00, 0xd9,
  0x00, 0x00, 0x00, 0xda, 0x00, 0x00, 0x00, 0x21, 0x00, 0xda, 0x00, 0x00,
  0x00, 0x1d, 0x00, 0x00, 0x00, 0xd1, 0x00, 0x1c, 0x00, 0x00, 0x00, 0xd4,
  0x00, 0x00, 0x00, 0x00, 0xd9, 0x00, 0x00, 0x00, 0x00, 0x00, 0x00, 0xde,
  0x00, 0x00, 0x00, 0xdd, 0x00, 0xc9, 0xdb, 0x00, 0x00, 0xce, 0x00, 0xe0,
  0x00, 0x21, 0x00, 0xd7, 0x00, 0xc3, 0x00, 0x00, 0x00, 0xdd, 0x1e, 0x00,
  0x00, 0x00, 0x00, 0xdc, 0x20, 0xdf, 0x00, 0x00, 0x00, 0x00, 0x00, 0x00,
  0x00, 0x00, 0x00, 0x00, 0x00, 0xdc, 0x00, 0x00, 0x00, 0x00, 0x00, 0xcf,
  0x00, 0xd2, 0x00, 0x00, 0x00, 0x00, 0x00, 0x00, 0x00, 0x00, 0x00, 0x00,
  0x00, 0x00, 0x00, 0x00, 0x00, 0x00, 0x00, 0x00, 0x00, 0x00, 0x00, 0xd1,
  0xdc, 0x00, 0x00, 0xd1, 0x00, 0xcd, 0x00, 0x00, 0x00, 0xcb, 0x00, 0x00,
  0xd6, 0xd7, 0x00, 0xde, 0x00, 0x00, 0x00, 0x00, 0x00, 0x00, 0x00, 0x00,
  0x00, 0x00, 0x00, 0x00, 0xdb, 0x00, 0xdb, 0x00, 0x00, 0x00, 0xdc, 0x00,
  0x00, 0x00, 0x00, 0x00, 0xd8, 0xdf, 0x00, 0x00, 0x00, 0x00, 0x00, 0x00,
  0x00, 0x00, 0x00, 0x00, 0x00, 0xc9, 0x00, 0x00, 0x00, 0x00, 0x00, 0x00,
  0x00, 0x00, 0x00, 0x00, 0x00, 0x00, 0x00, 0x00, 0x00, 0x00, 0x00, 0x00,
  0x00, 0x00, 0x00, 0x00, 0x00, 0xd1, 0x00, 0x00, 0x00, 0x00, 0x00, 0x00,
  0x00, 0x00, 0x00, 0x00, 0x00, 0x00, 0xd9, 0x00, 0x00, 0x00, 0x00, 0xd4,
  0x00, 0x00, 0x00, 0x00, 0x00, 0x00, 0xde, 0x00, 0xe6, 0x00, 0x00, 0x00,
  0x00, 0xde, 0x00, 0x00, 0x00, 0x00, 0xe3, 0x00, 0x00, 0x00, 0x00, 0xe3,
  0x00, 0xdf, 0xe3, 0x00, 0x00, 0x00, 0x00, 0x00, 0x00, 0x1c, 0x00, 0xe0,
  0x00, 0x00, 0x00, 0x00, 0x00, 0x00, 0xe3, 0x1b, 0x1c, 0x1d, 0x00, 0x00,
  0x00, 0x00, 0x00, 0x00, 0x00, 0x00, 0x00, 0xe5, 0x1a, 0x00, 0x00, 0x00,
  0x00, 0x1a, 0x00, 0x00, 0xe4, 0x00, 0x00, 0xe4, 0x00, 0x00, 0x00, 0x00,
  0x00, 0x1d, 0x00, 0x00, 0x00, 0x00, 0x00, 0x00, 0x00, 0x00, 0x00, 0x00,
  0x00, 0x00, 0x00, 0x00, 0x1b, 0x00, 0xe6, 0x00, 0x00, 0xe1, 0xe5, 0x00,
  0xe3, 0x00, 0x00, 0x00, 0x00, 0x00, 0x00, 0x00, 0x00, 0x00, 0x00, 0xde,
  0xe4, 0xe2, 0x00, 0x00, 0x1d, 0x00, 0xe1, 0x00, 0x00, 0x00, 0x00, 0x00,
  0x00, 0x00, 0x00, 0x00, 0x00, 0x00, 0x00, 0x00, 0x00, 0x00, 0x00, 0x00,
  0x00, 0x00, 0x00, 0x00, 0x1d, 0x00, 0xe0, 0x00, 0x00, 0x00, 0xdf, 0x00,
  0x00, 0xe4, 0x00, 0x00, 0x00, 0x00, 0xe1, 0x00, 0x00, 0xe3, 0x00, 0x00,
  0x1c, 0x00, 0x00, 0x1a, 0x00, 0x00, 0x00, 0x00, 0x00, 0xe4, 0x1c, 0xe4,
  0x00, 0x00, 0x00, 0x00, 0x00, 0x00, 0x1e, 0x00, 0x00, 0xe0, 0x00, 0x00,
  0x00, 0x00, 0x00, 0x00, 0xe1, 0x00, 0x00, 0x00, 0xe0, 0x1b, 0x1a, 0x00,
  0x1d, 0xde, 0x00, 0x00, 0x00, 0x00, 0x00, 0x00, 0x00, 0x00, 0x00, 0x00,
  0x00, 0x00, 0x00, 0x00, 0xe3, 0x00, 0x00, 0x00, 0x00, 0xe0, 0x00, 0x00,
  0x00, 0x00, 0x00, 0x00, 0x00, 0x00, 0x00, 0x00, 0x00, 0xe3, 0x1a, 0x00,
  0x00, 0x00, 0xe4, 0x00, 0x00, 0x00, 0xe3, 0x00, 0x00, 0x00, 0x00, 0x00,
  0x00, 0x00, 0xe4, 0x00, 0x00, 0x00, 0x00, 0x00, 0x00, 0x00, 0x00, 0x00,
  0x00, 0x00, 0x00, 0x00, 0x00, 0x00, 0xde, 0x00, 0x00, 0xe1, 0x00, 0x00,
  0x00, 0x00, 0xe4, 0xe6, 0x00, 0xe5, 0x00, 0x00, 0x00, 0x00, 0x00, 0x00,
  0xe3, 0x00, 0x00, 0x00, 0x00, 0x00, 0x00, 0xe2, 0x00, 0x00, 0x00, 0x00,
  0x00, 0x00, 0x00, 0x00, 0x00, 0x00, 0x00, 0x00, 0x00, 0x00, 0x1c, 0x00,
  0x00, 0x00, 0xe0, 0x00, 0x00, 0x00, 0x00, 0x00, 0x00, 0x00, 0xdf, 0x00,
  0x00, 0xe4, 0x00, 0x00, 0xe0, 0xde, 0x00, 0xe4, 0x00, 0x00, 0x00, 0x00,
  0xe4, 0x00, 0x00, 0x00, 0xe3, 0xe1, 0x00, 0x00, 0x00, 0x00, 0x00, 0xe4,
  0x00, 0xe1, 0x00, 0x00, 0x00, 0x00, 0x00, 0x00, 0xdf, 0x00, 0x00, 0x00,
  0x1a, 0x00, 0xe5, 0xe1, 0x1a, 0x00, 0x00, 0x00, 0xe2, 0x00, 0x1e, 0x00,
  0x00, 0xe2, 0x00, 0x00, 0x00, 0x00, 0x00, 0x00, 0x00, 0x00, 0x00, 0x00,
  0x00, 0x00, 0x00, 0x00, 0x00, 0x00, 0xe3, 0x00, 0x00, 0x1b, 0xe3, 0x00,
  0x00, 0x1d, 0x00, 0x00, 0xe2, 0x00, 0x00, 0x00, 0x00, 0x00, 0x00, 0xe3,
  0x00, 0x1b, 0x00, 0x00, 0x00, 0x00, 0x00, 0xe4, 0x00, 0x1c, 0x00, 0x00,
  0xe0, 0xe6, 0x00, 0x00, 0x00, 0x00, 0x00, 0x00, 0x1a, 0x00, 0x00, 0x00,
  0x00, 0x00, 0xe1, 0x00, 0xe2, 0x00, 0x00, 0x00, 0x00, 0x00, 0x00, 0xde,
  0x00, 0xe4, 0x00, 0x00, 0x00, 0x00, 0x00, 0x00, 0x00, 0x00, 0x00, 0xe5,
  0xe0, 0xe5, 0x00, 0x00, 0x00, 0x00, 0x00, 0x00, 0x1a, 0x00, 0xe5, 0x00,
  0x00, 0x1c, 0x00, 0x00, 0xdf, 0x00, 0x00, 0x00, 0x00, 0x00, 0x00, 0x00,
  0x00, 0x00, 0x00, 0x1b, 0x00, 0x00, 0x00, 0x00, 0x00, 0x00, 0x00, 0x00,
  0x00, 0x00, 0x00, 0xdf, 0x00, 0xdf, 0xe3, 0x00, 0x00, 0xdf, 0x00, 0x00,
  0x00, 0x00, 0x00, 0x00, 0x00, 0x00, 0xe2, 0x1b, 0x00, 0x00, 0x00, 0x00,
  0x00, 0x00, 0x00, 0xe5, 0x00, 0x00, 0x00, 0x00, 0x00, 0xe2, 0x00, 0x00,
  0x00, 0x1c, 0x00, 0xe0, 0x00, 0x1c, 0x00, 0xe4, 0x00, 0x00, 0x00, 0xe1,
  0x00, 0x1b, 0x00, 0x00, 0x00, 0x00, 0x00, 0x00, 0x00, 0xe1, 0xe6, 0x1c,
  0x00, 0x00, 0x00, 0x1d, 0x00, 0x00, 0x00, 0xdf, 0xe0, 0x00, 0x00, 0x00,
  0xe4, 0x00, 0x00, 0x1b, 0x00, 0x00, 0x00, 0x00, 0x00, 0x00, 0x00, 0x00,
  0xe2, 0xe0, 0x00, 0x1a, 0x00, 0x00, 0x00, 0x1d, 0x00, 0x1e, 0xe1, 0x00,
  0x00, 0x00, 0xe6, 0x00, 0x00, 0xdf, 0x00, 0x00, 0x00, 0x00, 0x00, 0x1a,
  0x00, 0x00, 0x00, 0x00, 0xe0, 0x00, 0x00, 0x00, 0x00, 0x1c, 0x00, 0x00,
  0x00, 0x00, 0x00, 0x00, 0x00, 0x00, 0x00, 0xde, 0x00, 0x00, 0xe1, 0x00,
  0x00, 0x00, 0x00, 0x00, 0x00, 0x1e, 0x00, 0xe1, 0xe5, 0x00, 0x00, 0x00,
  0xe0, 0x00, 0x00, 0x00, 0x00, 0x00, 0xe4, 0x00, 0x00, 0xe2, 0x00, 0x00,
  0x00, 0x00, 0x00, 0x00, 0x1c, 0x00, 0x00, 0x00, 0x00, 0x00, 0x00, 0x00,
  0x00, 0x00, 0x00, 0x00, 0x00, 0x00, 0xe6, 0x00, 0x00, 0x00, 0x00, 0x00,
  0x00, 0x00, 0xe1, 0x00, 0x1d, 0x1e, 0x00, 0x00, 0x00, 0x00, 0x00, 0x00,
  0x00, 0x00, 0x00, 0x00, 0x00, 0x00, 0x00, 0x00, 0x00, 0x00, 0x00, 0x00,
  0x00, 0x00, 0x00, 0x00, 0x00, 0x00, 0x00, 0x00, 0xe0, 0x1d, 0x00, 0x00,
  0x1f, 0x00, 0x00, 0xe4, 0x00, 0x00, 0x1d, 0x1b, 0x00, 0x00, 0x00, 0x00,
  0x00, 0x00, 0x00, 0x00, 0x00, 0x00, 0x00, 0x00, 0x00, 0x00, 0x00, 0xe5,
  0x00, 0x00, 0x1b, 0x1d, 0x1d, 0xe2, 0x00, 0x00, 0x00, 0x1c, 0xe1, 0x00,
  0x00, 0x00, 0xe6, 0x00, 0x00, 0x00, 0xe3, 0x00, 0x00, 0x00, 0x00, 0x00,
  0x00, 0x00, 0x00, 0x1e, 0x00, 0x00, 0x00, 0x00, 0x00, 0x00, 0x00, 0x00,
  0xe5, 0x00, 0x00, 0x00, 0xe1, 0x00, 0xe0, 0x00, 0x1a, 0x00, 0x00, 0x1f,
  0x00, 0xe3, 0x00, 0x00, 0x00, 0x00, 0x00, 0x00, 0x00, 0x00, 0x00, 0x00,
  0x00, 0x00, 0x00, 0x00, 0x00, 0xe1, 0x00, 0x00, 0x00, 0x00, 0xe0, 0x00,
  0x1c, 0x00, 0x00, 0x00, 0x00, 0x00, 0x00, 0x00, 0xe0, 0x00, 0x00, 0xe0,
  0x00, 0x00, 0x1e, 0x00, 0x00, 0x00, 0x1b, 0x00, 0xe5, 0x00, 0x1e, 0x00,
  0x00, 0x00, 0x00, 0x00, 0x00, 0x00, 0x00, 0xe4, 0x00, 0x00, 0xe0, 0x00,
  0xe2, 0x00, 0x00, 0x00, 0xe3, 0x00, 0x00, 0x00, 0x00, 0x00, 0x1a, 0x00,
  0x00, 0x00, 0xdf, 0x00, 0x00, 0x00, 0x00, 0x00, 0x00, 0x00, 0x00, 0x00,
  0x00, 0x00, 0xe1, 0x00, 0x1e, 0x00, 0xe4, 0x00, 0x00, 0x00, 0x00, 0x00,
  0x00, 0x1a, 0x00, 0x00, 0x00, 0x00, 0x00, 0x00, 0x1a, 0x00, 0x00, 0x00,
  0x00, 0x00, 0x00, 0x00, 0xe0, 0x00, 0x00, 0x00, 0xe6, 0x1b, 0x00, 0x00,
  0x00, 0x00, 0xe4, 0x1b, 0x00, 0x00, 0x00, 0x1d, 0x00, 0xe1, 0x00, 0x00,
  0x00, 0x00, 0x00, 0x00, 0xe2, 0x1a, 0x00, 0x00, 0x00, 0x00, 0x00, 0xe6,
  0x00, 0xe2, 0x00, 0x00, 0x00, 0x00, 0x1a, 0x1d, 0x00, 0x00, 0x00, 0x1f,
  0xe3, 0x00, 0x00, 0x00, 0x00, 0x00, 0x00, 0x00, 0xe0, 0x00, 0xe1, 0x00,
  0x00, 0x00, 0x00, 0xe1, 0x00, 0x00, 0x00, 0x00, 0xe5, 0x00, 0x00, 0x00,
  0x1e, 0x00, 0x00, 0x00, 0xe2, 0x00, 0x00, 0x00, 0x00, 0x00, 0x1b, 0x00,
  0x00, 0x00, 0x1e, 0x1f, 0x00, 0x00, 0x00, 0x00, 0x00, 0x00, 0xe1, 0x00,
  0x00, 0x00, 0x00, 0x00, 0x00, 0x00, 0x00, 0x00, 0x00, 0x00, 0x00, 0x00,
  0x00, 0x00, 0x00, 0x00, 0x00, 0x00, 0x00, 0x00, 0x00, 0x00, 0x00, 0x00,
  0xe4, 0x00, 0x00, 0x00, 0xe6, 0x00, 0x00, 0x1b, 0x00, 0x00, 0xe5, 0x00,
  0x00, 0x00, 0x00, 0xe6, 0x00, 0xe1, 0x00, 0x00, 0x00, 0x1d, 0x00, 0x00,
  0x00, 0x00, 0x00, 0x00, 0x00, 0x00, 0x00, 0x00, 0x00, 0x1b, 0x1e, 0x00,
  0x1a, 0x00, 0x00, 0x00, 0x00, 0x1a, 0x00, 0x00, 0x1b, 0x00, 0x00, 0x00,
  0xe1, 0x00, 0x00, 0x00, 0x20, 0x00, 0x00, 0xe1, 0x00, 0x00, 0x00, 0x00,
  0xe3, 0x00, 0x00, 0x00, 0x00, 0x00, 0x00, 0x00, 0xe6, 0x00, 0x00, 0xe6,
  0x00, 0x00, 0x1c, 0x00, 0x00, 0xe2, 0x00, 0x00, 0xe0, 0x00, 0x00, 0x00,
  0x00, 0x00, 0x00, 0x00, 0x00, 0x00, 0x00, 0x00, 0x00, 0x00, 0x00, 0xe2,
  0x1b, 0x00, 0x00, 0x00, 0x00, 0x00, 0x00, 0x00, 0x00, 0x00, 0x00, 0x00,
  0x00, 0x00, 0x00, 0x00, 0x00, 0x00, 0x00, 0x00, 0x00, 0x00, 0xe5, 0xe3,
  0x00, 0x00, 0x00, 0x00, 0x00, 0x00, 0x00, 0x00, 0x00, 0x00, 0x00, 0x00,
  0x00, 0xe2, 0x00, 0x00, 0x00, 0x00, 0xe0, 0x00, 0x00, 0x00, 0x00, 0x00,
  0x00, 0x1f, 0x00, 0xe0, 0x00, 0x00, 0x00, 0x00, 0x00, 0x00, 0x00, 0x00,
  0x00, 0x00, 0x00, 0x00, 0x00, 0x1a, 0x1d, 0x00, 0x00, 0x00, 0x00, 0x00,
  0xe4, 0x00, 0x00, 0x00, 0x00, 0x00, 0x00, 0x00, 0x00, 0x00, 0x1d, 0x00,
  0x1b, 0x1a, 0xe2, 0x20, 0x00, 0x1a, 0x00, 0x00, 0x00, 0x00, 0x1e, 0x00,
  0xe5, 0x00, 0x00, 0x00, 0x00, 0x00, 0x1c, 0x00, 0xe5, 0x00, 0x00, 0xe3,
  0x00, 0x00, 0x1c, 0x00, 0x00, 0xe1, 0x1f, 0x00, 0x00, 0x00, 0x1c, 0x00,
  0xdf, 0x00, 0x00, 0x00, 0x00, 0x00, 0x00, 0x00, 0x1d, 0x00, 0x00, 0x1a,
  0x1c, 0x00, 0x00, 0x00, 0x00, 0x1a, 0x00, 0x00, 0x00, 0x00, 0x00, 0xe6,
  0x00, 0x00, 0x00, 0x00, 0x00, 0x00, 0x00, 0x00, 0x00, 0x00, 0x00, 0x1d,
  0x00, 0x00, 0x00, 0x00, 0x00, 0x00, 0x00, 0x1d, 0x00, 0x00, 0xe2, 0x00,
  0x00, 0xde, 0x00, 0xe2, 0x00, 0x00, 0x00, 0x00, 0x00, 0x00, 0x00, 0x1c,
  0x00, 0x00, 0x00, 0x00, 0xe5, 0x00, 0x00, 0x00, 0x00, 0xdf, 0x00, 0xe4,
  0x00, 0x00, 0xe5, 0x00, 0x00, 0x00, 0x00, 0x00, 0x00, 0x00, 0x00, 0x00,
  0x00, 0x1e, 0x00, 0x00, 0x00, 0x00, 0x00, 0x00, 0x00, 0x00, 0x00, 0xdf,
  0xe3, 0xe3, 0x00, 0x00, 0x00, 0xdf, 0x00, 0x00, 0x00, 0x00, 0xe5, 0x00,
  0x1e, 0x00, 0x00, 0xe2, 0x00, 0x00, 0x00, 0x00, 0x00, 0x00, 0x00, 0x00,
  0x00, 0x1d, 0x00, 0x00, 0x00, 0xe5, 0x00, 0xdf, 0x00, 0x00, 0x00, 0x00,
  0x00, 0x00, 0x00, 0xe5, 0x00, 0x1d, 0x1d, 0x00, 0x00, 0x00, 0x00, 0xe2,
  0x00, 0x00, 0x00, 0x00, 0x00, 0x00, 0x00, 0x1e, 0x00, 0x00, 0x00, 0x00,
  0x1e, 0x00, 0x00, 0xe6, 0x00, 0x00, 0x00, 0x00, 0x00, 0x00, 0xe1, 0xe3,
  0x00, 0x00, 0x00, 0x00, 0x00, 0x00, 0x00, 0xe0, 0x00, 0x00, 0x00, 0x00,
  0x00, 0x00, 0x00, 0x00, 0x00, 0x00, 0x00, 0xdf, 0x00, 0x00, 0x00, 0x00,
  0xe1, 0x00, 0xe3, 0xdf, 0xe1, 0x00, 0x00, 0x00, 0x00, 0x1d, 0x00, 0x00,
  0x00, 0x1b, 0x00, 0x1d, 0x00, 0x00, 0x00, 0x00, 0x1b, 0x00, 0x00, 0x00,
  0x00, 0x00, 0x00, 0x00, 0x1b, 0x00, 0x00, 0xe2, 0x00, 0x00, 0x1a, 0x1c,
  0xdf, 0x00, 0x1c, 0x00, 0x00, 0x00, 0x00, 0x00, 0x00, 0x00, 0x1b, 0x00,
  0x1a, 0x00, 0xe0, 0x00, 0x00, 0x00, 0x00, 0x00, 0x00, 0x00, 0x00, 0x00,
  0x00, 0x1a, 0x00, 0x1d, 0x00, 0x00, 0x00, 0x00, 0x00, 0x00, 0x00, 0xe5,
  0x00, 0xe0, 0x00, 0x00, 0x00, 0x00, 0x00, 0x00, 0x00, 0xe5, 0x00, 0x1d,
  0x00, 0x00, 0x00, 0xe4, 0x00, 0x00, 0xe2, 0xdf, 0x00, 0x00, 0x00, 0x00,
  0x00, 0x00, 0xe3, 0x00, 0x00, 0x00, 0xe4, 0x00, 0x00, 0x00, 0x00, 0x00,
  0x00, 0x00, 0xe2, 0xe3, 0xe6, 0x00, 0x00, 0x00, 0x00, 0x00, 0xdd, 0x00,
  0x00, 0x00, 0xe1, 0x00, 0x00, 0xdf, 0x00, 0x00, 0x00, 0x00, 0xdd, 0x00,
  0x00, 0x00, 0x00, 0x00, 0x00, 0xe3, 0x00, 0x00, 0x1b, 0xe5, 0x00, 0x00,
  0x00, 0x00, 0x00, 0x00, 0x00, 0x00, 0x00, 0x00, 0x00, 0x1a, 0x00, 0xe0,
  0xe2, 0x00, 0x00, 0x00, 0x00, 0x00, 0x00, 0x1d, 0x00, 0x00, 0x00, 0x00,
  0x00, 0x00, 0x00, 0xe6, 0x00, 0x00, 0x00, 0xe3, 0x00, 0x00, 0xe1, 0x00,
  0xe4, 0x00, 0x00, 0x00, 0x00, 0x00, 0xe1, 0x00, 0x00, 0x00, 0x00, 0x1d,
  0x00, 0xe5, 0x00, 0x00, 0x00, 0x00, 0x00, 0xdf, 0x00, 0x00, 0x00, 0x00,
  0x00, 0x00, 0x00, 0x00, 0x00, 0x00, 0x00, 0x00, 0x00, 0x00, 0x00, 0x00,
  0x1c, 0x00, 0x00, 0x00, 0x00, 0x00, 0x00, 0x00, 0x00, 0x00, 0xe5, 0xe0,
  0x00, 0x00, 0x00, 0x00, 0xe6, 0x00, 0xdf, 0x00, 0x00, 0x00, 0x00, 0xe5,
  0xe4, 0x00, 0x00, 0x00, 0xe4, 0x1c, 0x00, 0x00, 0x00, 0x00, 0x00, 0x00,
  0xe1, 0x00, 0x00, 0x00, 0xe3, 0x00, 0x00, 0x00, 0xdd, 0x00, 0x00, 0x00,
  0x00, 0x00, 0x00, 0x00, 0x00, 0x00, 0x00, 0x00, 0x00, 0x00, 0x00, 0x00,
  0x00, 0x00, 0xdf, 0x00, 0x00, 0x1c, 0x00, 0x00, 0x00, 0x00, 0x00, 0xe3,
  0x00, 0x00, 0x00, 0x00, 0x1d, 0x00, 0x00, 0xe0, 0x00, 0x00, 0x00, 0x00,
  0xe3, 0x00, 0x00, 0xdf, 0x00, 0x00, 0x00, 0x00, 0x00, 0x00, 0x00, 0x00,
  0x1c, 0x00, 0x00, 0x00, 0x00, 0x00, 0x00, 0x00, 0x00, 0x00, 0x1b, 0xe2,
  0x00, 0x00, 0xe6, 0x00, 0x1a, 0x00, 0x00, 0xe3, 0xdf, 0x00, 0x00, 0x00,
  0x00, 0xe2, 0x00, 0x00, 0x00, 0x00, 0x00, 0x00, 0x00, 0x00, 0x00, 0x00,
  0x00, 0x00, 0x00, 0x00, 0x00, 0x00, 0x00, 0x00, 0x00, 0x00, 0x00, 0x00,
  0x00, 0x1e, 0x00, 0x00, 0x00, 0x00, 0x00, 0x00, 0xe1, 0x00, 0x00, 0x00,
  0xe0, 0x00, 0xe1, 0x00, 0x00, 0x00, 0x00, 0x00, 0x00, 0xe2, 0x00, 0x00,
  0x00, 0xe6, 0xdd, 0x00, 0x00, 0xde, 0x00, 0x00, 0x00, 0x00, 0x00, 0x1b,
  0x00, 0x00, 0x00, 0x00, 0x1c, 0x00, 0x00, 0x00, 0xe3, 0x1a, 0x00, 0x00,
  0xe5, 0x00, 0x00, 0x00, 0x00, 0x00, 0x00, 0x00, 0x00, 0x00, 0x00, 0x00,
  0xe5, 0x00, 0x00, 0x00, 0x00, 0x00, 0xe1, 0x00, 0x00, 0x00, 0x00, 0x00,
  0x00, 0xe6, 0x00, 0x00, 0x00, 0x00, 0x1f, 0x00, 0x00, 0x00, 0x1c, 0x00,
  0x00, 0x1c, 0xe0, 0x00, 0x00, 0xe2, 0x00, 0x00, 0x00, 0x00, 0x00, 0xe4,
  0x00, 0x00, 0x00, 0x00, 0x00, 0xe2, 0x00, 0xe2, 0x1d, 0x00, 0xe3, 0x00,
  0x00, 0x00, 0x00, 0x1f, 0x00, 0x00, 0x00, 0x1b, 0x00, 0x00, 0x00, 0x00,
  0x00, 0x00, 0x00, 0x00, 0x1b, 0x00, 0x00, 0x1f, 0x00, 0x00, 0x00, 0x00,
  0x00, 0x00, 0xe4, 0x00, 0x00, 0x00, 0x1c, 0x00, 0x00, 0xe0, 0x00, 0x00,
  0x00, 0x00, 0x00, 0x00, 0x00, 0x00, 0x00, 0xe0, 0xe3, 0x00, 0x00, 0x00,
  0x00, 0x00, 0xe2, 0x00, 0x00, 0x00, 0x00, 0x00, 0x00, 0xe2, 0x00, 0x00,
  0x00, 0x00, 0x00, 0x00, 0x00, 0x00, 0x00, 0x00, 0x00, 0x00, 0x00, 0x00,
  0x1c, 0x00, 0x00, 0x00, 0xe5, 0x00, 0x00, 0xe6, 0x00, 0x00, 0xdf, 0x00,
  0x00, 0xe6, 0x00, 0x00, 0x00, 0x00, 0x00, 0xe2, 0x00, 0xe2, 0x00, 0x00,
  0x1e, 0x00, 0x00, 0x00, 0x00, 0x00, 0x00, 0x00, 0x00, 0x00, 0x00, 0x00,
  0x00, 0x00, 0x00, 0xdf, 0x00, 0x00, 0x00, 0x00, 0x00, 0x00, 0x00, 0x1c,
  0x00, 0x1a, 0x00, 0x1a, 0x00, 0x00, 0x00, 0x00, 0x1f, 0x1b, 0x00, 0x00,
  0x00, 0x00, 0x00, 0x00, 0xe6, 0xe0, 0x00, 0x00, 0x00, 0x00, 0x00, 0x00,
  0x00, 0xe3, 0x1b, 0xe2, 0x00, 0x00, 0x1e, 0x00, 0x00, 0x00, 0x00, 0x00,
  0x00, 0x00, 0x00, 0x00, 0x00, 0x00, 0x1e, 0x00, 0x00, 0x00, 0x00, 0x00,
  0x00, 0x00, 0xe3, 0x00, 0x00, 0x00, 0x00, 0x00, 0x00, 0x00, 0x00, 0x00,
  0x00, 0x00, 0xe1, 0x00, 0x00, 0x00, 0x00, 0xdf, 0x00, 0x00, 0x00, 0x00,
  0x00, 0x1a, 0x00, 0x00, 0x00, 0x00, 0x00, 0xdf, 0x00, 0x00, 0x00, 0x00,
  0x00, 0x00, 0x00, 0x00, 0x00, 0x00, 0x00, 0x00, 0x00, 0x00, 0x00, 0x00,
  0x00, 0x00, 0x00, 0x00, 0x00, 0x00, 0x00, 0xe7, 0x00, 0x00, 0x1b, 0x00,
  0x00, 0x1f, 0x00, 0x00, 0x1c, 0x1b, 0x00, 0x00, 0x00, 0x00, 0xe3, 0x00,
  0x00, 0x00, 0x00, 0x1b, 0x00, 0x00, 0xe2, 0x00, 0x00, 0x00, 0x00, 0x00,
  0x00, 0x00, 0x00, 0x00, 0x00, 0x00, 0x00, 0x00, 0x00, 0xe5, 0x1d, 0x00,
  0x00, 0x00, 0x00, 0x00, 0x1a, 0x00, 0x00, 0x1e, 0x00, 0x00, 0x00, 0x00,
  0x00, 0x00, 0x00, 0x00, 0x00, 0x00, 0x00, 0x1b, 0x00, 0x00, 0x00, 0x00,
  0x00, 0x00, 0xe4, 0x00, 0x00, 0x00, 0x00, 0xdf, 0x00, 0x00, 0x00, 0x00,
  0x00, 0x00, 0x00, 0x00, 0xe0, 0x00, 0x00, 0x00, 0x00, 0x00, 0x00, 0x00,
  0x1e, 0x00, 0x00, 0x1e, 0x00, 0x00, 0xe0, 0x00, 0x00, 0x00, 0xe4, 0x00,
  0x00, 0x00, 0x00, 0x00, 0x00, 0x00, 0x00, 0x1b, 0x00, 0x00, 0x00, 0x00,
  0xe3, 0x1a, 0x00, 0x00, 0xe6, 0x00, 0x00, 0x00, 0xe2, 0xdf, 0x00, 0x1d,
  0x00, 0x00, 0x1d, 0x00, 0x00, 0x1a, 0x1d, 0x00, 0xe1, 0x00, 0x00, 0x00,
  0x00, 0x00, 0x00, 0x00, 0x00, 0x00, 0x00, 0xe4, 0xde, 0xe1, 0xe1, 0x00,
  0x00, 0x00, 0x00, 0xe1, 0xe4, 0x00, 0x00, 0x00, 0xe4, 0x00, 0x00, 0x00,
  0x00, 0x00, 0x00, 0x1d, 0x00, 0x00, 0x00, 0x00, 0x00, 0x00, 0x00, 0x00,
  0x00, 0xdf, 0xe0, 0x00, 0xe6, 0x00, 0x00, 0x00, 0x00, 0x00, 0x00, 0x00,
  0x00, 0x00, 0x00, 0x1f, 0x00, 0x00, 0x1b, 0x00, 0x00, 0x00, 0x00, 0x00,
  0x00, 0x00, 0x00, 0x1e, 0x00, 0xe4, 0xe4, 0x00, 0xe6, 0x00, 0x00, 0x00,
  0x00, 0x00, 0x00, 0x00, 0x1d, 0x00, 0x1e, 0x00, 0x00, 0x1d, 0x00, 0x00,
  0x00, 0x00, 0x00, 0x00, 0x00, 0x00, 0x00, 0x00, 0x00, 0x00, 0x00, 0xe0,
  0x00, 0x00, 0x00, 0x00, 0x00, 0xe0, 0x00, 0x00, 0x00, 0x00, 0x00, 0x00,
  0x1e, 0x1f, 0x00, 0x00, 0x00, 0xe2, 0x00, 0x00, 0x00, 0x00, 0x1d, 0x00,
  0x1e, 0x00, 0x1d, 0x00, 0x00, 0xe0, 0x00, 0x00, 0x00, 0x00, 0x00, 0x1a,
  0xe6, 0x00, 0xe4, 0x00, 0x00, 0x00, 0xe0, 0x00, 0x00, 0x00, 0x00, 0x00,
  0x00, 0x00, 0x00, 0x00, 0x00, 0x00, 0x00, 0x00, 0xde, 0x00, 0x00, 0x00,
  0x00, 0x00, 0x00, 0x1f, 0xe1, 0x00, 0x00, 0xe4, 0x00, 0x00, 0x00, 0x00,
  0x00, 0xe4, 0x00, 0x00, 0x00, 0x00, 0x00, 0x1d, 0x00, 0x00, 0x00, 0x00,
  0x00, 0x00, 0x00, 0x00, 0xdf, 0xe2, 0x00, 0x00, 0x00, 0x00, 0x00, 0x00,
  0xdf, 0x00, 0x00, 0x00, 0x00, 0xe0, 0x00, 0x00, 0x00, 0xe4, 0x00, 0x00,
  0x00, 0xe5, 0x00, 0xe3, 0xe6, 0x1d, 0xe3, 0x00, 0x00, 0x00, 0x00, 0x00,
  0x00, 0x00, 0x00, 0x00, 0x00, 0x00, 0xdf, 0x00, 0x00, 0x00, 0xe6, 0x1c,
  0x00, 0x00, 0xe2, 0x00, 0x00, 0x00, 0x00, 0x00, 0x00, 0x00, 0x00, 0x00,
  0x00, 0xe3, 0x1b, 0x00, 0x00, 0x00, 0x00, 0x00, 0x00, 0x00, 0x00, 0x00,
  0x00, 0x00, 0xde, 0x00, 0x00, 0x00, 0x00, 0x1c, 0x00, 0x00, 0x00, 0x00,
  0x00, 0x00, 0x00, 0x00, 0x1d, 0xe3, 0xde, 0x00, 0x00, 0x00, 0x00, 0x00,
  0x00, 0x00, 0x00, 0x00, 0x00, 0x00, 0x00, 0x00, 0x00, 0x1e, 0xe4, 0x00,
  0x00, 0x00, 0x1b, 0x00, 0x00, 0x00, 0xe1, 0x00, 0x00, 0x00, 0xe0, 0xe7,
  0x00, 0x00, 0x00, 0x00, 0x1c, 0x00, 0x00, 0x00, 0xe1, 0xe1, 0x00, 0x00,
  0x1b, 0x00, 0x00, 0xe5, 0x00, 0x00, 0x00, 0x00, 0x00, 0x1c, 0x1d, 0x00,
  0x00, 0x00, 0x00, 0x1b, 0x00, 0xe0, 0x00, 0x00, 0x00, 0x00, 0x00, 0x00,
  0x00, 0x00, 0x00, 0xe2, 0x00, 0x00, 0x00, 0x00, 0x00, 0x00, 0x00, 0x00,
  0x00, 0x00, 0x00, 0x00, 0xe6, 0x1e, 0x00, 0x00, 0x00, 0x00, 0x00, 0x00,
  0x00, 0x00, 0x00, 0xe2, 0x00, 0x00, 0x00, 0x00, 0xe6, 0xe6, 0x00, 0x00,
  0xe5, 0x00, 0x00, 0x00, 0xe5, 0x1a, 0x00, 0x00, 0x00, 0x00, 0x00, 0x00,
  0x1c, 0x00, 0x00, 0x00, 0x00, 0x00, 0x00, 0xdf, 0x00, 0x00, 0xe4, 0x00,
  0x00, 0x00, 0x00, 0x00, 0x00, 0x00, 0x00, 0x00, 0x1e, 0x00, 0x1b, 0x00,
  0x00, 0x00, 0x00, 0x00, 0x00, 0x00, 0x00, 0x00, 0x00, 0x00, 0x00, 0x00,
  0x00, 0x00, 0x00, 0x00, 0x00, 0x00, 0xdf, 0x1a, 0x00, 0x00, 0x00, 0x00,
  0x1d, 0xe0, 0x00, 0x00, 0x00, 0x00, 0x00, 0x00, 0x00, 0x00, 0x00, 0xe0,
  0x00, 0x00, 0x1d, 0x00, 0x00, 0x00, 0x00, 0x00, 0x1d, 0x00, 0x00, 0x1b,
  0x00, 0xdf, 0x00, 0x00, 0x1c, 0x00, 0x00, 0x00, 0x00, 0x00, 0x00, 0xe3,
  0x00, 0x00, 0x00, 0x00, 0x00, 0x00, 0x00, 0x00, 0x00, 0xe0, 0x00, 0x00,
  0x00, 0xe6, 0x1c, 0x00, 0x00, 0x00, 0x00, 0x00, 0x00, 0x00, 0x00, 0x00,
  0x00, 0x00, 0x00, 0xe0, 0x1d, 0x00, 0x00, 0x00, 0x00, 0xe2, 0x00, 0x00,
  0x00, 0x00, 0x1b, 0x00, 0x00, 0x00, 0x00, 0x00, 0x00, 0x00, 0x00, 0x00,
  0x00, 0x00, 0x00, 0x00, 0x00, 0x00, 0x00, 0x00, 0x1a, 0xde, 0x00, 0x00,
  0xe2, 0x1d, 0xe6, 0x00, 0x00, 0x00, 0x00, 0x00, 0xe1, 0x00, 0x00, 0xe0,
  0x00, 0x00, 0x00, 0x00, 0x00, 0x00, 0x00, 0xdf, 0x00, 0xe1, 0xe4, 0x00,
  0x1c, 0x00, 0x00, 0x00, 0x00, 0x00, 0x00, 0x00, 0x00, 0x00, 0x00, 0x00,
  0x00, 0x00, 0x00, 0x00, 0x00, 0x00, 0x00, 0x00, 0x00, 0xe0, 0x00, 0x00,
  0x00, 0x00, 0x00, 0xdf, 0x00, 0x00, 0xde, 0x00, 0x00, 0x00, 0xe3, 0x00,
  0x00, 0x00, 0x1b, 0x00, 0x00, 0x00, 0x00, 0x1d, 0xe6, 0xe2, 0x00, 0x00,
  0x00, 0x1d, 0x00, 0xe0, 0x00, 0x00, 0x00, 0x00, 0xdf, 0xe0, 0x1b, 0x00,
  0x00, 0x00, 0x00, 0x00, 0x00, 0x00, 0x00, 0x1a, 0x00, 0x00, 0x00, 0x00,
  0x00, 0x00, 0x00, 0x00, 0xe2, 0xe3, 0x00, 0x00, 0x00, 0x00, 0x00, 0x00,
  0x00, 0xe4, 0xe0, 0x00, 0x00, 0x00, 0x00, 0x00, 0x00, 0x00, 0x00, 0x00,
  0x00, 0x00, 0x00, 0x00, 0xe5, 0x00, 0xe5, 0x00, 0xdf, 0x1c, 0x00, 0xe2,
  0xde, 0x00, 0x00, 0xe0, 0x00, 0x00, 0x00, 0x00, 0x00, 0x00, 0x00, 0x00,
  0x00, 0xe4, 0x1c, 0x00, 0x00, 0x00, 0x00, 0x00, 0x00, 0x1d, 0xe1, 0x00,
  0x00, 0x00, 0x00, 0xe2, 0x00, 0x00, 0x00, 0xe2, 0x00, 0x00, 0x00, 0x00,
  0xdf, 0x00, 0x00, 0x00, 0x00, 0x1d, 0x00, 0x00, 0x00, 0x00, 0x00, 0x00,
  0x00, 0x1a, 0xe4, 0x00, 0xe6, 0xe3, 0x00, 0x00, 0x00, 0x00, 0x00, 0xe3,
  0x00, 0x1a, 0x1b, 0x00, 0x00, 0x00, 0x00, 0x00, 0x00, 0xdf, 0x00, 0x00,
  0x00, 0x00, 0x00, 0x00, 0x00, 0x00, 0x00, 0xe1, 0xdf, 0x00, 0x00, 0x00,
  0x00, 0x00, 0x00, 0x00, 0x00, 0x00, 0x00, 0x00, 0x1b, 0x00, 0x00, 0xe3,
  0x00, 0x00, 0x00, 0x00, 0x00, 0x00, 0xe1, 0x00, 0x1a, 0x00, 0x00, 0x00,
  0x00, 0x00, 0x00, 0x00, 0x00, 0x00, 0x1a, 0x00, 0x00, 0x00, 0x00, 0x00,
  0x00, 0x00, 0x00, 0x00, 0x00, 0x00, 0x3f, 0x00, 0x1e, 0x00, 0x00, 0x00,
  0x00, 0x00, 0x00, 0x00, 0x00, 0x00, 0x00, 0x00, 0x00, 0x00, 0x00, 0x00,
  0x00, 0x00, 0x00, 0x0a, 0x00, 0x25, 0x3f, 0x3b, 0x1a, 0x00, 0x25, 0x00,
  0x00, 0x00, 0x00, 0x13, 0x00, 0x00, 0x00, 0x00, 0x00, 0x00, 0x00, 0x00,
  0x00, 0x35, 0x00, 0x00, 0x1d, 0x00, 0x00, 0x00, 0x00, 0x00, 0x00, 0x00,
  0x00, 0x33, 0x00, 0x00, 0xec, 0x00, 0x42, 0x00, 0x00, 0x16, 0x23, 0x00,
  0x00, 0x00, 0x00, 0x00, 0x00, 0x00, 0x49, 0x00, 0x00, 0x00, 0x27, 0x00,
  0x00, 0x00, 0x00, 0x00, 0x1b, 0x00, 0x00, 0x00, 0x00, 0x00, 0x00, 0x16,
  0x00, 0x34, 0x00, 0x00, 0x00, 0x00, 0x00, 0x00, 0x00, 0x00, 0x00, 0x00,
  0x00, 0x00, 0x00, 0x0e, 0x00, 0x00, 0x40, 0x00, 0x1f, 0x10, 0x00, 0x00,
  0x00, 0x00, 0x00, 0x00, 0x00, 0x00, 0x00, 0x00, 0x00, 0x00, 0xe2, 0x19,
  0x00, 0x00, 0x00, 0x00, 0x00, 0x00, 0x00, 0x00, 0x00, 0x00, 0x00, 0x00,
  0x34, 0x00, 0x00, 0x00, 0x00, 0x00, 0x00, 0x00, 0x00, 0x00, 0x00, 0x00,
  0x00, 0x00, 0x00, 0x00, 0x00, 0x00, 0x00, 0x00, 0x00, 0x00, 0x00, 0x12,
  0x00, 0x00, 0x00, 0x00, 0x00, 0x00, 0x00, 0x00, 0x00, 0xc2, 0x15, 0x13,
  0x00, 0x00, 0x00, 0x00, 0x13, 0x15, 0x00, 0x00, 0x00, 0xc5, 0x00, 0x00,
  0x00, 0x00, 0x00, 0x00, 0x00, 0x11, 0x00, 0x00, 0x00, 0x00, 0x00, 0x00,
  0x00, 0x00, 0x00, 0x00, 0x00, 0x00, 0x00, 0x00, 0x00, 0x00, 0x11, 0x11,
  0x00, 0x4d, 0x00, 0xfa, 0x00, 0x00, 0x00, 0x00, 0x21, 0x00, 0x00, 0x0b,
  0x00, 0x00, 0x00, 0x00, 0x00, 0xd3, 0x00, 0x49, 0x00, 0x00, 0x00, 0x00,
  0x00, 0x00, 0x00, 0x00, 0x00, 0x00, 0x00, 0x00, 0x00, 0x00, 0x00, 0xd2,
  0x00, 0x00, 0x00, 0x00, 0x00, 0x00, 0x2d, 0x00, 0x00, 0x00, 0x00, 0x00,
  0x2f, 0x00, 0x00, 0x00, 0x00, 0x00, 0x29, 0x00, 0x00, 0x00, 0x00, 0x00,
  0x00, 0x00, 0x00, 0x00, 0x00, 0x00, 0x00, 0x00, 0x00, 0x00, 0x00, 0x00,
  0x00, 0x00, 0x00, 0x00, 0x00, 0x00, 0x00, 0x00, 0x00, 0x0a, 0x00, 0x00,
  0x00, 0x00, 0x00, 0x00, 0x00, 0x00, 0x00, 0x00, 0x19, 0x00, 0x00, 0x00,
  0x00, 0x00, 0x00, 0x00, 0x00, 0x00, 0x00, 0x00, 0x00, 0x00, 0x00, 0x00,
  0x00, 0x00, 0x1f, 0xdc, 0x00, 0x00, 0x00, 0x00, 0x00, 0x00, 0x00, 0x00,
  0x00, 0x00, 0x00, 0x11, 0x00, 0x00, 0x00, 0x00, 0x00, 0x0e, 0x00, 0x00,
  0x00, 0x00, 0x00, 0x00, 0x00, 0x00, 0x00, 0x40, 0x00, 0x0e, 0x00, 0x00,
  0x00, 0x00, 0x00, 0x00, 0x00, 0x00, 0x00, 0x00, 0x00, 0x00, 0x00, 0x00,
  0x00, 0x00, 0x00, 0x00, 0x00, 0x00, 0x28, 0x00, 0x00, 0x00, 0x16, 0x18,
  0x00, 0x00, 0x00, 0x00, 0x00, 0x00, 0x00, 0x00, 0x00, 0x00, 0x00, 0x00,
  0x00, 0x00, 0x00, 0x00, 0x0e, 0x00, 0x00, 0x00, 0x00, 0x00, 0x0b, 0x00,
  0x00, 0x00, 0x1a, 0x00, 0x00, 0x00, 0x00, 0x00, 0x00, 0x00, 0x00, 0x0f,
  0x00, 0x00, 0x00, 0x00, 0x00, 0x00, 0x00, 0x43, 0x00, 0x00, 0x0c, 0x00,
  0x00, 0x00, 0x00, 0x00, 0x00, 0x00, 0x00, 0x00, 0x00, 0x00, 0x00, 0x00,
  0x00, 0x00, 0x00, 0x00, 0x00, 0x00, 0x38, 0x00, 0x00, 0x00, 0x00, 0x00,
  0x00, 0x00, 0x00, 0x00, 0x00, 0x00, 0x00, 0x00, 0x00, 0x00, 0x00, 0xd5,
  0x00, 0x00, 0x1a, 0x00, 0x00, 0x00, 0x00, 0x00, 0x00, 0x00, 0x00, 0x00,
  0x00, 0x00, 0x00, 0x00, 0x00, 0x00, 0x00, 0x00, 0x00, 0x17, 0x00, 0x00,
  0x00, 0x00, 0x00, 0x00, 0x00, 0x00, 0x00, 0x00, 0x00, 0x0a, 0x00, 0x00,
  0x00, 0x00, 0x00, 0xcf, 0x00, 0x00, 0x00, 0x00, 0x00, 0x00, 0x00, 0x00,
  0x00, 0x00, 0x00, 0x00, 0x0b, 0x0e, 0x00, 0x00, 0x1e, 0x00, 0x00, 0x00,
  0x3b, 0x00, 0x00, 0x00, 0x00, 0x00, 0x00, 0x00, 0x00, 0x00, 0x00, 0x00,
  0x00, 0x4a, 0x00, 0x00, 0x00, 0x00, 0x35, 0x00, 0x00, 0xdd, 0xd5, 0xd7,
  0x00, 0x00, 0x00, 0x00, 0x0e, 0x00, 0x30, 0x00, 0x00, 0x00, 0x00, 0x10,
  0x00, 0x00, 0x00, 0xdc, 0x00, 0x00, 0x00, 0x00, 0x00, 0x00, 0x00, 0xd8,
  0x00, 0x00, 0x00, 0xd8, 0x00, 0x00, 0x00, 0x00, 0x00, 0x0c, 0x00, 0x00,
  0x00, 0x00, 0x00, 0x00, 0x00, 0x16, 0x00, 0x00, 0x00, 0x00, 0x00, 0x00,
  0x00, 0x00, 0x00, 0x06, 0x00, 0x00, 0x00, 0x00, 0x00, 0xfa, 0x00, 0x00,
  0x00, 0x00, 0x00, 0x05, 0x00, 0x21, 0xdc, 0x00, 0x00, 0x00, 0x00, 0x21,
  0x00, 0x00, 0x00, 0x00, 0x00, 0x00, 0xed, 0x00, 0x00, 0x00, 0x00, 0x00,
  0x00, 0x08, 0x00, 0x00, 0x00, 0x23, 0x00, 0x0b, 0x00, 0x00, 0x00, 0x00,
  0xd8, 0x00, 0x00, 0x28, 0xd6, 0x00, 0x00, 0x00, 0x00, 0x21, 0x00, 0x00,
  0x00, 0x23, 0x00, 0x00, 0x00, 0x00, 0x00, 0x00, 0x00, 0x00, 0x00, 0x00,
  0x00, 0x00, 0x00, 0x00, 0x00, 0x00, 0xd4, 0x00, 0x00, 0x00, 0x00, 0x00,
  0x00, 0x2d, 0x00, 0x00, 0x00, 0x1f, 0x00, 0x00, 0x00, 0x00, 0x00, 0x00,
  0xd7, 0x2a, 0x00, 0x00, 0x00, 0x00, 0x00, 0x00, 0x00, 0x00, 0x00, 0x00,
  0xd1, 0x33, 0x00, 0x00, 0x00, 0x00, 0xca, 0x00, 0x00, 0x00, 0x00, 0x00,
  0x00, 0x3d, 0x00, 0x00, 0x00, 0x00, 0xd2, 0x37, 0x00, 0x00, 0x00, 0x00,
  0x00, 0x35, 0x00, 0x00, 0x00, 0x00, 0x00, 0x00, 0x00, 0x00, 0x00, 0x00,
  0x00, 0x2f, 0xef, 0x00, 0x00, 0x2a, 0xd6, 0x31, 0x00, 0x00, 0x00, 0x1e,
  0x00, 0x31, 0x00, 0x00, 0x00, 0x00, 0x00, 0x00, 0x00, 0xfc, 0x00, 0x00,
  0x00, 0x00, 0x00, 0x00, 0x00, 0x00, 0x19, 0x2f, 0x00, 0x00, 0x00, 0x00,
  0x0d, 0x00, 0x00, 0x00, 0x00, 0x00, 0x1c, 0x00, 0x00, 0x00, 0x00, 0x00,
  0x00, 0x00, 0x00, 0x2e, 0x00, 0x21, 0x00, 0x00, 0x00, 0x37, 0x00, 0x00,
  0x00, 0x00, 0x00, 0x36, 0x00, 0x00, 0x00, 0xef, 0x00, 0x00, 0x00, 0x00,
  0x00, 0x00, 0x00, 0x00, 0x00, 0x31, 0x00, 0xf1, 0x00, 0x00, 0x00, 0x28,
  0x00, 0xf7, 0x00, 0x06, 0x00, 0x00, 0x00, 0x06, 0x00, 0x05, 0x00, 0x35,
  0x00, 0xfc, 0x00, 0x00, 0x00, 0x30, 0x00, 0xfa, 0x00, 0x00, 0x00, 0x00,
  0x00, 0x00, 0x00, 0x00, 0x00, 0x33, 0x00, 0x03, 0x00, 0x2e, 0x00, 0x00,
  0x00, 0x06, 0x00, 0x3c, 0x00, 0x00, 0x00, 0x00, 0x00, 0x30, 0x00, 0x24,
  0x00, 0x00, 0x00, 0x2c, 0x00, 0x2a, 0x00, 0x00, 0x00, 0x00, 0x00, 0x36,
  0x00, 0x06, 0x00, 0x00, 0x00, 0x25, 0x08, 0x00, 0x00, 0x00, 0xf2, 0x23,
  0x00, 0x00, 0x00, 0xef, 0xf5, 0x00, 0x00, 0x00, 0x00, 0x00, 0xf8, 0x00,
  0x02, 0x05, 0x00, 0xfa, 0xfc, 0x00, 0x00, 0x00, 0x00, 0x00, 0xf6, 0x00,
  0x00, 0x00, 0x00, 0x00, 0x00, 0x00, 0x00, 0x00, 0x00, 0x00, 0x00, 0x00,
  0x00, 0x00, 0x00, 0x00, 0x00, 0x00, 0x14, 0x00, 0x00, 0x00, 0x00, 0x00,
  0x16, 0x00, 0xea, 0x00, 0x00, 0x22, 0x00, 0x00, 0x00, 0x00, 0x00, 0x00,
  0x00, 0x00, 0x00, 0x00, 0x00, 0x00, 0x00, 0x00, 0x00, 0x00, 0x00, 0x00,
  0x00, 0x00, 0x00, 0x00, 0x00, 0x00, 0x00, 0x00, 0x00, 0x00, 0x00, 0x00,
  0x00, 0x00, 0x00, 0x00, 0x00, 0x2b, 0x13, 0x35, 0x00, 0x00, 0x00, 0x33,
  0x08, 0x00, 0xeb, 0x00, 0x00, 0x00, 0x00, 0x31, 0x00, 0x00, 0x00, 0x00,
  0x00, 0x00, 0x00, 0x00, 0x00, 0x00, 0x00, 0x00, 0x00, 0x1f, 0x00, 0x00,
  0x00, 0x00, 0x00, 0x23, 0x00, 0x31, 0x00, 0x41, 0x00, 0x22, 0x00, 0x00,
  0xcb, 0x3b, 0x00, 0x00, 0x00, 0x1c, 0x00, 0x00, 0x00, 0x00, 0x00, 0x22,
  0x00, 0x00, 0xe8, 0xf4, 0x00, 0x27, 0x00, 0x00, 0x00, 0xf6, 0x00, 0x1a,
  0x00, 0x00, 0x00, 0x00, 0x00, 0x46, 0xc3, 0x00, 0x00, 0x00, 0x00, 0x00,
  0x00, 0x00, 0x00, 0x00, 0x00, 0x31, 0xbf, 0x00, 0x00, 0x00, 0x00, 0x33,
  0xc5, 0x00, 0x00, 0x00, 0x00, 0x00, 0x00, 0x00, 0x00, 0x00, 0x00, 0x00,
  0xc9, 0x00, 0x00, 0x00, 0x00, 0x2c, 0xc1, 0x00, 0x00, 0x00, 0x00, 0x00,
  0x00, 0x00, 0x00, 0x00, 0x00, 0x3b, 0x00, 0x00, 0xec, 0x00, 0x00, 0x00,
  0x00, 0x00, 0x00, 0x00, 0x00, 0x00, 0x00, 0x00, 0x00, 0x00, 0x00, 0x00,
  0x00, 0x00, 0x00, 0x00, 0x00, 0x3e, 0x00, 0x00, 0x00, 0x00, 0x00, 0x00,
  0xf9, 0x00, 0x00, 0x26, 0x00, 0x00, 0x00, 0x00, 0x00, 0x00, 0x00, 0x42,
  0x01, 0x00, 0x00, 0x00, 0x00, 0x00, 0x00, 0x00, 0x00, 0x00, 0x00, 0x00,
  0x08, 0x00, 0x00, 0x00, 0x00, 0x2e, 0x00, 0x00, 0x00, 0x00, 0x00, 0x00,
  0x00, 0x00, 0x00, 0x00, 0x00, 0x00, 0x00, 0x00, 0x00, 0x00, 0x00, 0x00,
  0x12, 0x00, 0x00, 0x00, 0x00, 0x48, 0x00, 0x07, 0x00, 0x1b, 0xe6, 0x00,
  0x00, 0x00, 0x00, 0x00, 0x00, 0x00, 0x00, 0x00, 0x00, 0x00, 0xe6, 0x00,
  0x00, 0xe2, 0xe2, 0x00, 0x00, 0x00, 0x00, 0x00, 0x00, 0x00, 0x00, 0xdf,
  0x00, 0xe0, 0x00, 0xdf, 0x00, 0x00, 0x00, 0x00, 0x00, 0x1e, 0x00, 0x1b,
  0x00, 0x00, 0xde, 0x00, 0x00, 0xe5, 0x1e, 0x00, 0x1a, 0x00, 0x00, 0x00,
  0xe0, 0xe0, 0x1e, 0x00, 0x00, 0x00, 0xdf, 0x00, 0x00, 0x00, 0x00, 0x00,
  0x00, 0x00, 0x00, 0x00, 0x00, 0x00, 0xe1, 0xe1, 0x00, 0x00, 0x00, 0xe6,
  0x00, 0x00, 0x00, 0x00, 0x00, 0x1d, 0xe0, 0xe5, 0x00, 0x00, 0x00, 0x1d,
  0x00, 0x00, 0x00, 0x00, 0x00, 0x00, 0x00, 0x00, 0x00, 0xe4, 0x00, 0x00,
  0x00, 0x00, 0x00, 0x00, 0x00, 0x00, 0x00, 0x00, 0x00, 0x00, 0x00, 0x1d,
  0x00, 0xe3, 0x00, 0x00, 0x00, 0x00, 0x00, 0x00, 0x00, 0x00, 0x00, 0x00,
  0x00, 0x00, 0x00, 0xe5, 0x00, 0x00, 0x00, 0x00, 0x00, 0x00, 0x00, 0xe4,
  0x00, 0x00, 0x00, 0x1e, 0x1a, 0x00, 0x00, 0x00, 0xe4, 0x00, 0x00, 0x00,
  0x00, 0x00, 0x00, 0x00, 0x00, 0x00, 0xe2, 0xe4, 0x00, 0x00, 0x00, 0x00,
  0x00, 0xe4, 0x00, 0x00, 0xe0, 0x00, 0x00, 0x1b, 0x00, 0x1a, 0xe7, 0x00,
  0x00, 0x00, 0x00, 0x00, 0x00, 0x1b, 0x00, 0x00, 0x00, 0x00, 0x00, 0x00,
  0x00, 0x00, 0x00, 0x00, 0xe6, 0xe2, 0x00, 0x00, 0x00, 0x00, 0x00, 0x00,
  0x00, 0x1c, 0x00, 0x00, 0x00, 0x00, 0x00, 0x00, 0x00, 0x00, 0x00, 0x00,
  0x00, 0x00, 0x00, 0xe3, 0x00, 0x00, 0x1c, 0x00, 0x00, 0x00, 0xe0, 0x1d,
  0x00, 0x00, 0xe6, 0x00, 0x00, 0x00, 0x00, 0x00, 0x00, 0x1b, 0x00, 0x00,
  0xdf, 0x00, 0x00, 0xdf, 0x00, 0x00, 0x00, 0x00, 0x00, 0x00, 0x00, 0x00,
  0x00, 0x00, 0x00, 0x00, 0x00, 0xe4, 0x00, 0xe5, 0x00, 0x00, 0x00, 0x00,
  0xe0, 0xe3, 0x00, 0x00, 0x00, 0x1d, 0x00, 0x00, 0x00, 0x00, 0x00, 0x00,
  0x00, 0xe4, 0x1b, 0xdf, 0x00, 0x00, 0xe5, 0x00, 0x00, 0x1d, 0xe6, 0x00,
  0x00, 0x00, 0x00, 0x1a, 0x00, 0x00, 0x00, 0x00, 0x00, 0xe4, 0x00, 0x00,
  0x00, 0x00, 0x00, 0x00, 0x1d, 0xdf, 0x00, 0x00, 0x00, 0x00, 0x00, 0x00,
  0x00, 0x00, 0x00, 0x00, 0x00, 0x00, 0xe6, 0xe5, 0x00, 0x00, 0x00, 0x00,
  0x00, 0xe5, 0x00, 0x00, 0x00, 0x00, 0x00, 0x00, 0x00, 0x00, 0x00, 0xe0,
  0x1b, 0x00, 0x00, 0x00, 0xe2, 0x00, 0xdf, 0x00, 0x00, 0x00, 0x00, 0xe3,
  0x00, 0x00, 0x00, 0xdf, 0xe2, 0x00, 0x00, 0x00, 0x00, 0x00, 0x00, 0x00,
  0x00, 0x00, 0x00, 0x00, 0x00, 0x00, 0x00, 0x00, 0x00, 0x00, 0x00, 0x00,
  0x1b, 0x00, 0x00, 0x00, 0x00, 0x1e, 0x00, 0x00, 0x00, 0x00, 0x1a, 0x00,
  0x00, 0x00, 0x00, 0x00, 0x00, 0x00, 0x00, 0x00, 0x00, 0xe2, 0x00, 0x00,
  0x1d, 0x00, 0x00, 0x00, 0x00, 0xe5, 0x1e, 0x00, 0x00, 0x1d, 0x1c, 0x00,
  0x00, 0x00, 0xe2, 0x00, 0xe3, 0x1b, 0x00, 0x00, 0x00, 0xe6, 0x00, 0x00,
  0x00, 0x00, 0x00, 0x00, 0x00, 0xe0, 0x00, 0x00, 0xe0, 0x00, 0x00, 0x00,
  0x00, 0xe4, 0x00, 0x1a, 0x00, 0x00, 0x00, 0x00, 0x00, 0xe3, 0x00, 0x00,
  0x00, 0x00, 0x00, 0x00, 0x00, 0x00, 0x00, 0x00, 0x00, 0x00, 0x1c, 0x00,
  0x00, 0x00, 0x00, 0xe0, 0x00, 0x00, 0x00, 0x00, 0xe4, 0x00, 0xde, 0x00,
  0x00, 0x00, 0x00, 0x00, 0x00, 0xe5, 0x00, 0x1a, 0x1a, 0x00, 0x00, 0x00,
  0x00, 0x00, 0x00, 0xe1, 0x00, 0x00, 0x00, 0x00, 0x00, 0x00, 0x00, 0x00,
  0x00, 0x00, 0x1d, 0x00, 0x00, 0x1c, 0x00, 0x00, 0x00, 0x1d, 0x00, 0x00,
  0x00, 0x1a, 0x00, 0x1d, 0x00, 0x00, 0x00, 0xe5, 0x00, 0x00, 0xe3, 0x00,
  0x00, 0x00, 0xdf, 0xe3, 0xe3, 0x00, 0x00, 0x1a, 0x00, 0x00, 0x00, 0x00,
  0x00, 0xe3, 0x00, 0xe2, 0x00, 0x00, 0xe5, 0xe1, 0x00, 0x00, 0x00, 0x00,
  0x00, 0x00, 0x00, 0x00, 0x00, 0x00, 0x00, 0x00, 0xe0, 0xe4, 0x00, 0x00,
  0x00, 0x1b, 0x00, 0x00, 0x00, 0x00, 0x00, 0x00, 0x00, 0xe3, 0x00, 0x00,
  0x00, 0x1d, 0x00, 0x00, 0x00, 0x00, 0x00, 0x00, 0x00, 0x1a, 0x00, 0x00,
  0x00, 0x00, 0x00, 0x00, 0x00, 0x00, 0x00, 0x00, 0x00, 0x00, 0x00, 0x00,
  0x00, 0x00, 0x00, 0x1a, 0x00, 0x00, 0x00, 0x00, 0x1b, 0x00, 0xe6, 0x00,
  0x00, 0x00, 0x00, 0x00, 0x00, 0xe1, 0x00, 0x00, 0x00, 0x00, 0x00, 0x00,
  0x00, 0x00, 0x00, 0x00, 0x00, 0x00, 0x29, 0x00, 0x00, 0x00, 0x00, 0x2a,
  0x00, 0x00, 0x00, 0x00, 0x00, 0x2e, 0x00, 0xe5, 0x00, 0xcd, 0x00, 0x00,
  0x00, 0x00, 0x00, 0xd0, 0x00, 0x00, 0x00, 0x00, 0x00, 0xd2, 0x1b, 0x00,
  0x00, 0x00, 0x00, 0x00, 0x1f, 0x31, 0x00, 0x00, 0x00, 0xdf, 0x15, 0x00,
  0x00, 0x00, 0x00, 0x00, 0x1c, 0x00, 0x00, 0x00, 0x00, 0x00, 0x16, 0x00,
  0xe0, 0xdf, 0x00, 0x00, 0x00, 0x00, 0x00, 0x00, 0x00, 0x00, 0x1a, 0x00,
  0x00, 0xdc, 0x00, 0x00, 0x00, 0x00, 0x00, 0x00, 0x00, 0x00, 0x00, 0x00,
  0x18, 0x00, 0x00, 0xc4, 0x00, 0x2f, 0x00, 0x00, 0x00, 0xc3, 0x00, 0x00,
  0x00, 0xdb, 0x00, 0xc3, 0x00, 0x00, 0x00, 0x00, 0x00, 0xd4, 0x00, 0x31,
  0x00, 0xdf, 0x00, 0xe4, 0x00, 0x2f, 0x00, 0x00, 0x00, 0x00, 0xd9, 0x00,
  0x1e, 0x00, 0x00, 0x00, 0xd8, 0x00, 0x20, 0x00, 0x00, 0x00, 0xd7, 0x00,
  0xe9, 0x00, 0x17, 0x00, 0xdc, 0x00, 0x00, 0x00, 0x1b, 0x00, 0xe1, 0x00,
  0x00, 0x1f, 0x1a, 0x00, 0xdb, 0x00, 0x00, 0x00, 0x00, 0x00, 0xdb, 0x00,
  0x00, 0x00, 0x00, 0xcb, 0xc7, 0x00, 0x00, 0x00, 0x00, 0xc8, 0xc3, 0x00,
  0x00, 0x41, 0x00, 0x00, 0xc4, 0x00, 0x00, 0x00, 0x00, 0x00, 0xc8, 0x00,
  0x29, 0x39, 0x00, 0x00, 0xdd, 0x00, 0x25, 0x33, 0x00, 0x00, 0x00, 0x00,
  0x20, 0x41, 0x00, 0x00, 0x00, 0x00, 0x00, 0x00, 0x00, 0x00, 0x00, 0x00,
  0x00, 0x3e, 0x00, 0x00, 0x00, 0x00, 0x00, 0x31, 0x00, 0x00, 0x00, 0x00,
  0x00, 0x00, 0x00, 0x00, 0x00, 0x00, 0x00, 0x00, 0x00, 0x00, 0x00, 0x00,
  0x00, 0x00, 0x00, 0x00, 0x00, 0x00, 0x00, 0x00, 0x00, 0x00, 0x00, 0xe1,
  0x00, 0x00, 0x00, 0x00, 0x00, 0x00, 0x00, 0x00, 0x00, 0xd3, 0x00, 0x00,
  0x13, 0x00, 0x00, 0xc0, 0x00, 0x00, 0x00, 0x00, 0x00, 0xd4, 0x27, 0x00,
  0x00, 0xf3, 0x00, 0xe4, 0x24, 0x00, 0x17, 0x00, 0x00, 0x00, 0x00, 0x00,
  0x00, 0x00, 0x00, 0x00, 0x00, 0x00, 0x00, 0xe8, 0x00, 0x00, 0x00, 0x00,
  0x12, 0xdf, 0x00, 0x0f, 0x00, 0x00, 0x00, 0xd3, 0x00, 0x00, 0x00, 0x2e,
  0x11, 0xde, 0x00, 0x00, 0x27, 0x00, 0x15, 0xf1, 0x00, 0x00, 0x00, 0x00,
  0x00, 0xdc, 0x00, 0xcd, 0x00, 0x00, 0x00, 0xc9, 0x00, 0x00, 0x00, 0x1c,
  0x16, 0xe3, 0x00, 0x00, 0x00, 0x32, 0x00, 0xe4, 0x17, 0x00, 0xe3, 0x00,
  0x00, 0xd4, 0x00, 0xe8, 0xd5, 0x00, 0x24, 0xca, 0x00, 0x00, 0xce, 0x1d,
  0x17, 0xdf, 0x00, 0x00, 0xd7, 0x00, 0x00, 0xdf, 0x00, 0x00, 0xdb, 0x26,
  0x00, 0xe3, 0x00, 0x00, 0xd0, 0x00, 0x00, 0x00, 0x00, 0x00, 0xd7, 0x23,
  0x00, 0x00, 0x00, 0x00, 0xc6, 0x00, 0x00, 0x00, 0x00, 0x00, 0xc0, 0x00,
  0x00, 0x00, 0x00, 0x00, 0xc3, 0x00, 0x00, 0x00, 0x00, 0x00, 0xcf, 0x00,
  0x14, 0x00, 0x00, 0x00, 0xd0, 0x00, 0x00, 0x00, 0x00, 0x00, 0xc7, 0x00,
  0x00, 0x00, 0x00, 0x00, 0xd4, 0x00, 0x15, 0x00, 0x00, 0x00, 0xcd, 0x00,
  0x2a, 0x58, 0x00, 0x00, 0x00, 0x00, 0x16, 0x35, 0x00, 0x00, 0x00, 0x23,
  0x2a, 0x00, 0x00, 0x00, 0xda, 0x00, 0x19, 0x00, 0x00, 0x00, 0x00, 0x00,
  0x22, 0x33, 0x1a, 0x00, 0x00, 0x00, 0x00, 0x00, 0x18, 0x00, 0x00, 0x27,
  0x00, 0x3e, 0x18, 0x00, 0x00, 0x00, 0x00, 0x00, 0x00, 0x00, 0x00, 0x00,
  0x00, 0x33, 0x00, 0xea, 0x00, 0x00, 0x1c, 0x00, 0x00, 0xe8, 0x00, 0xeb,
  0x00, 0x00, 0x00, 0x00, 0x00, 0x00, 0x00, 0x00, 0x00, 0x00, 0x00, 0x00,
  0x00, 0x00, 0x00, 0x00, 0x00, 0x00, 0x00, 0x00, 0x00, 0x00, 0x00, 0x00,
  0x00, 0x00, 0x00, 0x00, 0x00, 0x00, 0x1e, 0x00, 0x00, 0x00, 0x1c, 0x00,
  0x1e, 0x00, 0x00, 0x00, 0x22, 0x00, 0x00, 0x00, 0x00, 0x00, 0x26, 0x26,
  0x00, 0x00, 0x00, 0x00, 0x19, 0x00, 0x00, 0x00, 0x00, 0x00, 0x00, 0x23,
  0x00, 0x00, 0x00, 0x00, 0x00, 0x37, 0xe3, 0xdf, 0x00, 0xea, 0x00, 0x00,
  0x00, 0x00, 0x00, 0xe3, 0x00, 0x00, 0x00, 0x00, 0x1b, 0xe0, 0x00, 0x00,
  0xe8, 0x00, 0x00, 0xdd, 0x00, 0x00, 0xe7, 0x00, 0x00, 0x00, 0x00, 0x00,
  0xdb, 0x00, 0x00, 0xd8, 0x00, 0x20, 0x00, 0x00, 0x00, 0x00, 0x00, 0x00,
  0xee, 0x00, 0x00, 0x00, 0x00, 0x00, 0x00, 0x30, 0x00, 0x00, 0x00, 0x00,
  0x00, 0x00, 0x00, 0x00, 0x00, 0x00, 0x1c, 0x00, 0x00, 0x00, 0x00, 0x00,
  0x00, 0x00, 0x00, 0x00, 0x00, 0x00, 0x00, 0x00, 0x00, 0x00, 0x00, 0x00,
  0x00, 0x00, 0x00, 0x00, 0x00, 0x00, 0x00, 0x00, 0x00, 0x00, 0x00, 0x2f,
  0x00, 0x00, 0x00, 0x00, 0x00, 0x00, 0x1e, 0x00, 0x00, 0x00, 0x00, 0x00,
  0x00, 0x00, 0x00, 0x00, 0x00, 0x00, 0x00, 0x00, 0x00, 0x00, 0x00, 0x00,
  0x24, 0x18, 0x00, 0x00, 0x00, 0x00, 0x22, 0x00, 0x00, 0x00, 0x00, 0xf8,
  0x13, 0x00, 0x00, 0x00, 0x00, 0x00, 0x00, 0x00, 0x00, 0x00, 0x00, 0x00,
  0x00, 0x00, 0x00, 0x00, 0x00, 0x00, 0x00, 0x00, 0x00, 0x00, 0x00, 0x00,
  0x00, 0xd9, 0x00, 0x00, 0x00, 0x00, 0x00, 0x00, 0x00, 0x00, 0x00, 0x00,
  0x00, 0xe2, 0x00, 0x00, 0x00, 0x00, 0x00, 0xdd, 0x00, 0x00, 0x00, 0x00,
  0x08, 0x00, 0x00, 0x00, 0x00, 0x00, 0x00, 0xe0, 0x00, 0x00, 0x00, 0x00,
  0x0e, 0x00, 0x00, 0x00, 0x00, 0x00, 0x00, 0xed, 0x00, 0x00, 0x00, 0x00,
  0x00, 0x00, 0x00, 0x00, 0x00, 0x00, 0x1c, 0x00, 0x13, 0x00, 0x00, 0x00,
  0x25, 0xe9, 0x00, 0x00, 0x00, 0x00, 0x00, 0xd6, 0x00, 0x00, 0x00, 0x00,
  0x2d, 0xd5, 0x00, 0x00, 0x00, 0x00, 0x15, 0x00, 0x00, 0x00, 0x00, 0xf5,
  0x00, 0xd6, 0x00, 0x00, 0x00, 0x00, 0x24, 0xdc, 0x00, 0x00, 0x00, 0x00,
  0x00, 0xcd, 0x00, 0x00, 0xe8, 0x00, 0x17, 0x00, 0x00, 0x00, 0x00, 0x00,
  0x00, 0xcf, 0x00, 0x00, 0x00, 0x00, 0x14, 0x00, 0x00, 0x00, 0x00, 0x00,
  0x1e, 0x00, 0x00, 0x00, 0x00, 0xf1, 0x00, 0x00, 0x00, 0x00, 0x00, 0x00,
  0x00, 0x00, 0x00, 0x00, 0x00, 0xf9, 0x00, 0x00, 0x00, 0x00, 0x00, 0x00,
  0x00, 0x00, 0x00, 0x00, 0x00, 0xf6, 0x29, 0x00, 0x00, 0x00, 0x00, 0x00,
  0x00, 0x00, 0x00, 0x00, 0x00, 0x00, 0x33, 0x00, 0x00, 0x00, 0x00, 0x00,
  0x25, 0x00, 0x00, 0x00, 0x00, 0x00, 0x31, 0x00, 0x00, 0x00, 0x00, 0x00,
  0x38, 0x00, 0x00, 0x00, 0x00, 0x00, 0x00, 0x00, 0x00, 0x00, 0x00, 0x00,
  0x2e, 0x00, 0x00, 0x00, 0x00, 0x00, 0x00, 0x00, 0x00, 0x00, 0x00, 0x00,
  0x2e, 0xa1, 0x00, 0x00, 0x00, 0x00, 0x00, 0x00, 0x00, 0x00, 0x00, 0x00,
  0x00, 0x00, 0x00, 0x00, 0x00, 0x00, 0x00, 0x00, 0x00, 0x00, 0x00, 0x00,
  0x00, 0x00, 0x00, 0x00, 0x00, 0x29, 0x00, 0x00, 0x00, 0x00, 0x00, 0x00,
  0x00, 0x00, 0x00, 0x00, 0x00, 0x00, 0x00, 0x00, 0x00, 0x00, 0x00, 0x00,
  0x32, 0x00, 0x00, 0x00, 0x00, 0xf1, 0x00, 0x00, 0x00, 0x00, 0x00, 0x00,
  0x3b, 0x00, 0x00, 0x00, 0x00, 0xf2, 0x3f, 0x00, 0x00, 0xcb, 0x00, 0x00,
  0x00, 0x00, 0x00, 0x00, 0x03, 0x00, 0x44, 0x00, 0x00, 0x00, 0x00, 0x00,
  0x00, 0x00, 0x00, 0x00, 0x00, 0x00, 0x00, 0x00, 0x00, 0x00, 0x00, 0x00,
  0x00, 0x00, 0x19, 0x00, 0x00, 0x00, 0x00, 0x00, 0x00, 0x00, 0x00, 0x00,
  0x00, 0x00, 0x00, 0x00, 0x00, 0x00, 0x00, 0xae, 0x00, 0x00, 0x00, 0x00,
  0x00, 0x00, 0x00, 0x00, 0x00, 0x00, 0x00, 0x00, 0x00, 0x00, 0x00, 0x00,
  0x00, 0x00, 0x00, 0x00, 0x00, 0x00, 0x26, 0x00, 0x00, 0x00, 0x00, 0xfe,
  0x00, 0x00, 0x00, 0x00, 0x00, 0x00, 0x00, 0xf2, 0x00, 0x00, 0x00, 0x00,
  0x00, 0x00, 0x00, 0x00, 0x00, 0xfe, 0x00, 0xf8, 0x00, 0x00, 0x00, 0x00,
  0x31, 0x00, 0x00, 0x00, 0x00, 0x00, 0x28, 0x00, 0x00, 0x00, 0x00, 0x00,
  0x00, 0x00, 0x00, 0x00, 0x00, 0x00, 0x26, 0xf7, 0x00, 0x00, 0x00, 0x00,
  0x2e, 0x00, 0x00, 0x00, 0x00, 0xf9, 0x00, 0x00, 0x00, 0x00, 0x00, 0x00,
  0x00, 0xe6, 0x00, 0x00, 0x00, 0x00, 0x00, 0x00, 0x00, 0x00, 0x00, 0x00,
  0x00, 0x00, 0x00, 0x00, 0x00, 0x00, 0x00, 0x00, 0x00, 0x00, 0x00, 0x00,
  0x00, 0x00, 0x00, 0xd3, 0x00, 0x00, 0x00, 0x00, 0x00, 0x00, 0x00, 0x00,
  0x34, 0xd5, 0x00, 0x00, 0x00, 0x00, 0x00, 0xd3, 0x00, 0x00, 0x1d, 0x00,
  0x3b, 0x00, 0x00, 0x00, 0x00, 0x00, 0x44, 0x00, 0x00, 0x00, 0x00, 0x00,
  0x00, 0x00, 0x00, 0x00, 0x00, 0xea, 0x00, 0x00, 0x00, 0x00, 0x00, 0x00,
  0x44, 0x8a, 0x00, 0x00, 0x00, 0x00, 0x00, 0x00, 0x00, 0x00, 0x00, 0xe7,
  0x00, 0x00, 0x00, 0x00, 0x00, 0x00, 0x00, 0x81, 0x00, 0x00, 0x00, 0x00,
  0x00, 0x00, 0x00, 0x00, 0x00, 0x00, 0x00, 0x00, 0x00, 0x00, 0x00, 0x20,
  0x00, 0x00, 0x00, 0x00, 0x00, 0x00, 0x00, 0x28, 0x00, 0x00, 0x30, 0x00,
  0x00, 0x25, 0x00, 0x00, 0x29, 0x00, 0x00, 0x00, 0x00, 0x00, 0x29, 0x00,
  0xf2, 0x2b, 0x00, 0x00, 0x00, 0xec, 0x00, 0x00, 0x00, 0x00, 0x2a, 0xed,
  0x00, 0x00, 0x00, 0x00, 0x2c, 0x00, 0x00, 0x25, 0x00, 0x00, 0x26, 0x00,
  0x00, 0x00, 0x00, 0x00, 0x28, 0x00, 0x00, 0x00, 0x00, 0x00, 0x24, 0x00,
  0x00, 0xea, 0x00, 0x00, 0x1c, 0x00, 0x00, 0x00, 0x00, 0x00, 0x1d, 0x00,
  0x00, 0xec, 0x00, 0x00, 0x00, 0x00, 0x2b, 0x00, 0x00, 0x00, 0x00, 0x00,
  0x00, 0x00, 0x00, 0x00, 0x00, 0x00, 0x00, 0xeb, 0x00, 0x00, 0x00, 0x00,
  0x00, 0x00, 0x00, 0x00, 0x28, 0x00, 0x00, 0x00, 0x00, 0x00, 0x23, 0xf5,
  0x00, 0xe2, 0x00, 0x00, 0x25, 0x00, 0x39, 0xd9, 0x00, 0x00, 0x00, 0xf8,
  0x38, 0x00, 0x00, 0x00, 0x00, 0x00, 0x43, 0x00, 0x00, 0x00, 0x00, 0x00,
  0x3b, 0x00, 0x00, 0x00, 0x00, 0x00, 0x00, 0x00, 0x00, 0x00, 0x00, 0x00,
  0x54, 0x00, 0x00, 0x00, 0x00, 0x00, 0x43, 0x00, 0x00, 0x00, 0x00, 0x00,
  0x46, 0x00, 0x00, 0x00, 0x00, 0x00, 0x00, 0x00, 0x00, 0x00, 0x00, 0x00,
  0x00, 0x00, 0x00, 0x00, 0x00, 0x00, 0x00, 0x00, 0x00, 0x00, 0x00, 0x00,
  0x00, 0x00, 0x00, 0x00, 0x00, 0xfb, 0x00, 0x00, 0x00, 0x00, 0x00, 0x00,
  0x00, 0x00, 0x00, 0x00, 0x00, 0x34, 0x00, 0xc4, 0x00, 0x00, 0x00, 0x00,
  0x00, 0x00, 0x00, 0x00, 0x00, 0x00, 0x00, 0x00, 0x00, 0x00, 0x00, 0xfe,
  0x00, 0x00, 0x00, 0x00, 0x00, 0x00, 0x00, 0x06, 0x00, 0x00, 0x22, 0x00,
  0x00, 0x00, 0x00, 0x3f, 0x00, 0x00, 0x00, 0xfb, 0x00, 0x35, 0x00, 0x00,
  0x16, 0x00, 0x00, 0x00, 0x00, 0x00, 0x00, 0x00, 0x00, 0x00, 0x00, 0x03,
  0x50, 0x00, 0x00, 0x00, 0x00, 0x00, 0x49, 0x00, 0x00, 0x00, 0x24, 0x00,
  0x00, 0x00, 0x00, 0x00, 0x20, 0x00, 0x00, 0x00, 0x00, 0x00, 0x18, 0x00,
  0x00, 0x00, 0x00, 0x00, 0x16, 0x00, 0x00, 0x00, 0x00, 0x00, 0x00, 0x00,
  0x00, 0x00, 0x00, 0x00, 0x00, 0x00, 0x00, 0x00, 0x00, 0x30, 0x00, 0x02,
  0x00, 0xd6, 0x00, 0x33, 0x00, 0x02, 0x00, 0x00, 0x00, 0x00, 0x00, 0x00,
  0x3b, 0x00, 0x00, 0x00, 0x00, 0x00, 0x00, 0x00, 0x00, 0x00, 0x22, 0x00,
  0x00, 0xd5, 0x00, 0x00, 0x20, 0x00, 0x00, 0x00, 0x00, 0x00, 0x00, 0x00,
  0x00, 0x00, 0x00, 0x00, 0x00, 0x00, 0x00, 0x00, 0x00, 0x00, 0x00, 0x3f,
  0x00, 0x00, 0x00, 0x00, 0x00, 0x00, 0x00, 0xdb, 0x00, 0x00, 0x00, 0x00,
  0x43, 0xdb, 0x00, 0x00, 0x00, 0x39, 0x00, 0x00, 0x00, 0x00, 0x00, 0x00,
  0x00, 0x00, 0x00, 0x00, 0x00, 0x41, 0x3a, 0x00, 0x00, 0x00, 0x00, 0x00,
  0x00, 0x00, 0x00, 0x00, 0x00, 0x3e, 0x00, 0x00, 0x00, 0x00, 0x00, 0x00,
  0x00, 0x00, 0x00, 0x00, 0x00, 0x00, 0x00, 0x00, 0x00, 0x00, 0x00, 0x00,
  0x00, 0x00, 0x00, 0x00, 0x00, 0x00, 0x00, 0x00, 0x00, 0x00, 0x00, 0x00,
  0x00, 0x00, 0x00, 0x00, 0x00, 0x00, 0x00, 0xd8, 0x00, 0x00, 0x00, 0x00,
  0x00, 0x00, 0x00, 0x00, 0x00, 0x00, 0x00, 0xd2, 0x00, 0x00, 0x00, 0x00,
  0x3f, 0xd6, 0x00, 0x1e, 0x00, 0x00, 0x00, 0x00, 0x00, 0x1f, 0x00, 0x00,
  0x39, 0xc1, 0x00, 0x17, 0x00, 0x3a, 0x34, 0x00, 0x00, 0x00, 0x00, 0x00,
  0x39, 0xc4, 0x00, 0x00, 0x00, 0x00, 0x33, 0xb9, 0x00, 0x00, 0x00, 0x00,
  0x50, 0xc9, 0x00, 0x00, 0x1e, 0x00, 0x3a, 0xb2, 0x00, 0x00, 0x00, 0x00,
  0x31, 0xd5, 0x00, 0x00, 0x00, 0x00, 0x2d, 0xb2, 0x00, 0x00, 0x00, 0x00,
  0x3d, 0xc0, 0x00, 0x00, 0x00, 0x00, 0x2c, 0xd9, 0x00, 0x00, 0x00, 0x00,
  0x33, 0xca, 0x00, 0x00, 0x00, 0x00, 0x43, 0xc7, 0x00, 0x00, 0x00, 0x00,
  0x00, 0xd3, 0x00, 0x00, 0x00, 0xf9, 0x00, 0xd1, 0x00, 0x00, 0x00, 0x00,
  0x43, 0xb1, 0x00, 0x00, 0x00, 0x00, 0x47, 0x00, 0x00, 0x00, 0x00, 0x00,
  0x42, 0xad, 0x00, 0x00, 0x00, 0x00, 0x00, 0xa7, 0x00, 0x00, 0x00, 0x38,
  0x00, 0xc1, 0x00, 0x00, 0x00, 0x00, 0x48, 0xbc, 0x00, 0x00, 0x00, 0x00,
  0x00, 0x00, 0x00, 0x00, 0x00, 0x00, 0x47, 0xb5, 0x1c, 0x00, 0x00, 0x00,
  0x00, 0x00, 0xe3, 0x00, 0x00, 0x1c, 0x00, 0x00, 0x00, 0x00, 0x00, 0x00,
  0x00, 0x00, 0x00, 0x00, 0x1c, 0x00, 0x00, 0x00, 0x00, 0x00, 0x00, 0x00,
  0x00, 0x00, 0x00, 0xe2, 0xe2, 0xe3, 0x00, 0x00, 0x00, 0x00, 0x00, 0x00,
  0x1b, 0x00, 0xdf, 0x00, 0x00, 0x00, 0x00, 0xe3, 0xe0, 0x1e, 0x00, 0x1a,
  0x00, 0x00, 0x00, 0x1c, 0x00, 0x1b, 0x00, 0x00, 0x00, 0xdf, 0x00, 0x00,
  0x00, 0x00, 0xdf, 0x00, 0x00, 0x1b, 0x00, 0x00, 0x00, 0xe1, 0x00, 0x00,
  0xde, 0x1d, 0x00, 0x00, 0x00, 0x1c, 0xe0, 0x00, 0x00, 0x00, 0x00, 0x00,
  0xe5, 0x00, 0xdd, 0xe0, 0x00, 0x00, 0xdd, 0x00, 0xdf, 0x00, 0x00, 0xe1,
  0x00, 0x00, 0xdf, 0x00, 0x00, 0x00, 0x00, 0xe0, 0x00, 0x00, 0x00, 0x00,
  0x00, 0x00, 0x00, 0x00, 0x00, 0x00, 0x00, 0x00, 0xe4, 0x00, 0x00, 0x00,
  0x00, 0x00, 0x00, 0x00, 0xdf, 0x00, 0x00, 0x1c, 0x00, 0x00, 0x00, 0x00,
  0x00, 0xe0, 0x00, 0x00, 0x00, 0x00, 0x00, 0x00, 0x00, 0x00, 0x00, 0x00,
  0x00, 0x00, 0x00, 0xe4, 0xe1, 0x00, 0x00, 0x00, 0x00, 0x00, 0xe1, 0x00,
  0xe2, 0x00, 0xdd, 0x00, 0x00, 0x00, 0xdf, 0x00, 0x00, 0xe3, 0x00, 0x00,
  0xdf, 0x00, 0x00, 0x00, 0x00, 0x00, 0x00, 0x00, 0x00, 0x00, 0x00, 0x00,
  0x00, 0x00, 0xe6, 0x00, 0xe1, 0x00, 0x00, 0x00, 0x00, 0x00, 0x00, 0xe6,
  0x00, 0x00, 0x00, 0x00, 0x00, 0x00, 0xdd, 0xe1, 0x00, 0x00, 0x00, 0x00,
  0x1b, 0x00, 0x00, 0x00, 0x00, 0x00, 0x00, 0x00, 0x00, 0x00, 0x00, 0xe1,
  0x00, 0x00, 0x00, 0x00, 0x00, 0x00, 0x00, 0x00, 0x00, 0x00, 0x1b, 0xe4,
  0xe6, 0x00, 0x00, 0x00, 0x00, 0x00, 0xe0, 0x00, 0x00, 0x00, 0x00, 0xe3,
  0xdf, 0xe5, 0xe0, 0x00, 0x00, 0x00, 0x00, 0xe5, 0x00, 0xe3, 0x00, 0x00,
  0x00, 0x00, 0x00, 0x00, 0x00, 0xe4, 0x00, 0x00, 0x1d, 0x00, 0x00, 0xe3,
  0x00, 0x00, 0x00, 0x00, 0x00, 0x00, 0xdf, 0x00, 0x00, 0x00, 0x00, 0x00,
  0x00, 0xe4, 0x00, 0x00, 0x00, 0x00, 0x00, 0x00, 0xdd, 0x00, 0x00, 0x00,
  0x00, 0x00, 0x00, 0xe2, 0xdf, 0x19, 0x00, 0x00, 0x00, 0xe2, 0x1c, 0x00,
  0x00, 0x00, 0x00, 0x00, 0x00, 0x00, 0x00, 0x00, 0x00, 0x1c, 0x00, 0xe5,
  0x00, 0x00, 0x00, 0x00, 0x00, 0x00, 0xe3, 0x00, 0x00, 0x00, 0x00, 0x00,
  0x00, 0x00, 0xdd, 0x00, 0x00, 0x00, 0x00, 0x00, 0x00, 0x00, 0x00, 0x1a,
  0x00, 0x00, 0x00, 0x00, 0x00, 0x00, 0x00, 0x00, 0x00, 0x00, 0x00, 0x00,
  0x00, 0x00, 0x00, 0x00, 0x00, 0x00, 0x00, 0x00, 0x00, 0x00, 0x00, 0x00,
  0x00, 0x00, 0x00, 0x00, 0x00, 0x1c, 0x00, 0x1b, 0xe6, 0x00, 0x00, 0x00,
  0x00, 0x1a, 0xe3, 0x1c, 0xe5, 0x00, 0x00, 0x00, 0x00, 0x00, 0x00, 0x00,
  0x00, 0x00, 0x00, 0x00, 0x1d, 0x00, 0xe3, 0x00, 0x00, 0x00, 0xe0, 0x00,
  0x00, 0x1c, 0x00, 0x00, 0xe5, 0x1a, 0x00, 0x00, 0x00, 0x00, 0x00, 0x00,
  0xdd, 0x00, 0x00, 0x00, 0x00, 0xe3, 0x00, 0x00, 0x00, 0x00, 0x00, 0x00,
  0x00, 0x00, 0xe2, 0x00, 0x00, 0x00, 0x00, 0x00, 0x00, 0x00, 0x1c, 0x00,
  0x00, 0x1c, 0x00, 0x00, 0xdd, 0x00, 0xe6, 0x1c, 0xe5, 0xe3, 0x00, 0x00,
  0x00, 0x00, 0x00, 0x00, 0x00, 0x00, 0x00, 0x00, 0x00, 0x00, 0x00, 0x00,
  0x00, 0x1e, 0x1b, 0x00, 0x00, 0x00, 0x00, 0x00, 0x00, 0xde, 0x00, 0x00,
  0xe6, 0x00, 0x00, 0x00, 0x00, 0x00, 0x00, 0xe3, 0x00, 0xe5, 0x00, 0x00,
  0x00, 0x00, 0x00, 0x00, 0x00, 0x00, 0x00, 0x00, 0x00, 0x00, 0xde, 0x00,
  0x00, 0xe6, 0x00, 0xe6, 0x00, 0x00, 0x00, 0xe5, 0xdf, 0x00, 0xde, 0x1e,
  0x00, 0x1c, 0x00, 0x00, 0x00, 0x00, 0x00, 0x1e, 0x00, 0x00, 0x00, 0x1d,
  0xe5, 0xe2, 0xe3, 0xdd, 0x00, 0x00, 0xdf, 0x00, 0x00, 0x00, 0xdd, 0x00,
  0x00, 0x00, 0x00, 0xe6, 0x00, 0x00, 0x00, 0x00, 0x00, 0x00, 0x00, 0x00,
  0x1b, 0x00, 0x00, 0x00, 0x00, 0x00, 0xde, 0x00, 0x00, 0x1e, 0x00, 0x00,
  0x00, 0xdf, 0x00, 0x00, 0x00, 0x00, 0x00, 0x1f, 0x00, 0x00, 0x00, 0x00,
  0x00, 0x1c, 0x00, 0x00, 0x00, 0x00, 0x00, 0x00, 0x00, 0x00, 0x00, 0xe2,
  0x00, 0x00, 0x00, 0xe0, 0x00, 0x00, 0x00, 0x1b, 0x1a, 0x00, 0x00, 0x00,
  0x00, 0x00, 0x00, 0x00, 0xe2, 0x00, 0x00, 0xe3, 0x00, 0xe1, 0x00, 0x00,
  0x00, 0x00, 0x00, 0x00, 0x00, 0x00, 0xe3, 0x00, 0x00, 0x00, 0x00, 0x1b,
  0x00, 0x00, 0x1c, 0xe5, 0x00, 0xe2, 0x00, 0x00, 0xe0, 0x00, 0x00, 0xde,
  0x00, 0x00, 0x00, 0x00, 0x1a, 0x00, 0x00, 0x00, 0x00, 0x00, 0x00, 0xdf,
  0xde, 0x00, 0xdf, 0x1c, 0x00, 0x00, 0x00, 0x00, 0x00, 0x00, 0x00, 0x00,
  0xe6, 0x00, 0x00, 0x00, 0x00, 0x00, 0x00, 0x00, 0x00, 0x00, 0x00, 0x00,
  0x00, 0x00, 0x00, 0xe2, 0x00, 0x00, 0x00, 0x00, 0x00, 0x00, 0x00, 0x00,
  0x00, 0x00, 0x00, 0x00, 0x00, 0xe2, 0x00, 0x00, 0x00, 0x00, 0xe5, 0x1a,
  0x00, 0x00, 0x00, 0x00, 0x00, 0x00, 0x00, 0x00, 0x00, 0x00, 0x00, 0x00,
  0x1a, 0x00, 0x00, 0x00, 0x00, 0x00, 0x00, 0x00, 0x1a, 0x00, 0x00, 0x00,
  0x00, 0x00, 0x00, 0xe0, 0x00, 0x00, 0x00, 0x00, 0x1d, 0x00, 0x00, 0x00,
  0x00, 0x00, 0x00, 0x00, 0x00, 0x00, 0x00, 0x00, 0x00, 0x00, 0x00, 0x00,
  0x00, 0x00, 0x1a, 0x00, 0x00, 0x00, 0xe3, 0x00, 0x00, 0x00, 0x00, 0x00,
  0x00, 0xdf, 0x00, 0x00, 0x00, 0x1a, 0xe5, 0x00, 0x00, 0x00, 0x1a, 0x00,
  0x00, 0x00, 0x00, 0x00, 0xe1, 0x00, 0x00, 0x00, 0xe4, 0x1b, 0x00, 0xe2,
  0x00, 0x00, 0xe6, 0xe4, 0x1c, 0x19, 0x00, 0x00, 0x00, 0x00, 0x00, 0x00,
  0xe0, 0x00, 0x00, 0x00, 0x00, 0x1d, 0x00, 0x00, 0x00, 0x00, 0x00, 0x00,
  0x1a, 0x00, 0x00, 0x1c, 0xe4, 0xe3, 0x00, 0x00, 0x00, 0x00, 0x00, 0x00,
  0x1e, 0x00, 0x00, 0x00, 0x00, 0x00, 0x00, 0x00, 0xe1, 0x00, 0x00, 0x1d,
  0x00, 0x00, 0x00, 0x00, 0xdf, 0x00, 0x00, 0x1e, 0x00, 0x00, 0x1e, 0x00,
  0x00, 0x00, 0x00, 0x00, 0x00, 0x00, 0x00, 0x00, 0x00, 0x00, 0x00, 0x00,
  0x00, 0x00, 0x00, 0x00, 0x00, 0x00, 0xe4, 0x00, 0x00, 0x00, 0x00, 0x00,
  0xe2, 0x1c, 0x00, 0xe6, 0x00, 0x00, 0x00, 0x00, 0xe4, 0x00, 0xe6, 0x00,
  0x00, 0x00, 0x00, 0x00, 0xdf, 0x00, 0x00, 0xe1, 0x00, 0x00, 0x00, 0x00,
  0x00, 0x00, 0x00, 0x00, 0x00, 0xe3, 0x1e, 0x00, 0x00, 0xe3, 0x00, 0x00,
  0x00, 0x00, 0x00, 0x00, 0x00, 0x00, 0x1e, 0x00, 0x00, 0x00, 0x00, 0x00,
  0xdf, 0x00, 0x1a, 0xdf, 0x00, 0x00, 0xe3, 0x1b, 0xe1, 0x00, 0x00, 0x00,
  0xe6, 0x1c, 0x00, 0xdf, 0x00, 0x00, 0xe5, 0x00, 0x1e, 0x1c, 0x00, 0x00,
  0x00, 0x00, 0x00, 0x00, 0x00, 0x00, 0x00, 0x00, 0x00, 0x00, 0x00, 0x00,
  0x00, 0x00, 0xdf, 0x00, 0x00, 0x00, 0x00, 0x1b, 0x1e, 0x00, 0x00, 0x00,
  0x00, 0x00, 0x00, 0xe1, 0x00, 0x00, 0x00, 0x00, 0x00, 0x00, 0xe6, 0x00,
  0x00, 0xe3, 0x00, 0x00, 0x00, 0x00, 0x00, 0x00, 0x00, 0x00, 0x00, 0x00,
  0x00, 0x00, 0x00, 0x00, 0x00, 0x00, 0xdf, 0x1a, 0x00, 0x00, 0x00, 0x00,
  0x00, 0x00, 0x00, 0x00, 0x00, 0x00, 0x00, 0x00, 0x00, 0xe4, 0x00, 0x00,
  0x00, 0x00, 0x00, 0x00, 0xe1, 0x00, 0xe6, 0x00, 0x00, 0x00, 0x00, 0x00,
  0xe0, 0x00, 0x00, 0x00, 0x00, 0x00, 0xe6, 0x00, 0x00, 0x00, 0x00, 0x00,
  0x1b, 0x1d, 0x00, 0x00, 0x00, 0x00, 0xe5, 0x00, 0x00, 0x00, 0x00, 0xe3,
  0x1a, 0x00, 0x00, 0x00, 0x1c, 0x00, 0x00, 0x1e, 0x00, 0x00, 0x00, 0xe6,
  0x00, 0x00, 0x00, 0x00, 0x1c, 0x00, 0x00, 0x1d, 0x00, 0x00, 0x00, 0x00,
  0x00, 0x00, 0x00, 0x00, 0x00, 0x00, 0xe0, 0x00, 0x1b, 0x00, 0x00, 0xe5,
  0xe1, 0x00, 0x00, 0x00, 0x00, 0xdf, 0x00, 0x00, 0x00, 0x00, 0xe6, 0x00,
  0x00, 0xe0, 0x1d, 0x00, 0x00, 0x00, 0x00, 0x00, 0x00, 0xe0, 0x00, 0x00,
  0x00, 0x00, 0x1a, 0x00, 0x00, 0x00, 0xe5, 0x00, 0xe4, 0x00, 0x00, 0x00,
  0x00, 0x00, 0x00, 0x00, 0x00, 0xe6, 0xe6, 0x00, 0x00, 0x00, 0x00, 0xe3,
  0x00, 0x00, 0x00, 0x00, 0x00, 0x00, 0x00, 0x00, 0x00, 0x00, 0x00, 0x00,
  0x00, 0x00, 0x00, 0x1b, 0x00, 0x1e, 0x00, 0xe4, 0x1a, 0x00, 0xe6, 0x00,
  0x00, 0x00, 0x00, 0xe0, 0xe6, 0x00, 0x00, 0xe2, 0x00, 0x00, 0xe5, 0x00,
  0x00, 0x00, 0x00, 0x00, 0xe6, 0xe4, 0x00, 0x00, 0x00, 0x00, 0x00, 0x00,
  0xe2, 0x00, 0x00, 0x00, 0xe6, 0x00, 0xe4, 0x00, 0x1b, 0x00, 0x00, 0x00,
  0x1a, 0x00, 0x00, 0x1d, 0x00, 0x00, 0x00, 0x00, 0x00, 0x1c, 0x00, 0x00,
  0x00, 0x00, 0x00, 0x00, 0x00, 0x00, 0x00, 0x00, 0x00, 0x1e, 0x00, 0x00,
  0x00, 0x00, 0x00, 0x00, 0x00, 0xe4, 0x1e, 0x00, 0x00, 0x00, 0x00, 0x00,
  0x00, 0x00, 0x00, 0x00, 0x00, 0x00, 0x00, 0x00, 0x00, 0xe2, 0x00, 0xe3,
  0x00, 0x00, 0x00, 0x00, 0x00, 0x1e, 0xe1, 0x00, 0x00, 0x00, 0x00, 0x00,
  0x00, 0x00, 0x00, 0x00, 0x00, 0x00, 0x00, 0x00, 0xe3, 0x00, 0x00, 0xdf,
  0xe4, 0x00, 0x00, 0x00, 0x1d, 0x00, 0x00, 0x00, 0x00, 0x1b, 0x00, 0x00,
  0x00, 0x00, 0xe1, 0x00, 0x1e, 0x00, 0x00, 0x1c, 0x00, 0x00, 0x00, 0xe3,
  0x00, 0x00, 0x00, 0xe1, 0xe7, 0x00, 0xe6, 0x00, 0x00, 0x00, 0x00, 0x00,
  0xdf, 0x00, 0x1c, 0x00, 0x00, 0x00, 0xdf, 0x00, 0x00, 0x00, 0x00, 0x00,
  0xe5, 0x00, 0xe3, 0x00, 0x00, 0x00, 0x00, 0x00, 0xe5, 0x1e, 0x00, 0x00,
  0x00, 0x00, 0x00, 0x1a, 0x00, 0x00, 0x00, 0x00, 0x00, 0x00, 0x00, 0x00,
  0x00, 0x00, 0x00, 0x00, 0x00, 0x00, 0x00, 0x00, 0x00, 0x1b, 0x00, 0x00,
  0x00, 0x00, 0x1c, 0x00, 0x00, 0x00, 0x00, 0x00, 0x00, 0x00, 0x00, 0x00,
  0x00, 0x00, 0x00, 0x00, 0x1e, 0x00, 0x00, 0x00, 0x00, 0x00, 0x00, 0x00,
  0x00, 0x00, 0x1b, 0x00, 0x00, 0x00, 0x00, 0x00, 0x1e, 0x00, 0x00, 0x00,
  0x00, 0x00, 0x00, 0x00, 0x1b, 0x00, 0x00, 0x00, 0x00, 0x1c, 0x00, 0x00,
  0x00, 0x1c, 0x00, 0x00, 0x00, 0x00, 0x1c, 0x00, 0x00, 0x00, 0x00, 0xdf,
  0x00, 0x00, 0x00, 0x00, 0x00, 0x00, 0x00, 0xdf, 0x1a, 0x00, 0x00, 0x00,
  0x00, 0x1c, 0x1b, 0x00, 0x00, 0x00, 0x00, 0x00, 0x00, 0x00, 0x00, 0x00,
  0xe1, 0x00, 0x00, 0x00, 0x00, 0x00, 0x00, 0x00, 0x00, 0x00, 0x00, 0x00,
  0x00, 0x1d, 0x1c, 0xde, 0x00, 0x00, 0x00, 0x00, 0x00, 0x00, 0x00, 0x00,
  0x00, 0x00, 0x1d, 0x00, 0xe2, 0x00, 0xdf, 0x00, 0x00, 0x00, 0x00, 0x00,
  0x00, 0x00, 0xe4, 0x00, 0x00, 0x00, 0x00, 0x1b, 0x00, 0xe0, 0x00, 0x00,
  0xe3, 0x00, 0xe5, 0x00, 0x00, 0x00, 0x00, 0xe1, 0x00, 0x00, 0x00, 0x00,
  0xe6, 0x00, 0x00, 0x00, 0x00, 0x00, 0x1b, 0xe5, 0x00, 0x00, 0x00, 0x00,
  0x00, 0x00, 0xe2, 0x00, 0x00, 0x00, 0x00, 0xe3, 0x00, 0x00, 0x00, 0xdf,
  0x00, 0xe0, 0x00, 0x00, 0x00, 0x1e, 0x00, 0x00, 0x00, 0x1a, 0xe2, 0x00,
  0x00, 0x00, 0x1a, 0x00, 0x00, 0x1e, 0x00, 0x00, 0x00, 0x00, 0xe0, 0x00,
  0x00, 0xe1, 0x00, 0x1b, 0x1b, 0x00, 0x00, 0x00, 0xe6, 0x00, 0x1d, 0x00,
  0x00, 0x00, 0x1a, 0x00, 0xe5, 0x00, 0x00, 0x00, 0xe6, 0x00, 0x00, 0x00,
  0x00, 0x00, 0x00, 0x00, 0x00, 0x00, 0x00, 0x00, 0xe2, 0x00, 0x00, 0x00,
  0x00, 0x00, 0x00, 0x00, 0x00, 0x00, 0x00, 0x00, 0x00, 0x00, 0xdf, 0xe3,
  0x00, 0x00, 0x00, 0xe5, 0xe0, 0x00, 0xe2, 0xe4, 0xde, 0x00, 0x00, 0x00,
  0x00, 0x00, 0x00, 0x00, 0x00, 0x00, 0xe2, 0x00, 0x00, 0xe1, 0x1c, 0x00,
  0x00, 0xe5, 0x00, 0x00, 0x00, 0x00, 0x00, 0x00, 0xe1, 0x00, 0x00, 0xdf,
  0x00, 0x00, 0x00, 0xe3, 0x1d, 0x00, 0x00, 0x00, 0x00, 0x00, 0x00, 0x00,
  0x00, 0x00, 0x00, 0x00, 0xe5, 0x00, 0x00, 0x00, 0x00, 0x00, 0x00, 0xe1,
  0xe0, 0x00, 0xe6, 0x00, 0x00, 0x00, 0x00, 0x00, 0x00, 0x00, 0xe4, 0x00,
  0x00, 0x00, 0xe5, 0x00, 0x00, 0x00, 0xe7, 0x00, 0xe0, 0x00, 0x00, 0x00,
  0x00, 0x00, 0x00, 0x00, 0x00, 0x00, 0x00, 0x00, 0x00, 0x00, 0x00, 0x00,
  0x1d, 0x00, 0x00, 0x1b, 0x00, 0x00, 0x00, 0xe6, 0x00, 0x00, 0x00, 0x00,
  0xe4, 0x00, 0x00, 0x00, 0x00, 0x00, 0xdf, 0x00, 0x00, 0x19, 0x1a, 0x1e,
  0xe4, 0xe0, 0x00, 0x00, 0x00, 0xde, 0x00, 0x00, 0x00, 0x00, 0xe1, 0x00,
  0x00, 0x00, 0x00, 0x00, 0x1b, 0x00, 0x00, 0x00, 0x00, 0xe6, 0x00, 0xe5,
  0x00, 0x00, 0x00, 0x00, 0x00, 0x00, 0x00, 0xe3, 0x00, 0x00, 0xe3, 0x00,
  0x00, 0x00, 0x1a, 0x00, 0x00, 0x00, 0x00, 0x00, 0x00, 0x00, 0x00, 0xe1,
  0x00, 0x00, 0x00, 0x00, 0x00, 0x00, 0x00, 0x00, 0x00, 0xdf, 0x00, 0x00,
  0x00, 0x00, 0x00, 0x1b, 0x00, 0x00, 0x00, 0x00, 0x00, 0x00, 0x00, 0x00,
  0x00, 0x00, 0x00, 0x00, 0x00, 0x00, 0x00, 0x00, 0x00, 0x00, 0x00, 0x00,
  0x00, 0x00, 0x00, 0x00, 0x00, 0x00, 0x00, 0xe3, 0x00, 0xdf, 0x00, 0x00,
  0x00, 0x00, 0x00, 0x00, 0x00, 0x00, 0x00, 0x00, 0x00, 0xe2, 0x00, 0x1a,
  0x00, 0x00, 0x00, 0x00, 0xe1, 0x00, 0x00, 0x00, 0xe6, 0x00, 0x00, 0xdf,
  0x00, 0x00, 0x00, 0x00, 0x00, 0x00, 0x00, 0xe4, 0x00, 0x00, 0x00, 0xe2,
  0x00, 0xe4, 0x00, 0x00, 0x00, 0x1b, 0x00, 0x00, 0xe6, 0x00, 0x00, 0x00,
  0x00, 0x00, 0x00, 0x00, 0x00, 0x00, 0x00, 0x00, 0x00, 0xe3, 0x00, 0x00,
  0x00, 0x00, 0x00, 0x00, 0x00, 0x00, 0x00, 0x1b, 0x00, 0x00, 0x00, 0x1d,
  0x00, 0x00, 0x00, 0x00, 0x00, 0xe2, 0xe6, 0x00, 0xdf, 0x00, 0x00, 0x00,
  0x00, 0x00, 0x00, 0xdc, 0x00, 0x00, 0x00, 0x00, 0xdd, 0x00, 0xe2, 0x00,
  0xdf, 0x00, 0x00, 0x1b, 0xde, 0xe6, 0x00, 0x00, 0x00, 0x00, 0x00, 0x1b,
  0x00, 0x00, 0x00, 0x00, 0xe5, 0x00, 0xe2, 0x00, 0x00, 0x00, 0x00, 0x1b,
  0x00, 0x00, 0x00, 0x00, 0x00, 0xde, 0x00, 0x00, 0x00, 0xe2, 0x00, 0x00,
  0x00, 0x00, 0x00, 0x00, 0x1a, 0xe4, 0x00, 0x00, 0x00, 0x00, 0x00, 0x00,
  0x00, 0xdf, 0x00, 0xe0, 0x00, 0xe6, 0x00, 0x00, 0x00, 0x00, 0x00, 0x00,
  0x00, 0x00, 0x00, 0x00, 0x00, 0x00, 0x1e, 0x00, 0xdd, 0xe2, 0x00, 0x00,
  0x00, 0x1c, 0x00, 0x00, 0x00, 0x00, 0x00, 0xe5, 0x00, 0x00, 0xdc, 0x00,
  0x00, 0x00, 0x00, 0x00, 0x00, 0x00, 0x00, 0x00, 0x00, 0x00, 0x00, 0xe2,
  0xe6, 0x00, 0x00, 0x00, 0x00, 0x00, 0x1a, 0x1c, 0xe1, 0x00, 0x00, 0xe4,
  0x00, 0x00, 0xe6, 0x00, 0x00, 0x00, 0x00, 0xe0, 0x00, 0x00, 0x00, 0x00,
  0x00, 0x00, 0x00, 0x00, 0x00, 0x00, 0x00, 0x00, 0x00, 0x00, 0x00, 0x00,
  0xe5, 0x00, 0x00, 0x00, 0x00, 0x00, 0x00, 0x00, 0xdf, 0x00, 0x00, 0x00,
  0x00, 0x00, 0x00, 0x00, 0x00, 0x00, 0x00, 0x00, 0x00, 0x00, 0x00, 0x00,
  0x00, 0x00, 0x00, 0x00, 0x00, 0x00, 0x00, 0x00, 0x00, 0xe5, 0x00, 0x00,
  0x00, 0x00, 0x00, 0x00, 0x00, 0x00, 0xdf, 0x00, 0x00, 0x00, 0x19, 0x1a,
  0x00, 0x00, 0x00, 0x00, 0x00, 0x00, 0x00, 0xe4, 0xdf, 0x1d, 0x00, 0x00,
  0xe5, 0x00, 0x00, 0xde, 0x00, 0x00, 0xe5, 0x00, 0xdc, 0x00, 0x00, 0x00,
  0x00, 0x00, 0x00, 0xe0, 0x00, 0xe6, 0x00, 0x00, 0xe3, 0xe3, 0x00, 0xe7,
  0x00, 0x00, 0x00, 0x00, 0xe3, 0x00, 0x00, 0x00, 0x00, 0x00, 0x00, 0x00,
  0x00, 0x00, 0x00, 0x00, 0x00, 0x00, 0xe3, 0x00, 0xe4, 0x00, 0x00, 0x00,
  0x00, 0x00, 0x00, 0x00, 0x00, 0x00, 0xe2, 0x00, 0x00, 0x00, 0x00, 0x00,
  0xe3, 0x00, 0x00, 0x1b, 0x00, 0x1c, 0x00, 0x00, 0x00, 0x00, 0x00, 0x00,
  0x00, 0x00, 0x00, 0x00, 0x00, 0xe2, 0x00, 0x1f, 0xdf, 0x00, 0x00, 0x00,
  0x00, 0x00, 0x00, 0x00, 0x00, 0x00, 0x00, 0x00, 0x00, 0x00, 0x00, 0x00,
  0x00, 0x00, 0x00, 0x00, 0x00, 0x00, 0x00, 0x00, 0x00, 0x00, 0x00, 0xe2,
  0x00, 0xe5, 0x1c, 0x00, 0x00, 0x00, 0x00, 0xe6, 0xdc, 0x00, 0xe6, 0x00,
  0x00, 0x00, 0xe2, 0x1c, 0x00, 0x00, 0x00, 0x00, 0x00, 0x00, 0xdf, 0x00,
  0x00, 0xe1, 0x00, 0x00, 0x00, 0xe3, 0xe5, 0x1b, 0xe2, 0x00, 0x00, 0x00,
  0x00, 0x00, 0x00, 0x00, 0x00, 0x00, 0x00, 0x00, 0x00, 0x00, 0x00, 0xe3,
  0x00, 0x00, 0x00, 0x00, 0x00, 0x00, 0x00, 0x00, 0x00, 0x00, 0x1c, 0xdf,
  0x1a, 0x00, 0x00, 0x00, 0x00, 0x00, 0x00, 0x00, 0x00, 0x00, 0x00, 0x00,
  0x00, 0x00, 0x00, 0x00, 0x00, 0x00, 0xdd, 0x00, 0xe3, 0x00, 0x00, 0x1d,
  0x00, 0x00, 0x00, 0x00, 0x00, 0x00, 0x00, 0x00, 0x00, 0x00, 0x00, 0x00,
  0x00, 0x00, 0x00, 0x00, 0x00, 0x00, 0x00, 0x00, 0x00, 0x00, 0xe3, 0x00,
  0x00, 0x00, 0x00, 0x00, 0x00, 0x00, 0x00, 0x00, 0x00, 0x00, 0x00, 0xe5,
  0x00, 0x00, 0x00, 0x00, 0x00, 0x00, 0xe0, 0x00, 0x00, 0x00, 0x00, 0x00,
  0x00, 0x00, 0x00, 0x00, 0x00, 0x00, 0xe4, 0x00, 0x00, 0x00, 0x00, 0x00,
  0x00, 0x00, 0x00, 0x00, 0x1a, 0xde, 0x00, 0x00, 0x00, 0x00, 0x00, 0xde,
  0x00, 0x00, 0x00, 0x00, 0x00, 0x00, 0x00, 0xe6, 0x00, 0x00, 0xe1, 0x00,
  0x00, 0x00, 0x1a, 0x00, 0x00, 0x00, 0x00, 0x00, 0x00, 0x00, 0x00, 0x00,
  0xe4, 0x00, 0x00, 0x00, 0xdd, 0x00, 0x00, 0xe3, 0x00, 0x00, 0x00, 0xe1,
  0x00, 0x00, 0x00, 0x00, 0x19, 0x00, 0x00, 0x00, 0x00, 0x00, 0x00, 0x00,
  0x00, 0x00, 0x00, 0x00, 0x00, 0x00, 0xdd, 0x00, 0x00, 0x1e, 0x1f, 0x00,
  0x00, 0x1e, 0x00, 0x00, 0x00, 0x00, 0x00, 0x00, 0x00, 0xe2, 0x00, 0x00,
  0x00, 0xe0, 0x00, 0x1c, 0x00, 0x00, 0x00, 0x00, 0x00, 0x00, 0x00, 0x00,
  0x00, 0x00, 0xe6, 0x00, 0x00, 0x00, 0x00, 0x00, 0x00, 0x00, 0xe1, 0x00,
  0x00, 0x00, 0xe3, 0x00, 0x00, 0x00, 0x00, 0x00, 0xe5, 0x00, 0x1b, 0x00,
  0x00, 0x00, 0xe2, 0x00, 0x1a, 0x00, 0x00, 0xe3, 0x00, 0x00, 0x00, 0x00,
  0x00, 0x00, 0x00, 0x00, 0x00, 0xe1, 0x00, 0x00, 0x00, 0x00, 0x1b, 0x00,
  0x00, 0x00, 0x00, 0x00, 0x00, 0x00, 0x1f, 0x1c, 0x00, 0x00, 0x00, 0x00,
  0x00, 0x00, 0xe2, 0x00, 0x00, 0x00, 0xe2, 0x20, 0xe2, 0x00, 0x1c, 0x00,
  0xe4, 0x00, 0x00, 0x00, 0x00, 0x00, 0x00, 0x00, 0x00, 0x00, 0x00, 0x1a,
  0xe5, 0x00, 0x00, 0x00, 0x00, 0x1f, 0x00, 0x00, 0x00, 0x00, 0xe2, 0xe2,
  0x00, 0x00, 0x00, 0x00, 0x00, 0xe3, 0x00, 0x00, 0x00, 0x00, 0x00, 0x00,
  0xe5, 0x00, 0x1d, 0xe3, 0x00, 0x00, 0x00, 0x00, 0x00, 0x00, 0x00, 0x00,
  0x00, 0x00, 0x00, 0x00, 0x00, 0x20, 0x00, 0x00, 0x00, 0x00, 0x00, 0xe6,
  0x00, 0x00, 0x00, 0x00, 0x00, 0x00, 0x00, 0x1f, 0x00, 0x00, 0x1d, 0x00,
  0x00, 0x00, 0x00, 0x00, 0x00, 0x00, 0xe4, 0x00, 0x00, 0x00, 0x00, 0x00,
  0x00, 0x00, 0x00, 0x00, 0x00, 0x00, 0x00, 0xe1, 0x00, 0x00, 0x00, 0x00,
  0x00, 0x00, 0x00, 0x00, 0xe6, 0x00, 0x00, 0x00, 0x00, 0x1a, 0x00, 0x00,
  0x1d, 0x00, 0x00, 0x00, 0x00, 0x00, 0x00, 0x00, 0x00, 0x00, 0x00, 0x00,
  0x00, 0x00, 0x00, 0x00, 0x00, 0x00, 0x00, 0x00, 0x00, 0x1a, 0xe1, 0xe3,
  0x00, 0x00, 0x00, 0x00, 0x00, 0x00, 0x00, 0x00, 0x00, 0xe6, 0x00, 0xe4,
  0x00, 0x00, 0xe3, 0x1a, 0x00, 0x00, 0x00, 0x00, 0x00, 0x00, 0x00, 0x00,
  0x00, 0x00, 0x00, 0x00, 0x1a, 0x00, 0x00, 0x00, 0xe2, 0x00, 0x00, 0x00,
  0x1e, 0xe3, 0x20, 0x00, 0x1f, 0x00, 0x00, 0x00, 0x00, 0x00, 0x00, 0x00,
  0x00, 0xe5, 0x1f, 0x00, 0x00, 0x00, 0x00, 0x1c, 0x00, 0x00, 0x00, 0x1e,
  0x00, 0x00, 0xe2, 0xe4, 0x1d, 0x00, 0x00, 0x00, 0x00, 0x00, 0x00, 0x00,
  0x1a, 0x00, 0x00, 0x00, 0x00, 0x00, 0xe4, 0x00, 0x00, 0x00, 0x00, 0x00,
  0x00, 0x00, 0x1d, 0x00, 0xe0, 0x00, 0x00, 0x20, 0x00, 0x00, 0x00, 0x00,
  0xe1, 0x00, 0xe1, 0x00, 0x1b, 0x00, 0x00, 0x00, 0x00, 0xe0, 0x00, 0x00,
  0x20, 0x00, 0x00, 0x00, 0x00, 0x00, 0x00, 0xe2, 0x00, 0x1f, 0x00, 0x00,
  0x00, 0x1c, 0xe4, 0x00, 0xe5, 0x00, 0x00, 0x00, 0x00, 0x00, 0x00, 0x00,
  0x00, 0x00, 0x00, 0x00, 0x00, 0xe5, 0x00, 0xe6, 0x20, 0x00, 0x00, 0x00,
  0x00, 0x00, 0x00, 0xe3, 0x00, 0x00, 0x00, 0x00, 0x00, 0x00, 0x00, 0x00,
  0xe0, 0x00, 0x00, 0x1d, 0x00, 0x00, 0xe2, 0x1a, 0x00, 0x00, 0x1a, 0xe2,
  0x00, 0x00, 0x00, 0x00, 0x00, 0x00, 0x00, 0x1a, 0xe0, 0x00, 0x00, 0xe4,
  0x00, 0x1f, 0x00, 0x00, 0x00, 0x00, 0x00, 0x00, 0x00, 0x00, 0x00, 0x1f,
  0x00, 0x00, 0x00, 0xe2, 0xe3, 0x00, 0x1e, 0x00, 0x00, 0x00, 0x00, 0xe2,
  0x20, 0x00, 0x00, 0x00, 0x00, 0x00, 0xe6, 0xe1, 0x00, 0x00, 0x00, 0xe5,
  0x00, 0x00, 0x1f, 0x00, 0x00, 0x00, 0x00, 0x00, 0x00, 0x00, 0x1f, 0x1f,
  0x00, 0x00, 0x00, 0x00, 0x00, 0xe2, 0x00, 0x00, 0x00, 0x00, 0x00, 0x00,
  0x00, 0xe0, 0x00, 0x00, 0x00, 0x00, 0x00, 0xe5, 0xe6, 0x00, 0x00, 0x00,
  0x00, 0x00, 0x00, 0x00, 0x1b, 0x00, 0x00, 0x00, 0x00, 0x00, 0x00, 0xe0,
  0x00, 0x00, 0x00, 0x1f, 0x00, 0x00, 0x00, 0x00, 0x1b, 0x00, 0x00, 0x00,
  0x00, 0x00, 0x00, 0x1f, 0xe5, 0x00, 0x00, 0x1f, 0xe5, 0x00, 0x00, 0x00,
  0x00, 0x00, 0x00, 0xe3, 0x00, 0xe3, 0x1a, 0x1a, 0x00, 0x00, 0xe2, 0x00,
  0x00, 0x00, 0xe6, 0x00, 0x20, 0x1d, 0x00, 0x00, 0x00, 0xe4, 0x1c, 0x00,
  0xe5, 0x00, 0x00, 0x00, 0x1c, 0x00, 0x00, 0x00, 0x00, 0x00, 0x00, 0x00,
  0x00, 0xe6, 0x00, 0x00, 0x00, 0x00, 0xe5, 0x00, 0xe5, 0x00, 0x00, 0x00,
  0x00, 0x00, 0x00, 0x00, 0x00, 0x00, 0x00, 0x00, 0x00, 0xe6, 0xe6, 0x00,
  0x00, 0x1a, 0x00, 0x00, 0x00, 0x00, 0x00, 0x00, 0x00, 0x00, 0x00, 0x00,
  0x00, 0x00, 0x00, 0x00, 0x00, 0x00, 0xe6, 0x00, 0x00, 0x00, 0x00, 0x00,
  0x00, 0x00, 0x00, 0x00, 0x00, 0x00, 0x00, 0x00, 0x00, 0x00, 0x00, 0xd2,
  0x00, 0x00, 0x00, 0xda, 0x00, 0x00, 0x00, 0xf8, 0x00, 0xda, 0x00, 0x00,
  0x00, 0x00, 0x3d, 0xd6, 0x00, 0xc7, 0x00, 0x00, 0x3e, 0xd1, 0x00, 0x00,
  0x00, 0x00, 0x00, 0x00, 0x00, 0xd4, 0x00, 0x00, 0x00, 0x00, 0x00, 0x00,
  0x00, 0x00, 0x00, 0x00, 0x00, 0x00, 0x00, 0x00, 0x00, 0x00, 0x00, 0xcb,
  0x00, 0x00, 0x41, 0x00, 0x00, 0xcd, 0x00, 0x00, 0x46, 0x00, 0x00, 0x00,
  0x00, 0x00, 0x00, 0x1a, 0x00, 0x00, 0x00, 0x00, 0x00, 0x00, 0x00, 0x00,
  0x00, 0x00, 0x00, 0x00, 0x00, 0x00, 0x00, 0x00, 0x00, 0x00, 0x00, 0x00,
  0x09, 0x00, 0x00, 0xe8, 0x00, 0x00, 0x00, 0x00, 0x00, 0xe3, 0x00, 0xd1,
  0x00, 0x00, 0x00, 0xdb, 0x00, 0x00, 0x00, 0x00, 0x00, 0xe6, 0x00, 0xd0,
  0x00, 0xf4, 0x00, 0x00, 0x00, 0x00, 0x0c, 0x00, 0x00, 0x00, 0x00, 0x00,
  0x00, 0x00, 0x4a, 0x00, 0x00, 0x00, 0x00, 0xfa, 0x42, 0x00, 0x00, 0x00,
  0x00, 0x00, 0x44, 0x00, 0x00, 0x00, 0x00, 0x00, 0x00, 0x00, 0x00, 0xca,
  0x00, 0x00, 0x00, 0x00, 0x00, 0x00, 0x0c, 0x00, 0x00, 0x00, 0x00, 0xca,
  0x00, 0x00, 0x00, 0xd5, 0x0d, 0x00, 0x00, 0xf7, 0x00, 0xc7, 0x17, 0xcb,
  0x00, 0x00, 0x00, 0x00, 0x0f, 0x00, 0x00, 0x00, 0x00, 0x00, 0x16, 0xc1,
  0x00, 0x00, 0x00, 0x00, 0x00, 0xbe, 0x00, 0xcc, 0x00, 0x00, 0x14, 0x00,
  0x00, 0x00, 0x00, 0x00, 0x0e, 0x00, 0x00, 0x00, 0x00, 0x00, 0x0d, 0x00,
  0x00, 0x00, 0x00, 0x00, 0x0f, 0x00, 0x00, 0xdb, 0x00, 0x00, 0x00, 0x00,
  0x00, 0xdd, 0x00, 0x00, 0x00, 0x00, 0x00, 0xe0, 0x3b, 0xd9, 0x00, 0x00,
  0x00, 0x00, 0x40, 0xd9, 0x00, 0x00, 0x00, 0x1b, 0x36, 0xce, 0x00, 0xc7,
  0x00, 0x00, 0x3c, 0xd7, 0x00, 0x00, 0x00, 0x00, 0x00, 0x00, 0x00, 0x00,
  0x00, 0x27, 0x00, 0x00, 0x00, 0x00, 0x00, 0x00, 0x00, 0x00, 0x00, 0x00,
  0x00, 0x2e, 0x00, 0x00, 0x00, 0x00, 0x00, 0x2e, 0x00, 0x00, 0x00, 0x00,
  0xe1, 0x32, 0x3d, 0x00, 0x00, 0x00, 0x00, 0x00, 0x00, 0x00, 0x00, 0x06,
  0x00, 0x00, 0x00, 0x00, 0x00, 0x00, 0x00, 0x00, 0x00, 0x00, 0x00, 0x00,
  0x00, 0x00, 0x00, 0xe9, 0x00, 0x00, 0x00, 0x00, 0x00, 0x00, 0x00, 0x00,
  0x00, 0x00, 0x00, 0xd9, 0x00, 0x00, 0x00, 0x00, 0x00, 0xcc, 0x00, 0x00,
  0x00, 0x00, 0x38, 0xca, 0x00, 0x00, 0x00, 0x00, 0x00, 0x00, 0x00, 0x00,
  0x00, 0x00, 0x00, 0x00, 0x00, 0xd1, 0x00, 0x47, 0x00, 0x00, 0x00, 0x00,
  0x00, 0x00, 0x00, 0x00, 0x00, 0xcf, 0xf4, 0x56, 0x00, 0x00, 0x00, 0xd4,
  0x00, 0x50, 0x00, 0x00, 0x00, 0x00, 0x00, 0x4d, 0x00, 0x00, 0x00, 0x00,
  0x00, 0x00, 0x00, 0x00, 0x00, 0xc9, 0xfa, 0x00, 0x00, 0x00, 0x00, 0x00,
  0x03, 0x00, 0x00, 0x00, 0x00, 0xca, 0x04, 0x00, 0x00, 0x00, 0x3b, 0x00,
  0x00, 0x00, 0x00, 0x00, 0x37, 0x00, 0x00, 0xfe, 0x00, 0x00, 0x38, 0x00,
  0x00, 0x00, 0x00, 0x00, 0x3f, 0x00, 0x00, 0x00, 0x00, 0x00, 0x00, 0x00,
  0x00, 0x00, 0x00, 0x00, 0x00, 0x00, 0x00, 0x00, 0x00, 0x00, 0x00, 0x00,
  0x2f, 0xf5, 0x00, 0x00, 0x00, 0x00, 0x00, 0xee, 0x00, 0x00, 0x00, 0x00,
  0x35, 0x00, 0x00, 0x00, 0x00, 0x00, 0x00, 0x00, 0x00, 0xe6, 0x00, 0xf9,
  0x00, 0xe7, 0x00, 0xdf, 0x00, 0x01, 0x00, 0x00, 0x00, 0xc7, 0x00, 0xff,
  0x00, 0xf2, 0x00, 0x00, 0x00, 0x00, 0x00, 0x00, 0x40, 0x00, 0x00, 0x00,
  0x2a, 0xee, 0x49, 0x00, 0x00, 0x00, 0x00, 0xf8, 0x44, 0x00, 0x00, 0x00,
  0x00, 0x00, 0x00, 0x00, 0x00, 0x00, 0x28, 0x00, 0x3a, 0x00, 0x00, 0x00,
  0x25, 0x00, 0x00, 0x00, 0x00, 0x00, 0x00, 0x00, 0x00, 0x00, 0x00, 0x00,
  0x00, 0x01, 0x00, 0x00, 0x00, 0x00, 0x00, 0x00, 0x00, 0x00, 0x00, 0x00,
  0x00, 0x0e, 0x00, 0x00, 0x00, 0x00, 0x00, 0x04, 0x00, 0x00, 0x00, 0x00,
  0x24, 0xfd, 0x3b, 0x00, 0x00, 0x00, 0x00, 0x00, 0x3c, 0x00, 0x00, 0x00,
  0x12, 0x00, 0x00, 0x00, 0x00, 0x00, 0x15, 0x00, 0x00, 0x00, 0x00, 0x00,
  0x00, 0x0b, 0x00, 0x00, 0x00, 0x00, 0x00, 0x0e, 0x00, 0xc8, 0x00, 0x00,
  0x10, 0x00, 0x00, 0x00, 0x00, 0x00, 0x36, 0x00, 0x1b, 0x00, 0x00, 0x00,
  0x00, 0x00, 0x00, 0x00, 0x00, 0x00, 0x00, 0x00, 0x00, 0x00, 0x00, 0x00,
  0x1d, 0x00, 0x00, 0x00, 0x00, 0x00, 0x00, 0x1a, 0x00, 0x1b, 0x1a, 0x00,
  0x00, 0xe3, 0xe5, 0x00, 0x00, 0x00, 0x1d, 0x00, 0x00, 0x00, 0x00, 0x00,
  0x00, 0x00, 0x00, 0xe5, 0x1c, 0x1c, 0x00, 0xe3, 0x00, 0xe6, 0x00, 0xe4,
  0x00, 0x00, 0x1d, 0x00, 0x1b, 0xde, 0x00, 0x00, 0xe6, 0x00, 0x00, 0xe6,
  0x00, 0x00, 0x00, 0x00, 0x00, 0x00, 0x00, 0x00, 0xdf, 0x00, 0x1a, 0x00,
  0x00, 0x00, 0x00, 0xe5, 0x00, 0xe1, 0x00, 0x00, 0xde, 0x1e, 0xe3, 0x00,
  0x00, 0x00, 0x00, 0x00, 0x00, 0x00, 0x00, 0x00, 0x00, 0x1e, 0x1c, 0x00,
  0x00, 0x00, 0x00, 0x00, 0xe0, 0x00, 0x1b, 0x00, 0x00, 0x00, 0x00, 0x00,
  0x00, 0x00, 0x00, 0x00, 0xdf, 0x00, 0xe2, 0x00, 0x00, 0x00, 0x1e, 0x00,
  0x00, 0x19, 0x00, 0x00, 0xe0, 0x1d, 0xe6, 0x00, 0xe6, 0x00, 0x00, 0x00,
  0x00, 0x00, 0x00, 0x00, 0x00, 0x00, 0x00, 0x00, 0x00, 0x00, 0xe3, 0xe2,
  0xe0, 0x00, 0x1b, 0x00, 0x00, 0x1a, 0xe2, 0x00, 0x00, 0x1a, 0x00, 0xe0,
  0xdf, 0x00, 0x00, 0x00, 0x00, 0x00, 0x00, 0x00, 0x00, 0x00, 0x1e, 0x00,
  0xe3, 0x00, 0x00, 0x00, 0x00, 0x00, 0x00, 0x00, 0xe6, 0x00, 0x00, 0xe1,
  0x00, 0x00, 0xe6, 0x00, 0x00, 0x00, 0x00, 0xe2, 0x00, 0xe5, 0x00, 0x00,
  0xe6, 0x00, 0xe3, 0x00, 0x00, 0x00, 0x00, 0x00, 0x00, 0x00, 0x1a, 0x00,
  0x00, 0x1b, 0x00, 0x00, 0x1e, 0x00, 0x00, 0x00, 0x00, 0x00, 0x00, 0x00,
  0x00, 0x00, 0x00, 0x00, 0x00, 0x00, 0xe5, 0x00, 0x00, 0x00, 0xe6, 0xe7,
  0x00, 0x00, 0x1c, 0x1a, 0x00, 0x00, 0x00, 0x00, 0x00, 0x00, 0x00, 0x00,
  0x00, 0x00, 0x00, 0x00, 0x00, 0x00, 0x00, 0x00, 0xdf, 0x00, 0x00, 0x00,
  0x00, 0x00, 0x00, 0x00, 0x00, 0x00, 0x00, 0xe2, 0xe0, 0x00, 0x1c, 0x00,
  0xe2, 0xe1, 0x00, 0x00, 0x00, 0x00, 0x00, 0x00, 0x00, 0x00, 0x00, 0x00,
  0x00, 0x00, 0xdf, 0x1a, 0x1b, 0xe1, 0x00, 0xe3, 0x00, 0xe3, 0x00, 0x00,
  0x00, 0x00, 0x00, 0xe5, 0x00, 0x00, 0x00, 0x00, 0xe6, 0x1b, 0x00, 0x00,
  0x00, 0x00, 0x00, 0x00, 0x00, 0x00, 0x00, 0x00, 0x00, 0xdf, 0x00, 0x00,
  0x00, 0x00, 0x00, 0x00, 0x00, 0x1b, 0x00, 0x00, 0x00, 0x00, 0x00, 0x00,
  0x00, 0x00, 0x1d, 0x00, 0x00, 0x00, 0x00, 0x1a, 0x00, 0x00, 0x00, 0xe4,
  0x00, 0x00, 0x00, 0x00, 0x00, 0x00, 0x00, 0x00, 0x00, 0x1b, 0x00, 0xdf,
  0x00, 0xe6, 0x00, 0x00, 0x00, 0x00, 0x1d, 0x00, 0x00, 0x00, 0x00, 0xe3,
  0x00, 0x00, 0x00, 0x00, 0x00, 0x00, 0x1d, 0x1e, 0x00, 0x00, 0x00, 0x00,
  0x00, 0xe3, 0x00, 0x00, 0x00, 0x00, 0x00, 0xe1, 0x00, 0x00, 0xe7, 0x00,
  0x1c, 0x00, 0xde, 0x00, 0x00, 0x00, 0x00, 0x00, 0x00, 0x00, 0x00, 0xde,
  0xde, 0xe0, 0x00, 0x00, 0x00, 0xe3, 0x00, 0x00, 0x00, 0x00, 0x00, 0x00,
  0xe2, 0x00, 0x00, 0x00, 0xe0, 0x00, 0xe5, 0xe2, 0xe2, 0x00, 0x00, 0x1c,
  0x1b, 0x00, 0x00, 0x00, 0x00, 0x00, 0x00, 0x00, 0x00, 0x00, 0x00, 0x00,
  0x00, 0x00, 0x00, 0x00, 0x00, 0x00, 0x00, 0xe6, 0x00, 0x00, 0x00, 0x00,
  0x00, 0x00, 0x00, 0x00, 0xe1, 0x00, 0x00, 0xe0, 0x00, 0x00, 0x1a, 0x00,
  0x00, 0xe5, 0x00, 0xe2, 0x00, 0x00, 0x00, 0x00, 0x00, 0x00, 0x1b, 0x00,
  0x1a, 0xe0, 0x00, 0x00, 0x00, 0x00, 0x00, 0x00, 0xe3, 0x1e, 0x00, 0x00,
  0x00, 0x00, 0x00, 0xe0, 0x00, 0x00, 0x00, 0x00, 0x00, 0x00, 0xe4, 0x00,
  0x1d, 0xe5, 0x00, 0x00, 0x00, 0x00, 0x00, 0x00, 0x00, 0x00, 0xe0, 0xe4,
  0x00, 0x00, 0x00, 0x00, 0x00, 0x00, 0x00, 0x00, 0x00, 0x00, 0x1b, 0x00,
  0x00, 0x00, 0x00, 0x00, 0x00, 0xe2, 0x00, 0xe4, 0xe1, 0x00, 0x00, 0x00,
  0x00, 0x00, 0x00, 0x00, 0x00, 0x00, 0x00, 0xe0, 0x00, 0x00, 0x00, 0x00,
  0x00, 0x00, 0x00, 0x00, 0x1d, 0x00, 0x00, 0xe6, 0xe1, 0x00, 0x1c, 0x00,
  0x00, 0xe2, 0x00, 0xe1, 0xdf, 0x00, 0x00, 0x00, 0xe4, 0x00, 0x1a, 0x00,
  0x00, 0x00, 0xe5, 0x00, 0x00, 0x00, 0x00, 0x00, 0x00, 0x00, 0x00, 0x1a,
  0x00, 0x00, 0x00, 0x00, 0x00, 0xe6, 0xe5, 0x00, 0x00, 0xe5, 0x00, 0x00,
  0x00, 0x00, 0x00, 0xe1, 0x00, 0x00, 0x00, 0x00, 0x00, 0x00, 0x00, 0x00,
  0x00, 0x00, 0x00, 0x1f, 0x00, 0x00, 0x00, 0x00, 0x00, 0x00, 0x00, 0x00,
  0x00, 0x00, 0x00, 0x00, 0xe3, 0x00, 0x1e, 0x00, 0x00, 0x00, 0x00, 0xe5,
  0x00, 0x00, 0xe5, 0x00, 0x00, 0x00, 0xe6, 0x00, 0x00, 0x00, 0x00, 0x00,
  0x1d, 0x00, 0x00, 0x1f, 0x00, 0x00, 0x00, 0x00, 0x00, 0x00, 0x1f, 0x00,
  0x00, 0x00, 0x1b, 0x1f, 0x00, 0x00, 0x00, 0x00, 0x00, 0x00, 0x00, 0xe3,
  0x00, 0x00, 0x00, 0x00, 0xe5, 0x00, 0x00, 0x00, 0x00, 0x00, 0xe5, 0x1c,
  0x00, 0x00, 0x00, 0x00, 0x00, 0x00, 0x00, 0x00, 0x00, 0xe5, 0x00, 0x00,
  0x00, 0x00, 0x00, 0x00, 0x00, 0x00, 0x00, 0x00, 0x00, 0x00, 0x00, 0x00,
  0x00, 0x00, 0x00, 0x00, 0x00, 0x00, 0xe5, 0x00, 0x1d, 0x1b, 0x00, 0xe6,
  0xe5, 0x00, 0x00, 0x00, 0x00, 0x00, 0x00, 0x00, 0xe1, 0x00, 0xe2, 0x00,
  0x00, 0x1a, 0x00, 0x00, 0xe5, 0x00, 0x00, 0x00, 0x00, 0xe3, 0x00, 0x00,
  0x00, 0x00, 0x00, 0xe3, 0x00, 0x00, 0x00, 0x00, 0x00, 0x00, 0x00, 0x00,
  0x00, 0x00, 0x00, 0x00, 0x00, 0x00, 0xe6, 0x00, 0x1f, 0x00, 0x00, 0x00,
  0x00, 0x00, 0x1b, 0x00, 0x00, 0xe0, 0x00, 0x00, 0x00, 0x00, 0x00, 0x00,
  0x00, 0xe0, 0x00, 0x00, 0x1a, 0x00, 0x00, 0x00, 0x00, 0x00, 0x00, 0x00,
  0x00, 0x00, 0x00, 0x00, 0x00, 0x00, 0x00, 0xe3, 0x00, 0x00, 0xe2, 0x00,
  0x00, 0x00, 0xe0, 0x00, 0x00, 0x00, 0x1e, 0x00, 0x00, 0x00, 0x00, 0x00,
  0x00, 0x00, 0x00, 0x00, 0x00, 0xe5, 0x00, 0x00, 0x00, 0x00, 0x00, 0x00,
  0x1c, 0x00, 0x00, 0xe4, 0x00, 0x00, 0x00, 0x00, 0x00, 0x00, 0x00, 0x00,
  0x1d, 0x00, 0x00, 0xe1, 0x00, 0x00, 0x00, 0xe4, 0x00, 0x00, 0x00, 0x00,
  0x00, 0x00, 0x00, 0x00, 0x00, 0x00, 0x00, 0x00, 0x1d, 0x00, 0xe3, 0x00,
  0x00, 0x00, 0x00, 0x00, 0x00, 0xe1, 0x00, 0x00, 0x00, 0x00, 0x00, 0xe0,
  0xe2, 0x00, 0x00, 0xe5, 0xe5, 0x00, 0x00, 0x00, 0x00, 0x00, 0x00, 0xe6,
  0x00, 0x00, 0x00, 0x00, 0xe4, 0x00, 0x00, 0x00, 0x00, 0x00, 0x00, 0x00,
  0x1b, 0x1e, 0xdf, 0x00, 0x1c, 0x00, 0x00, 0x00, 0x00, 0x00, 0x00, 0x00,
  0x00, 0x00, 0x00, 0x00, 0x00, 0xe3, 0x00, 0x00, 0x00, 0xe3, 0x00, 0xdf,
  0xe3, 0x00, 0x00, 0x00, 0x00, 0x1d, 0x00, 0x00, 0x00, 0x1d, 0xdf, 0x00,
  0x00, 0x00, 0x1d, 0x00, 0x00, 0x00, 0x00, 0x20, 0xe6, 0x00, 0xe3, 0x00,
  0x00, 0x00, 0x00, 0x00, 0x00, 0x00, 0x00, 0x00, 0x00, 0x20, 0xe6, 0x00,
  0x00, 0x00, 0x00, 0x1b, 0x00, 0x00, 0x00, 0x00, 0x00, 0x00, 0x1b, 0x1d,
  0x00, 0x00, 0x00, 0x00, 0x00, 0x00, 0x00, 0x00, 0x00, 0x00, 0x00, 0x00,
  0xe3, 0xe3, 0x00, 0x00, 0x00, 0x00, 0x00, 0x00, 0x00, 0x00, 0x00, 0x00,
  0x00, 0x00, 0x00, 0x00, 0x00, 0xe5, 0x00, 0x00, 0xe0, 0x1b, 0x00, 0x00,
  0x00, 0x00, 0x00, 0x00, 0x00, 0x00, 0x00, 0xe6, 0x00, 0x00, 0x00, 0x1a,
  0x00, 0x00, 0x00, 0x00, 0x00, 0xe3, 0x00, 0x00, 0x00, 0x1c, 0x00, 0x00,
  0x00, 0xe3, 0x00, 0x00, 0xe4, 0x00, 0x00, 0xe2, 0x00, 0x00, 0x00, 0x00,
  0x00, 0x00, 0x00, 0x00, 0x00, 0x00, 0x00, 0x00, 0x00, 0x00, 0x00, 0x00,
  0xe1, 0x00, 0x1f, 0x00, 0x00, 0x00, 0x00, 0xe4, 0x00, 0x00, 0x00, 0x00,
  0x00, 0x00, 0x00, 0x00, 0x00, 0x00, 0x00, 0x1f, 0x00, 0x00, 0x00, 0x1a,
  0x00, 0x1b, 0xe1, 0x00, 0x00, 0xe5, 0x00, 0x00, 0x00, 0x00, 0x00, 0x1a,
  0x00, 0xe3, 0xe0, 0x00, 0xe6, 0x00, 0x00, 0x00, 0x1b, 0x00, 0x00, 0x00,
  0x00, 0x00, 0x1d, 0x00, 0x00, 0x00, 0x00, 0xe1, 0x00, 0x00, 0x00, 0x00,
  0xe6, 0x00, 0x00, 0x00, 0x00, 0x00, 0x20, 0x00, 0x00, 0x1c, 0x00, 0x00,
  0x00, 0x00, 0x00, 0x00, 0x00, 0x00, 0x00, 0x00, 0x00, 0x20, 0xe5, 0x00,
  0x00, 0x00, 0x00, 0x1d, 0x1f, 0x00, 0x00, 0x00, 0x00, 0x00, 0x00, 0x00,
  0x00, 0x00, 0x00, 0x00, 0x00, 0x00, 0x00, 0x00, 0xe0, 0x00, 0x00, 0x00,
  0x00, 0x00, 0xe0, 0x00, 0x00, 0x00, 0x00, 0x00, 0x00, 0x00, 0x00, 0x00,
  0x00, 0x00, 0x00, 0x00, 0x00, 0x00, 0x00, 0x00, 0x00, 0x00, 0x00, 0x00,
  0x1a, 0x1c, 0x00, 0x00, 0xe0, 0x00, 0x00, 0x00, 0x00, 0x00, 0xe3, 0x00,
  0xe5, 0xe6, 0x00, 0x00, 0x00, 0x00, 0x00, 0x00, 0xe5, 0x00, 0x00, 0x00,
  0x00, 0x00, 0x00, 0x00, 0x00, 0x1a, 0x00, 0x00, 0x00, 0xe3, 0x00, 0x00,
  0x00, 0xdf, 0x00, 0xe5, 0x00, 0x00, 0x00, 0x00, 0x00, 0x00, 0x00, 0x00,
  0x00, 0x00, 0x00, 0x00, 0x00, 0x00, 0x00, 0x00, 0x00, 0x00, 0x00, 0x00,
  0x00, 0x00, 0xe2, 0x00, 0xe1, 0xe1, 0x00, 0x00, 0x00, 0x00, 0x00, 0x00,
  0x00, 0x00, 0x00, 0x00, 0x00, 0x00, 0x00, 0x00, 0x00, 0x00, 0x00, 0x00,
  0x00, 0x00, 0x00, 0xe5, 0xdf, 0x00, 0x00, 0xdf, 0x00, 0x00, 0x00, 0x00,
  0x00, 0x00, 0x00, 0x00, 0x1e, 0x00, 0x00, 0x00, 0x00, 0x00, 0x1d, 0xdf,
  0x1e, 0x00, 0x00, 0x00, 0x1e, 0x00, 0x00, 0x00, 0x00, 0x00, 0x00, 0x00,
  0x00, 0xe3, 0x00, 0x00, 0x00, 0xe3, 0x00, 0x00, 0x00, 0xde, 0xe3, 0x00,
  0xe0, 0x00, 0x1c, 0xe4, 0x00, 0x00, 0xe0, 0xe4, 0x00, 0x00, 0xe1, 0xe6,
  0x00, 0x00, 0x00, 0x00, 0x00, 0xe4, 0x00, 0x00, 0x1b, 0x00, 0x00, 0x00,
  0x00, 0x00, 0x00, 0x1e, 0x1b, 0xdf, 0x00, 0x00, 0x00, 0x00, 0xe0, 0x00,
  0x00, 0x00, 0x00, 0xe6, 0x00, 0x00, 0x00, 0x00, 0x00, 0x00, 0x1e, 0x00,
  0x00, 0x1d, 0x00, 0xe6, 0x00, 0x00, 0x00, 0x00, 0x00, 0x00, 0x00, 0x00,
  0x00, 0x00, 0xde, 0x00, 0x00, 0x00, 0x00, 0x00, 0x00, 0x00, 0x00, 0x00,
  0x00, 0x00, 0x00, 0x00, 0x1d, 0x00, 0x00, 0x00, 0x00, 0x1b, 0x00, 0x00,
  0xe3, 0x00, 0xe4, 0x00, 0x00, 0x00, 0xde, 0x1c, 0x1a, 0x00, 0xe2, 0xe0,
  0x00, 0x1a, 0x00, 0x00, 0x00, 0x1a, 0x00, 0x00, 0x00, 0x00, 0x00, 0x00,
  0xe2, 0xe6, 0x00, 0x00, 0x00, 0x00, 0x00, 0xe5, 0xde, 0xde, 0x1a, 0x00,
  0x00, 0x00, 0x00, 0xe1, 0x00, 0x00, 0xdf, 0x00, 0x00, 0x00, 0x00, 0x00,
  0x00, 0x1d, 0x00, 0xde, 0x00, 0x00, 0x00, 0x1d, 0xe6, 0xde, 0x00, 0x00,
  0xe4, 0x00, 0x1c, 0x00, 0x00, 0x00, 0x00, 0x00, 0x00, 0x00, 0x00, 0x00,
  0x00, 0x00, 0x00, 0x00, 0x00, 0x00, 0x00, 0x00, 0x00, 0xde, 0x00, 0x00,
  0x00, 0x00, 0x00, 0x00, 0xe5, 0x00, 0x00, 0x00, 0x00, 0xe0, 0xe4, 0x00,
  0x1c, 0x00, 0xe5, 0x00, 0x00, 0x00, 0x00, 0x00, 0xe2, 0xdf, 0x00, 0x00,
  0x00, 0x00, 0x00, 0xe1, 0x00, 0x00, 0x00, 0x1b, 0x00, 0xe3, 0x00, 0x00,
  0xe6, 0xe1, 0x1a, 0x00, 0x00, 0x00, 0x00, 0xe0, 0x00, 0x00, 0x00, 0x00,
  0x00, 0x00, 0x00, 0x00, 0x00, 0x00, 0x00, 0x00, 0x00, 0x00, 0x00, 0x00,
  0x00, 0x00, 0x1c, 0x00, 0x00, 0x00, 0x00, 0x00, 0x00, 0x00, 0x00, 0x1d,
  0xe2, 0x00, 0x00, 0x00, 0x00, 0x00, 0x00, 0x00, 0x00, 0x00, 0x00, 0xe3,
  0x00, 0x00, 0x00, 0x00, 0x00, 0x00, 0x00, 0x00, 0x00, 0x00, 0x00, 0x00,
  0x00, 0x00, 0x00, 0x00, 0x00, 0x00, 0x00, 0xe5, 0x00, 0x00, 0x00, 0x1d,
  0x00, 0x1d, 0x00, 0x00, 0x00, 0xe0, 0x00, 0x00, 0x00, 0x00, 0x00, 0x00,
  0x00, 0x00, 0x00, 0xe2, 0x00, 0x00, 0x00, 0x00, 0x00, 0xe6, 0x00, 0x00,
  0x00, 0xdf, 0x00, 0x00, 0x00, 0x00, 0x00, 0x00, 0x00, 0x1d, 0x00, 0x00,
  0x00, 0x00, 0x00, 0xe3, 0x00, 0x00, 0x1c, 0x00, 0x00, 0x00, 0xe6, 0x00,
  0x00, 0x00, 0x00, 0x00, 0x00, 0x00, 0x00, 0x00, 0x00, 0x00, 0x00, 0x00,
  0xdf, 0x00, 0xdf, 0xe0, 0x00, 0x00, 0x00, 0x00, 0x00, 0x00, 0xe0, 0x00,
  0x00, 0x00, 0x00, 0x00, 0xe5, 0x00, 0x00, 0x00, 0x1b, 0x1c, 0x00, 0x00,
  0x00, 0x1b, 0x00, 0x00, 0x00, 0x00, 0x00, 0x00, 0x00, 0x00, 0x00, 0x00,
  0x00, 0x00, 0x00, 0x1e, 0xe3, 0x00, 0x00, 0xde, 0xe4, 0x00, 0xe1, 0xe0,
  0x00, 0x00, 0x00, 0xe2, 0x00, 0x00, 0x00, 0x00, 0x00, 0x00, 0x00, 0x00,
  0xe0, 0x00, 0x00, 0x00, 0x00, 0x00, 0xe1, 0x00, 0x00, 0x00, 0x1b, 0x00,
  0x00, 0x00, 0x00, 0x00, 0x00, 0x00, 0x00, 0xe1, 0x00, 0x00, 0x00, 0x00,
  0x00, 0x00, 0x00, 0x00, 0x00, 0x00, 0x1a, 0x00, 0x00, 0x00, 0x00, 0x00,
  0x00, 0x00, 0x00, 0x1c, 0x00, 0x00, 0x1b, 0x00, 0x00, 0x00, 0x00, 0x00,
  0x00, 0x00, 0xe6, 0x00, 0x00, 0x00, 0x00, 0x00, 0x00, 0x00, 0x00, 0x00,
  0x00, 0x00, 0x00, 0x00, 0x00, 0x00, 0x00, 0x00, 0x1b, 0x1d, 0x00, 0x00,
  0x00, 0x00, 0x00, 0xe2, 0xe3, 0x00, 0x00, 0x00, 0xde, 0xe6, 0x00, 0x00,
  0x00, 0x00, 0x1b, 0xe4, 0x00, 0x00, 0x00, 0x00, 0x00, 0x00, 0x00, 0x00,
  0x00, 0x00, 0xe3, 0x00, 0x00, 0x00, 0xe3, 0x00, 0x00, 0x00, 0x00, 0x00,
  0x00, 0x00, 0xe0, 0x00, 0x00, 0x00, 0x00, 0x00, 0x00, 0x00, 0x00, 0x00,
  0xe1, 0x00, 0x00, 0xe0, 0x00, 0xe0, 0x00, 0x00, 0xde, 0x00, 0x00, 0x00,
  0x00, 0x00, 0x00, 0x00, 0xdf, 0x00, 0x1c, 0x00, 0x00, 0x1d, 0x00, 0x00,
  0x00, 0x00, 0x00, 0x00, 0x00, 0x00, 0x00, 0x00, 0x00, 0xe3, 0x00, 0x00,
  0x00, 0x00, 0x00, 0x00, 0x1d, 0xe5, 0x00, 0x00, 0x00, 0x00, 0x00, 0x00,
  0x00, 0xe0, 0x1b, 0x00, 0x00, 0x00, 0x00, 0x00, 0x00, 0x00, 0x00, 0xdf,
  0x00, 0x00, 0x00, 0x00, 0x00, 0xdf, 0x00, 0x00, 0x00, 0x00, 0x00, 0x00,
  0x00, 0x00, 0x00, 0x00, 0x00, 0x00, 0xe3, 0x00, 0x00, 0x00, 0x00, 0x00,
  0x00, 0x00, 0xe1, 0xe0, 0x00, 0x00, 0x00, 0x00, 0x00, 0xe4, 0x1c, 0x1c,
  0x00, 0x00, 0x00, 0x00, 0x00, 0x00, 0x00, 0x00, 0x00, 0x1c, 0x00, 0x00,
  0x00, 0x00, 0x00, 0x00, 0x00, 0x00, 0x00, 0xe6, 0x00, 0x00, 0xe5, 0x00,
  0x00, 0x00, 0x00, 0x00, 0x00, 0x00, 0x00, 0x00, 0x00, 0x00, 0x00, 0x00,
  0x1e, 0xdf, 0x00, 0x00, 0x1e, 0x00, 0x00, 0x00, 0x00, 0x00, 0x00, 0x00,
  0x00, 0x00, 0x00, 0x00, 0x00, 0x00, 0xe0, 0x00, 0x00, 0x00, 0x00, 0x00,
  0x00, 0x00, 0xe1, 0x1c, 0xde, 0x00, 0x00, 0x00, 0x00, 0x00, 0xe1, 0x00,
  0x00, 0x00, 0x00, 0x00, 0x00, 0x00, 0x00, 0x00, 0x00, 0x00, 0x00, 0x00,
  0x00, 0x00, 0x00, 0xdf, 0x00, 0x00, 0x1a, 0x00, 0x00, 0x00, 0x00, 0x00,
  0x00, 0x00, 0x00, 0x1b, 0x00, 0x00, 0x00, 0x00, 0x00, 0x00, 0x00, 0x00,
  0x00, 0x00, 0x1d, 0x00, 0x00, 0x00, 0x00, 0x00, 0x00, 0xdf, 0x00, 0x00,
  0x00, 0x00, 0x00, 0x00, 0x00, 0x00, 0x00, 0x00, 0x00, 0x1b, 0x00, 0x00,
  0x00, 0x00, 0x00, 0x00, 0x00, 0x00, 0x00, 0x00, 0x00, 0x1b, 0x00, 0x1d,
  0x00, 0x00, 0x00, 0x00, 0x00, 0x1c, 0xe4, 0x00, 0x00, 0x00, 0x00, 0x00,
  0x00, 0x00, 0x00, 0x00, 0x00, 0x1c, 0x00, 0x00, 0x00, 0x00, 0x00, 0x1d,
  0x00, 0xe6, 0x00, 0x00, 0x00, 0x00, 0x00, 0x00, 0xe5, 0x00, 0x00, 0x00,
  0x1c, 0xe4, 0xe4, 0x00, 0x00, 0x00, 0x00, 0x00, 0x00, 0xe5, 0x00, 0xde,
  0x00, 0x00, 0x1d, 0x00, 0x1c, 0x00, 0x00, 0xde, 0x00, 0x00, 0x00, 0x1b,
  0x00, 0x00, 0x00, 0x00, 0x00, 0x00, 0x00, 0x1b, 0x00, 0x00, 0x00, 0x00,
  0x00, 0x1b, 0x00, 0x00, 0xe2, 0x00, 0x00, 0x00, 0x1b, 0x00, 0x00, 0x00,
  0xe2, 0x00, 0x00, 0x00, 0x1b, 0x1d, 0x00, 0x00, 0x00, 0x00, 0x00, 0x00,
  0x00, 0x00, 0x00, 0x00, 0x00, 0x1a, 0x00, 0x00, 0x00, 0x00, 0xe3, 0x00,
  0x00, 0x00, 0x00, 0x00, 0x00, 0x00, 0x00, 0x00, 0x00, 0x00, 0x00, 0x00,
  0x00, 0x00, 0xde, 0xde, 0x00, 0x00, 0x00, 0x00, 0x00, 0x00, 0x00, 0x00,
  0xdf, 0x00, 0x00, 0x00, 0x00, 0xe1, 0x00, 0x00, 0x00, 0x00, 0x00, 0x00,
  0x00, 0x00, 0x00, 0xe4, 0x00, 0x1d, 0x00, 0x00, 0x00, 0x00, 0x00, 0x00,
  0x00, 0x00, 0x1e, 0xe2, 0x00, 0xe0, 0x00, 0x00, 0x00, 0x00, 0xe1, 0xe5,
  0x00, 0xe1, 0x00, 0x00, 0xe4, 0x00, 0x00, 0x1b, 0x00, 0x00, 0x00, 0x00,
  0x00, 0x00, 0xe6, 0x1c, 0x1c, 0x00, 0x00, 0xe0, 0x00, 0x00, 0x00, 0x00,
  0x1a, 0x1d, 0x00, 0x00, 0x1a, 0x00, 0x00, 0x00, 0x00, 0x00, 0x00, 0x00,
  0x00, 0x1d, 0x00, 0x00, 0x00, 0x00, 0x00, 0x1a, 0x00, 0x00, 0x00, 0xe2,
  0x00, 0x00, 0x00, 0xe6, 0x1a, 0x00, 0x00, 0x00, 0x00, 0x00, 0x00, 0xe3,
  0x00, 0x00, 0x00, 0x00, 0x00, 0x00, 0x00, 0x00, 0x00, 0x00, 0xde, 0x00,
  0x00, 0x00, 0xe0, 0xe0, 0x00, 0x00, 0x00, 0x1d, 0x00, 0x00, 0x00, 0x00,
  0x00, 0x00, 0x00, 0xe0, 0x00, 0x00, 0x1d, 0x00, 0x00, 0xdf, 0x00, 0x00,
  0x00, 0xe1, 0x00, 0x00, 0x00, 0x00, 0x00, 0x00, 0xdf, 0x00, 0x00, 0x00,
  0xde, 0xde, 0x00, 0x00, 0x00, 0xe3, 0x00, 0x00, 0x00, 0x00, 0xe1, 0x00,
  0x00, 0x00, 0x00, 0x00, 0x00, 0x00, 0xdf, 0x00, 0x00, 0x00, 0x00, 0x00,
  0x00, 0x00, 0x00, 0x00, 0x00, 0x00, 0x00, 0xe3, 0x1e, 0x00, 0x00, 0xe0,
  0x00, 0x00, 0x00, 0x00, 0x00, 0x00, 0x00, 0xe2, 0xe3, 0x00, 0x00, 0x00,
  0x00, 0x00, 0x1c, 0x00, 0x00, 0x1c, 0xe6, 0x1b, 0x00, 0xd8, 0x00, 0x00,
  0x00, 0x4f, 0x00, 0x00, 0x00, 0x00, 0xb2, 0x5d, 0x00, 0x00, 0x00, 0x00,
  0x00, 0x5c, 0x00, 0x00, 0x00, 0x00, 0x00, 0x72, 0x00, 0x00, 0x00, 0x2e,
  0x00, 0x60, 0x00, 0x00, 0x00, 0x00, 0x00, 0x63, 0x00, 0x00, 0x00, 0x00,
  0x00, 0x45, 0x00, 0x00, 0x00, 0x00, 0x00, 0x00, 0x00, 0x00, 0x00, 0x00,
  0xcf, 0x4d, 0x00, 0x00, 0x29, 0x00, 0x0f, 0x00, 0x00, 0x00, 0x32, 0x00,
  0x00, 0x00, 0x00, 0x00, 0x2c, 0x00, 0x00, 0x3a, 0x00, 0x00, 0x00, 0x00,
  0x00, 0x00, 0x00, 0x00, 0x00, 0x20, 0x00, 0x00, 0x00, 0x00, 0x00, 0x1b,
  0x00, 0x00, 0x00, 0x19, 0x00, 0x00, 0x00, 0x00, 0x00, 0x00, 0x00, 0x17,
  0x00, 0x00, 0x00, 0x00, 0x00, 0x00, 0x00, 0x00, 0x00, 0x00, 0x00, 0x00,
  0x00, 0x00, 0x00, 0x00, 0x00, 0x00, 0x00, 0x00, 0x00, 0x00, 0x00, 0x00,
  0x00, 0x00, 0x00, 0xe3, 0x00, 0x21, 0x00, 0x00, 0xd5, 0x00, 0x00, 0x00,
  0xd6, 0x00, 0x00, 0xdb, 0x00, 0x23, 0x00, 0x00, 0x00, 0x00, 0x00, 0x00,
  0x00, 0xfa, 0x00, 0x00, 0x00, 0x00, 0x00, 0x00, 0x00, 0x00, 0xe3, 0x00,
  0x00, 0x00, 0x00, 0x00, 0x00, 0x00, 0x0a, 0x00, 0x00, 0x00, 0x00, 0x00,
  0x00, 0x00, 0x00, 0x00, 0xe4, 0x25, 0x00, 0x00, 0x00, 0x00, 0x00, 0x00,
  0x00, 0x45, 0x00, 0xd9, 0x00, 0x00, 0x00, 0x00, 0x00, 0xca, 0x00, 0x22,
  0x00, 0x00, 0x00, 0xc8, 0x00, 0x00, 0x00, 0x3d, 0x00, 0xd9, 0x00, 0x00,
  0x00, 0x00, 0x00, 0xe3, 0x00, 0x00, 0x00, 0x00, 0x00, 0x00, 0x00, 0x00,
  0x00, 0x00, 0x00, 0x00, 0x00, 0x00, 0x10, 0x4c, 0x00, 0x10, 0x00, 0x00,
  0x00, 0x3a, 0x00, 0x24, 0x00, 0x23, 0x09, 0x49, 0x00, 0x14, 0x00, 0x00,
  0x00, 0x00, 0x00, 0x00, 0x00, 0xe6, 0x0c, 0x00, 0xd6, 0x00, 0x00, 0x00,
  0x00, 0x38, 0x00, 0x00, 0x00, 0x00, 0x00, 0x3f, 0xd7, 0x00, 0x00, 0x00,
  0x00, 0x00, 0x00, 0x00, 0x00, 0x17, 0x00, 0x00, 0x00, 0x00, 0x00, 0x00,
  0x00, 0x00, 0x00, 0x00, 0x00, 0x00, 0x00, 0x00, 0x00, 0x00, 0xe9, 0x00,
  0x00, 0x4a, 0x00, 0x00, 0x00, 0x00, 0x00, 0x37, 0x00, 0x15, 0x00, 0x00,
  0xd8, 0x35, 0x00, 0x00, 0xe6, 0x20, 0xd9, 0x40, 0x00, 0x12, 0x00, 0x00,
  0xd9, 0x52, 0x00, 0x00, 0xe5, 0x19, 0x00, 0x00, 0x00, 0x00, 0xe6, 0x22,
  0x00, 0x4d, 0x00, 0x00, 0x00, 0x1d, 0xcd, 0x00, 0x00, 0xd6, 0x00, 0x23,
  0xda, 0x46, 0x00, 0xe4, 0x00, 0x20, 0x00, 0x00, 0x00, 0xe0, 0x00, 0x00,
  0x00, 0x00, 0x00, 0xe4, 0x00, 0x24, 0x00, 0x00, 0x00, 0x00, 0x00, 0x1e,
  0x00, 0x00, 0x00, 0x00, 0x00, 0x00, 0x00, 0x00, 0x00, 0x16, 0x00, 0x23,
  0x00, 0x00, 0x00, 0x00, 0x00, 0x23, 0x00, 0x00, 0x00, 0x29, 0x00, 0x1e,
  0x00, 0x43, 0x00, 0x27, 0x00, 0x00, 0x00, 0x00, 0x00, 0x00, 0x00, 0x22,
  0x00, 0x00, 0x00, 0x00, 0x00, 0x2e, 0x00, 0x00, 0x00, 0x00, 0x00, 0x21,
  0x00, 0x00, 0x00, 0xea, 0x00, 0x00, 0x00, 0x00, 0x00, 0xef, 0x00, 0x00,
  0x00, 0x00, 0x00, 0xec, 0x00, 0x00, 0x00, 0x00, 0x00, 0x00, 0x00, 0x00,
  0x00, 0x00, 0x00, 0x00, 0x00, 0x00, 0x00, 0x00, 0x00, 0x00, 0x00, 0x00,
  0x00, 0x30, 0x00, 0x1b, 0xeb, 0x00, 0x00, 0x2d, 0x00, 0x12, 0x00, 0x00,
  0x00, 0x37, 0x00, 0x0d, 0x00, 0x00, 0x09, 0x00, 0x00, 0x00, 0x00, 0x00,
  0x19, 0x00, 0x00, 0x00, 0x00, 0x22, 0x0f, 0x00, 0xd3, 0xdc, 0x00, 0x2d,
  0x00, 0x00, 0xd5, 0xbb, 0x00, 0x00, 0x00, 0x00, 0x00, 0xd7, 0x00, 0x00,
  0x00, 0x00, 0x00, 0xd8, 0x00, 0x00, 0x00, 0x00, 0x00, 0x00, 0x00, 0x00,
  0x00, 0x00, 0x00, 0x00, 0x00, 0x23, 0x00, 0x00, 0x00, 0x00, 0x00, 0x00,
  0x11, 0x41, 0x00, 0x00, 0x00, 0x00, 0x00, 0x3f, 0x00, 0x00, 0x00, 0x00,
  0x00, 0x00, 0x00, 0x00, 0x00, 0x00, 0x17, 0x49, 0x00, 0x00, 0x00, 0x00,
  0x00, 0x00, 0x00, 0x00, 0x00, 0x1b, 0x00, 0x00, 0x00, 0xd8, 0x00, 0x00,
  0x00, 0x00, 0x00, 0xdc, 0x00, 0x00, 0x00, 0x00, 0x00, 0xdb, 0x00, 0x00,
  0x00, 0x00, 0x00, 0x00, 0x00, 0x00, 0x00, 0x00, 0x00, 0x00, 0x00, 0x00,
  0x00, 0x00, 0x00, 0x00, 0x00, 0x00, 0x00, 0x00, 0x00, 0x00, 0x00, 0x00,
  0x00, 0x00, 0x00, 0x00, 0x00, 0x00, 0x00, 0x00, 0x00, 0x47, 0x00, 0x00,
  0x00, 0x00, 0x00, 0x35, 0x00, 0x00, 0x00, 0x00, 0x00, 0x2f, 0x21, 0xd4,
  0x00, 0x00, 0x00, 0x00, 0x00, 0x00, 0x00, 0x00, 0x00, 0x00, 0x00, 0x00,
  0x00, 0x00, 0x00, 0x00, 0x00, 0x00, 0x00, 0x00, 0x00, 0x00, 0x00, 0x00,
  0xbb, 0x33, 0x00, 0x00, 0x00, 0x00, 0xbf, 0x32, 0x00, 0x00, 0x00, 0x00,
  0x00, 0x32, 0x00, 0x00, 0x00, 0x00, 0xc1, 0x00, 0x00, 0x00, 0x00, 0x00,
  0x00, 0x31, 0x00, 0x00, 0x00, 0x00, 0x00, 0x00, 0x00, 0x42, 0x00, 0x00,
  0x00, 0x28, 0x00, 0x4b, 0x00, 0xd4, 0x00, 0x37, 0x00, 0x41, 0x00, 0x00,
  0x00, 0x34, 0x00, 0x42, 0x00, 0x00, 0x00, 0x00, 0x00, 0x00, 0x00, 0x00,
  0x00, 0x00, 0x00, 0x00, 0x00, 0x00, 0x00, 0x00, 0xd9, 0x00, 0x00, 0x00,
  0x00, 0x00, 0x00, 0x00, 0x00, 0x00, 0x0f, 0x00, 0x00, 0x00, 0x00, 0x00,
  0x00, 0x00, 0x00, 0x00, 0x00, 0x00, 0x00, 0x37, 0x00, 0x00, 0x00, 0x00,
  0x00, 0x00, 0x00, 0x00, 0x00, 0x00, 0x00, 0x00, 0x00, 0x2a, 0x00, 0x00,
  0x00, 0x00, 0x00, 0x48, 0x1b, 0x00, 0x00, 0x45, 0x00, 0x40, 0x00, 0x00,
  0x00, 0x00, 0x00, 0x4b, 0x00, 0x00, 0x00, 0x00, 0x00, 0x43, 0x00, 0x00,
  0x00, 0x00, 0x00, 0x00, 0x00, 0x00, 0x00, 0x00, 0xcf, 0x00, 0x19, 0x00,
  0x00, 0x00, 0xde, 0x00, 0x21, 0x00, 0x00, 0x00, 0x00, 0x00, 0x25, 0x12,
  0x00, 0x00, 0x00, 0x00, 0x00, 0xdb, 0x00, 0xe9, 0x00, 0x00, 0x00, 0xdc,
  0x00, 0x00, 0x00, 0x00, 0x00, 0x00, 0x13, 0x00, 0x00, 0x31, 0x00, 0x00,
  0x00, 0x00, 0x00, 0x29, 0x21, 0x00, 0x00, 0x00, 0x00, 0x2f, 0x00, 0xda,
  0x04, 0x00, 0x00, 0x30, 0x00, 0xdb, 0x00, 0x00, 0x00, 0x00, 0x00, 0x00,
  0x00, 0xf8, 0x00, 0x00, 0x00, 0x00, 0x00, 0x00, 0x00, 0x00, 0x00, 0x00,
  0x00, 0x00, 0x00, 0x00, 0x00, 0x00, 0x00, 0x00, 0x00, 0x00, 0x00, 0x11,
  0x00, 0x00, 0x00, 0xf2, 0x00, 0x00, 0x00, 0x00, 0x00, 0x00, 0x00, 0x00,
  0x00, 0x00, 0x00, 0x00, 0x00, 0x00, 0x00, 0x00, 0x00, 0x39, 0x00, 0x00,
  0x00, 0x00, 0x00, 0x36, 0x00, 0x00, 0x00, 0x00, 0x00, 0x34, 0x00, 0x00,
  0x12, 0x00, 0xdc, 0x33, 0x00, 0x00, 0x12, 0x00, 0x00, 0x27, 0x00, 0x00,
  0x00, 0x00, 0x00, 0x31, 0x00, 0x00, 0x00, 0x00, 0x00, 0x00, 0x00, 0x00,
  0x00, 0x00, 0xd8, 0x00, 0x00, 0x00, 0x00, 0x00, 0x00, 0x00, 0x00, 0x00,
  0x00, 0x00, 0x00, 0x00, 0x00, 0x14, 0x00, 0x00, 0x00, 0x00, 0x00, 0x00,
  0x00, 0x3c, 0x00, 0x00, 0x00, 0x00, 0x00, 0x00, 0x00, 0x00, 0x00, 0x00,
  0xd1, 0x00, 0x00, 0x00, 0x00, 0xd1, 0x00, 0x00, 0x00, 0x32, 0x00, 0xd3,
  0x00, 0x00, 0x00, 0x28, 0x00, 0x00, 0x00, 0x3d, 0x00, 0x00, 0x00, 0x00,
  0x00, 0x00, 0x00, 0x00, 0x00, 0xd7, 0x00, 0x42, 0x00, 0x00, 0x19, 0x00,
  0x00, 0x00, 0x00, 0x00, 0x24, 0x00, 0x00, 0x3c, 0x00, 0x00, 0x1d, 0x00,
  0x00, 0x00, 0x00, 0x00, 0x1d, 0x00, 0x00, 0x00, 0x00, 0x00, 0x00, 0x00,
  0x00, 0x00, 0x00, 0x00, 0x00, 0x00, 0xd0, 0x00, 0x00, 0x00, 0x00, 0xe6,
  0x00, 0x00, 0x00, 0x00, 0x00, 0x00, 0x00, 0x28, 0x00, 0x00, 0x26, 0x00,
  0x00, 0x00, 0x00, 0x00, 0x00, 0x00, 0x00, 0x00, 0x00, 0x00, 0x00, 0x00,
  0x00, 0x00, 0x00, 0x00, 0x22, 0xe1, 0x00, 0x00, 0x00, 0x00, 0x00, 0x00,
  0xb9, 0x00, 0x00, 0x00, 0x21, 0xe0, 0x00, 0x00, 0x00, 0x00, 0x2d, 0x00,
  0x00, 0x00, 0x00, 0x00, 0x32, 0x00, 0x00, 0x00, 0x00, 0x00, 0x27, 0x00,
  0x00, 0x32, 0x00, 0x00, 0x00, 0x00, 0x00, 0x00, 0x00, 0x2c, 0x00, 0x00,
  0x00, 0x00, 0x00, 0x26, 0x00, 0x00, 0x00, 0x00, 0x00, 0x00, 0x00, 0xce,
  0x00, 0x00, 0x00, 0x00, 0x00, 0xdf, 0x00, 0x00, 0x00, 0x00, 0x00, 0x00,
  0x00, 0x00, 0x00, 0x00, 0x1e, 0xda, 0x00, 0x00, 0xdb, 0x00, 0x00, 0x00,
  0x00, 0x00, 0x00, 0x00, 0x00, 0x00, 0xd9, 0x00, 0x00, 0x00, 0x00, 0x00,
  0x00, 0x00, 0x00, 0x00, 0x00, 0x00, 0x00, 0x00, 0x00, 0x00, 0x00, 0x00,
  0xc7, 0x00, 0x00, 0x00, 0x00, 0x00, 0x00, 0x2a, 0x00, 0x00, 0x00, 0xd1,
  0x00, 0x00, 0x00, 0x00, 0x00, 0x00, 0x00, 0x00, 0x00, 0x00, 0x00, 0xd6,
  0x00, 0x00, 0x00, 0x00, 0x00, 0x00, 0x00, 0x00, 0x00, 0x00, 0x00, 0x00,
  0x00, 0x00, 0x00, 0x00, 0x00, 0x00, 0x00, 0x1c, 0x00, 0xe5, 0xe1, 0x00,
  0x00, 0x00, 0x00, 0x00, 0xe1, 0x00, 0x00, 0x00, 0x00, 0x00, 0x00, 0x00,
  0xe6, 0x1c, 0x00, 0x00, 0x00, 0x00, 0x00, 0x00, 0x00, 0x00, 0x00, 0x1c,
  0x00, 0xe6, 0xe1, 0x00, 0x00, 0x00, 0x00, 0x00, 0x00, 0xe1, 0x00, 0x1b,
  0x00, 0x00, 0x00, 0x00, 0x00, 0x00, 0x00, 0x00, 0x00, 0x00, 0x1a, 0x00,
  0x00, 0x00, 0x1c, 0x00, 0x00, 0x00, 0x00, 0x00, 0x00, 0x00, 0x00, 0x00,
  0x00, 0x00, 0x00, 0xe2, 0x00, 0x00, 0x00, 0x00, 0x00, 0x00, 0x1e, 0x00,
  0x00, 0x00, 0x00, 0x1e, 0xe2, 0x00, 0x00, 0x00, 0x00, 0x00, 0x00, 0x00,
  0xe5, 0x00, 0x00, 0x00, 0x1d, 0x00, 0x00, 0x1a, 0x00, 0x00, 0x00, 0x00,
  0x00, 0x00, 0x00, 0x00, 0x00, 0x00, 0x00, 0xe5, 0x00, 0x00, 0x00, 0x00,
  0x00, 0x00, 0x00, 0xe6, 0x00, 0x00, 0x00, 0x00, 0x00, 0xe1, 0x00, 0x00,
  0x00, 0x00, 0x00, 0x00, 0x00, 0x00, 0x00, 0x00, 0x00, 0x00, 0x1c, 0x00,
  0x00, 0x00, 0x00, 0x00, 0x00, 0x00, 0x00, 0x00, 0xe0, 0x00, 0x00, 0x00,
  0xe1, 0x00, 0x00, 0x00, 0x00, 0x00, 0x1b, 0xe5, 0x00, 0x00, 0xe5, 0x00,
  0x00, 0x00, 0x00, 0x00, 0x00, 0xdf, 0x00, 0x1a, 0x00, 0x00, 0x00, 0x00,
  0xe3, 0x00, 0x00, 0x00, 0x00, 0x00, 0x00, 0x00, 0x1e, 0x00, 0x00, 0x00,
  0x1e, 0xe2, 0x00, 0x00, 0x00, 0x00, 0x00, 0x00, 0x00, 0x00, 0x00, 0x00,
  0x00, 0x00, 0x00, 0x00, 0x00, 0xe2, 0xe6, 0x00, 0x00, 0x00, 0xe4, 0x1a,
  0x00, 0x00, 0x00, 0x1e, 0x00, 0xe2, 0x00, 0x00, 0x00, 0x00, 0x00, 0x00,
  0xdf, 0x00, 0x00, 0x00, 0x00, 0x00, 0x00, 0x00, 0x00, 0x00, 0x00, 0x00,
  0x00, 0x00, 0x1d, 0xe0, 0x00, 0x1e, 0x00, 0x00, 0x00, 0x00, 0x00, 0x00,
  0x00, 0x00, 0x00, 0x00, 0x1e, 0x00, 0x00, 0x00, 0x00, 0x00, 0xe0, 0x1a,
  0x1c, 0xdf, 0x00, 0x00, 0x00, 0x00, 0xe2, 0x00, 0x00, 0x00, 0x1d, 0x00,
  0x00, 0x00, 0x00, 0x00, 0x00, 0x00, 0x00, 0x00, 0x00, 0x00, 0x00, 0x00,
  0x1a, 0x00, 0x00, 0x00, 0x00, 0x00, 0x00, 0xe0, 0x00, 0x00, 0x00, 0x00,
  0x00, 0x00, 0x00, 0x00, 0x00, 0x00, 0xe3, 0xe3, 0x00, 0x00, 0x00, 0x00,
  0x00, 0x00, 0x00, 0x00, 0x00, 0x00, 0x00, 0x00, 0x00, 0xe3, 0x1d, 0x00,
  0x00, 0x1d, 0xe6, 0x00, 0x00, 0x00, 0x00, 0x00, 0x00, 0x00, 0x00, 0x00,
  0x00, 0x00, 0x00, 0x00, 0x00, 0x00, 0x00, 0x00, 0x00, 0x00, 0x00, 0x00,
  0x00, 0x00, 0x00, 0x00, 0x1e, 0x00, 0x00, 0x00, 0x1c, 0x00, 0xe6, 0x00,
  0xe0, 0x00, 0x00, 0x00, 0x00, 0x00, 0x00, 0x00, 0x00, 0x00, 0x00, 0x00,
  0x00, 0x00, 0x00, 0x00, 0xe1, 0x00, 0x00, 0x00, 0x1c, 0xe1, 0x00, 0xe4,
  0x00, 0x00, 0x00, 0x00, 0x00, 0xdf, 0x1c, 0x00, 0x00, 0x00, 0xe1, 0x00,
  0x00, 0xe1, 0x1b, 0x00, 0xe5, 0x00, 0x00, 0x00, 0x00, 0xe5, 0x00, 0x00,
  0xe1, 0x00, 0x00, 0x1d, 0x00, 0x00, 0x00, 0x00, 0x00, 0x00, 0x00, 0xe3,
  0x00, 0xe0, 0x00, 0x00, 0x00, 0x00, 0x00, 0xe3, 0x00, 0x1e, 0x00, 0x00,
  0x00, 0x00, 0x00, 0x00, 0x00, 0xe5, 0x00, 0x1b, 0x00, 0x00, 0x00, 0xe4,
  0x00, 0x1a, 0x00, 0x00, 0x00, 0x00, 0x00, 0x00, 0x00, 0x00, 0x00, 0x00,
  0xe4, 0x00, 0x00, 0x00, 0x00, 0x1b, 0x00, 0x1b, 0x00, 0x00, 0x00, 0x00,
  0x00, 0x00, 0x00, 0x00, 0x00, 0x00, 0x00, 0xe1, 0x00, 0x00, 0x00, 0x00,
  0xe0, 0x00, 0x1e, 0x00, 0xe3, 0x00, 0x00, 0x00, 0x00, 0x00, 0x00, 0x00,
  0x00, 0x00, 0xe4, 0x00, 0x00, 0xe4, 0x00, 0x00, 0xe6, 0x00, 0x00, 0x00,
  0x00, 0x00, 0x00, 0xe0, 0xe4, 0x00, 0xe6, 0x00, 0x00, 0x00, 0x00, 0x00,
  0x00, 0x00, 0x00, 0x00, 0x00, 0x00, 0x00, 0x00, 0x00, 0x00, 0x1c, 0x00,
  0x00, 0x00, 0x00, 0x00, 0x00, 0x00, 0x1e, 0xe6, 0x00, 0x00, 0x1d, 0x1b,
  0x00, 0x00, 0xdf, 0x00, 0x00, 0x00, 0x00, 0x00, 0x00, 0x00, 0x00, 0x00,
  0x00, 0x1e, 0x00, 0x00, 0x00, 0x00, 0x00, 0x00, 0x00, 0x00, 0x00, 0x00,
  0x00, 0xe0, 0x00, 0x00, 0x00, 0x00, 0xdf, 0x00, 0xe4, 0x00, 0x00, 0xe3,
  0x00, 0x00, 0x00, 0x00, 0x00, 0x00, 0x00, 0x00, 0x00, 0x00, 0xdf, 0x00,
  0x00, 0x1c, 0x00, 0xe6, 0x00, 0x00, 0xdf, 0x00, 0x00, 0x1e, 0x00, 0xe6,
  0x00, 0x00, 0x1b, 0xe2, 0x00, 0x00, 0xde, 0x00, 0x00, 0xe6, 0x00, 0xdf,
  0x00, 0x00, 0x1b, 0x00, 0x00, 0x00, 0x00, 0x00, 0x00, 0x00, 0x00, 0x00,
  0x00, 0x00, 0xe5, 0x00, 0x00, 0x00, 0x00, 0xe3, 0x00, 0x00, 0x00, 0x1b,
  0xe5, 0x00, 0x00, 0x1b, 0xe2, 0x00, 0xdc, 0x00, 0x00, 0x00, 0x00, 0x00,
  0x00, 0xe2, 0x00, 0x00, 0x00, 0x00, 0xe4, 0x1c, 0xde, 0x00, 0x00, 0x00,
  0x00, 0x00, 0x00, 0xe4, 0x00, 0xe2, 0x00, 0xdf, 0xe2, 0xdf, 0x00, 0x00,
  0x00, 0x00, 0xdf, 0xe4, 0x00, 0x00, 0x00, 0x00, 0x1a, 0x00, 0x00, 0x00,
  0x00, 0xe3, 0x00, 0x00, 0x00, 0x00, 0x00, 0xdf, 0x00, 0x00, 0x00, 0x00,
  0x00, 0x00, 0x00, 0xe4, 0x00, 0x00, 0x00, 0xe5, 0xdd, 0x00, 0x00, 0x00,
  0x00, 0x00, 0xde, 0x00, 0x00, 0x00, 0x00, 0xe3, 0x00, 0x00, 0x00, 0x00,
  0xe2, 0x00, 0x00, 0x00, 0x00, 0x00, 0x00, 0xe4, 0x00, 0x00, 0xde, 0x00,
  0x00, 0x00, 0x00, 0x00, 0x00, 0x00, 0x00, 0x00, 0xe5, 0x00, 0x00, 0xe1,
  0x00, 0xdf, 0x00, 0xe4, 0x00, 0x00, 0xdd, 0x00, 0x00, 0x00, 0xe6, 0x00,
  0x00, 0x00, 0x00, 0x00, 0xde, 0x00, 0xdb, 0x00, 0x00, 0x00, 0x00, 0x00,
  0xde, 0x00, 0xe5, 0x00, 0x00, 0x00, 0x00, 0xe5, 0x00, 0x00, 0x1b, 0xe7,
  0x1a, 0x00, 0x00, 0x00, 0x00, 0x00, 0x00, 0x00, 0x00, 0x00, 0x00, 0x00,
  0x00, 0xde, 0x00, 0xdd, 0x00, 0x00, 0xdf, 0x1d, 0x00, 0x00, 0x00, 0x00,
  0x00, 0x00, 0x00, 0x00, 0x00, 0x00, 0x00, 0x00, 0x00, 0x00, 0x00, 0x00,
  0x00, 0x00, 0x00, 0x00, 0x00, 0x00, 0xdf, 0x00, 0x00, 0x00, 0x00, 0x1c,
  0x00, 0x00, 0xde, 0x00, 0x00, 0x00, 0x00, 0xe3, 0xdc, 0x00, 0x00, 0xe1,
  0x1b, 0x00, 0x00, 0x00, 0x00, 0x00, 0x00, 0x00, 0x00, 0x00, 0x00, 0x00,
  0x00, 0x00, 0x00, 0x00, 0xe4, 0x00, 0x00, 0x00, 0x00, 0x00, 0x00, 0x00,
  0xe3, 0x00, 0x00, 0x00, 0x00, 0xe5, 0xe6, 0x00, 0x00, 0xe0, 0xe1, 0xdc,
  0x00, 0x00, 0x00, 0x1d, 0x00, 0x00, 0x00, 0x00, 0x00, 0x00, 0x00, 0x00,
  0x00, 0x00, 0x00, 0xe0, 0x00, 0x00, 0x00, 0x00, 0x00, 0x00, 0x00, 0x00,
  0x00, 0x00, 0x00, 0x00, 0x00, 0x00, 0x00, 0x00, 0x00, 0x00, 0x00, 0x00,
  0x00, 0x00, 0x00, 0x00, 0x00, 0x00, 0x00, 0xe4, 0xdc, 0x00, 0xdf, 0x00,
  0xe1, 0x00, 0x00, 0xe5, 0x00, 0xe6, 0x00, 0x00, 0x1b, 0x00, 0x00, 0x00,
  0x00, 0x00, 0x00, 0x00, 0x00, 0xe6, 0x00, 0x1a, 0x00, 0x00, 0xe6, 0x00,
  0x00, 0x00, 0x00, 0x00, 0x00, 0x00, 0x1c, 0x00, 0x00, 0x00, 0x00, 0xe6,
  0x00, 0xe1, 0x00, 0x00, 0x00, 0x00, 0x00, 0x00, 0xe4, 0xe1, 0x1b, 0xe2,
  0x00, 0x00, 0x00, 0xe2, 0x00, 0x1c, 0xe5, 0x00, 0xe1, 0x00, 0x00, 0xe4,
  0x00, 0xe1, 0xe1, 0x00, 0xe6, 0x00, 0x00, 0x00, 0xdd, 0x00, 0xe3, 0x00,
  0x00, 0x00, 0x00, 0x00, 0x00, 0x00, 0x1b, 0x00, 0x00, 0xde, 0xe6, 0x00,
  0x00, 0x00, 0xde, 0xde, 0xe0, 0x1b, 0x00, 0x00, 0x00, 0xe1, 0x00, 0x00,
  0x00, 0x00, 0x00, 0xe6, 0x00, 0x00, 0x00, 0xde, 0x00, 0x00, 0x00, 0x00,
  0x00, 0x00, 0x00, 0x00, 0x00, 0x00, 0x00, 0x00, 0x00, 0xe2, 0xe5, 0xdc,
  0x00, 0x00, 0x1a, 0x00, 0x00, 0x00, 0x1a, 0x00, 0xdc, 0xdf, 0x00, 0x00,
  0x00, 0x00, 0x00, 0x00, 0x00, 0xdf, 0x00, 0x00, 0x00, 0x00, 0x00, 0x00,
  0x00, 0x00, 0x00, 0x00, 0x00, 0xdd, 0x00, 0x00, 0x00, 0xe4, 0xe6, 0x00,
  0x00, 0x00, 0xe5, 0xe1, 0x1c, 0xe0, 0x00, 0xe6, 0x00, 0x00, 0x00, 0x1a,
  0x00, 0x00, 0x00, 0x00, 0x00, 0x00, 0x00, 0x00, 0x00, 0x00, 0x00, 0x00,
  0xde, 0x00, 0x00, 0x00, 0xe5, 0x00, 0x00, 0x00, 0x00, 0x00, 0x00, 0xde,
  0x00, 0x00, 0x00, 0x00, 0x00, 0x00, 0x00, 0x00, 0x00, 0x00, 0xe3, 0x00,
  0xe5, 0x00, 0x00, 0x00, 0x00, 0x1b, 0x00, 0x00, 0x00, 0xe2, 0x00, 0xde,
  0x00, 0x00, 0xdf, 0x00, 0x00, 0xdf, 0x00, 0x00, 0x00, 0x00, 0x00, 0x00,
  0x00, 0x00, 0x1b, 0x00, 0x00, 0x00, 0xe0, 0x00, 0x00, 0xe3, 0x00, 0x00,
  0x00, 0x00, 0x00, 0xe3, 0x1b, 0x00, 0x00, 0x00, 0x00, 0x00, 0x00, 0xe4,
  0x00, 0xe0, 0xde, 0xe6, 0xe1, 0x00, 0x00, 0x00, 0x00, 0x00, 0xe6, 0x00,
  0xdc, 0xe0, 0x00, 0x00, 0x00, 0x1b, 0x00, 0xe6, 0x00, 0x00, 0x00, 0x00,
  0xe4, 0x00, 0x00, 0x00, 0x00, 0x00, 0xdd, 0x00, 0x00, 0x00, 0x00, 0xdb,
  0x00, 0x00, 0x00, 0x00, 0x00, 0x00, 0x00, 0x1a, 0x00, 0x00, 0x00, 0x00,
  0xdf, 0x00, 0x00, 0xe6, 0xe3, 0x00, 0x00, 0x00, 0x00, 0x00, 0xe3, 0x00,
  0x00, 0x00, 0xe1, 0x00, 0xe3, 0x00, 0x00, 0xdf, 0x00, 0xe6, 0x00, 0x00,
  0x00, 0x00, 0x00, 0x00, 0x00, 0xe3, 0xdb, 0x00, 0xe2, 0x00, 0x00, 0x00,
  0x00, 0xdf, 0xdf, 0x00, 0x00, 0xe2, 0x00, 0x00, 0x00, 0x00, 0x00, 0x00,
  0xe4, 0xde, 0xda, 0x00, 0x00, 0x00, 0x00, 0x00, 0xe1, 0x00, 0x00, 0x00,
  0xe0, 0xe0, 0x00, 0x00, 0x00, 0x00, 0x00, 0xe3, 0x00, 0xde, 0x00, 0x00,
  0xdc, 0x00, 0x00, 0x00, 0x00, 0xe6, 0x00, 0x00, 0x00, 0x00, 0x00, 0x00,
  0x00, 0x00, 0x00, 0x1a, 0x00, 0x00, 0x00, 0x00, 0x00, 0x00, 0x00, 0xde,
  0x00, 0x00, 0x00, 0x00, 0x00, 0x00, 0x00, 0x00, 0x00, 0x00, 0x00, 0x00,
  0x00, 0x00, 0xe6, 0x00, 0x00, 0xe0, 0x00, 0x00, 0x00, 0x00, 0x00, 0xde,
  0x00, 0x00, 0x00, 0xe3, 0x00, 0x00, 0xe2, 0x00, 0x00, 0x00, 0x00, 0x00,
  0x00, 0x00, 0xe4, 0x00, 0x00, 0xe3, 0xe0, 0x00, 0x00, 0x00, 0x00, 0x00,
  0x00, 0xe4, 0x00, 0x00, 0x00, 0xda, 0x00, 0x00, 0x00, 0x00, 0xe4, 0x00,
  0x00, 0x00, 0xde, 0xe5, 0x00, 0xdf, 0x00, 0x00, 0xe5, 0x00, 0x00, 0x00,
  0xe4, 0x00, 0x00, 0x00, 0x00, 0x00, 0xdc, 0x00, 0x00, 0x00, 0xe1, 0x00,
  0x00, 0x00, 0x00, 0x00, 0x00, 0x00, 0x00, 0x00, 0x00, 0x00, 0x00, 0x00,
  0x00, 0x1a, 0xe7, 0x00, 0x00, 0x00, 0x00, 0x00, 0x00, 0x00, 0x00, 0x00,
  0xdd, 0x00, 0x00, 0xdb, 0x00, 0x00, 0x00, 0x00, 0x00, 0x00, 0x00, 0x00,
  0x00, 0xe4, 0x00, 0x00, 0x00, 0x00, 0x00, 0x00, 0x00, 0x00, 0x00, 0x00,
  0x00, 0xda, 0x00, 0xe3, 0xdc, 0x00, 0x00, 0xe2, 0x00, 0x00, 0x00, 0x00,
  0x00, 0x00, 0x00, 0x00, 0x00, 0x1a, 0x00, 0x00, 0x00, 0x00, 0x00, 0x00,
  0x00, 0x00, 0x00, 0x00, 0xe3, 0x00, 0x00, 0xdf, 0xdd, 0x00, 0x00, 0x00,
  0x00, 0xe1, 0x00, 0x00, 0x00, 0x00, 0x00, 0x00, 0x00, 0x00, 0x00, 0x00,
  0x00, 0x00, 0x00, 0x00, 0x00, 0x00, 0x1a, 0x00, 0x00, 0xe2, 0x00, 0x00,
  0x00, 0x00, 0x00, 0x00, 0x00, 0x00, 0x00, 0x00, 0x00, 0x00, 0x00, 0x00,
  0x00, 0x00, 0xdf, 0x00, 0x00, 0x00, 0x00, 0x00, 0x00, 0x00, 0x00, 0x00,
  0xe4, 0xdb, 0xdc, 0x00, 0x00, 0x00, 0x00, 0x00, 0x00, 0x00, 0x00, 0x00,
  0x00, 0x00, 0xdb, 0x00, 0x00, 0x00, 0x00, 0xe0, 0x00, 0x00, 0x00, 0x00,
  0x00, 0x00, 0x00, 0x00, 0x00, 0x00, 0x00, 0xdb, 0x00, 0x00, 0xe1, 0x00,
  0x00, 0x00, 0x00, 0x00, 0x00, 0x00, 0x00, 0x00, 0x00, 0x00, 0x00, 0x00,
  0xe1, 0x00, 0x00, 0x00, 0x00, 0x00, 0x00, 0x00, 0x00, 0x00, 0x00, 0x00,
  0x00, 0x00, 0x00, 0x00, 0xdf, 0xdf, 0x00, 0x00, 0x00, 0xe0, 0x00, 0xe0,
  0x00, 0x00, 0x00, 0xe1, 0xdc, 0xe2, 0x00, 0x00, 0x00, 0x00, 0x00, 0xe3,
  0x00, 0x00, 0x00, 0x00, 0x00, 0xda, 0x00, 0x00, 0x00, 0x00, 0xdf, 0x00,
  0x00, 0x00, 0x00, 0xe3, 0x00, 0x00, 0xe2, 0x00, 0x00, 0x00, 0x00, 0x00,
  0x00, 0x00, 0x00, 0x00, 0x00, 0xe5, 0xde, 0x00, 0x00, 0x00, 0xde, 0x00,
  0xdc, 0x00, 0x00, 0xdc, 0x00, 0xdc, 0xe3, 0x00, 0x00, 0x00, 0xde, 0x00,
  0x00, 0x00, 0x00, 0xe6, 0x00, 0x00, 0x00, 0x00, 0x00, 0x00, 0x00, 0x00,
  0x00, 0x00, 0x00, 0x00, 0x00, 0xe1, 0x00, 0x00, 0x00, 0x00, 0x00, 0x00,
  0x00, 0x00, 0x00, 0xdd, 0x00, 0x00, 0x00, 0x00, 0x00, 0x00, 0xdb, 0x00,
  0xdc, 0x00, 0x00, 0x00, 0x00, 0x00, 0x00, 0x00, 0xe4, 0xdb, 0x00, 0x00,
  0x00, 0x00, 0x00, 0x00, 0x00, 0xde, 0x00, 0x00, 0x00, 0xe0, 0x00, 0x00,
  0x00, 0x00, 0x00, 0x00, 0xdc, 0x00, 0xe3, 0x00, 0x00, 0x00, 0xdb, 0x00,
  0x00, 0x00, 0x00, 0xe1, 0xe0, 0x00, 0x00, 0x00, 0x00, 0x00, 0x00, 0x00,
  0x00, 0x00, 0x00, 0x00, 0x00, 0x00, 0xe4, 0xdf, 0xde, 0x00, 0x00, 0x00,
  0x00, 0x00, 0x00, 0x00, 0x00, 0x00, 0x00, 0x00, 0x00, 0xde, 0x00, 0xda,
  0xdf, 0xdd, 0x00, 0x00, 0x00, 0x00, 0x00, 0x00, 0xde, 0xdf, 0xe0, 0x00,
  0x00, 0xdd, 0x00, 0x00, 0x00, 0x00, 0x00, 0x00, 0x42, 0x19, 0x00, 0x00,
  0x16, 0x00, 0x00, 0xe2, 0x00, 0x00, 0x00, 0x00, 0x48, 0x00, 0xeb, 0x00,
  0x00, 0x00, 0x00, 0x13, 0x00, 0x00, 0x00, 0x00, 0x48, 0xd9, 0x00, 0x09,
  0x00, 0x00, 0x00, 0x00, 0x00, 0x00, 0x00, 0xe9, 0x00, 0xe4, 0x00, 0x00,
  0x00, 0xee, 0x00, 0xdb, 0x00, 0x00, 0x00, 0x00, 0x00, 0x00, 0x00, 0x00,
  0x10, 0xe9, 0x00, 0x00, 0x00, 0x00, 0x00, 0x00, 0x42, 0x00, 0x00, 0x00,
  0x00, 0x00, 0x00, 0x00, 0x00, 0x00, 0x47, 0xe8, 0x00, 0x00, 0x00, 0x00,
  0x00, 0x00, 0x00, 0x00, 0x00, 0x00, 0x00, 0x00, 0x00, 0x00, 0x00, 0x00,
  0x00, 0x00, 0x00, 0x00, 0x00, 0xfe, 0x00, 0x00, 0x00, 0x00, 0x00, 0x00,
  0x00, 0x00, 0x00, 0x00, 0x00, 0x00, 0x00, 0xe2, 0x00, 0x00, 0x00, 0x00,
  0x00, 0xd9, 0x00, 0x00, 0x00, 0x00, 0x00, 0x00, 0x00, 0xde, 0x00, 0x00,
  0x00, 0x00, 0x00, 0x00, 0x00, 0x00, 0x00, 0x00, 0x00, 0xd8, 0x00, 0x00,
  0x00, 0x00, 0x00, 0xdf, 0x00, 0x00, 0x00, 0xd3, 0x00, 0xdb, 0x00, 0xfe,
  0x00, 0x00, 0x00, 0x00, 0x00, 0x00, 0x0b, 0x00, 0x00, 0x00, 0x00, 0x00,
  0x00, 0x00, 0x44, 0x00, 0x00, 0xfb, 0x00, 0x00, 0x00, 0xd5, 0x00, 0x00,
  0x00, 0x00, 0x00, 0xce, 0x00, 0x00, 0x00, 0xd0, 0x00, 0x00, 0x00, 0x00,
  0x00, 0x00, 0x47, 0xcc, 0x00, 0xf7, 0x00, 0x00, 0x00, 0x00, 0x00, 0x00,
  0x00, 0x00, 0x00, 0x00, 0xe8, 0x00, 0x00, 0x00, 0x46, 0xcc, 0x00, 0x00,
  0x00, 0xe2, 0x00, 0x00, 0x00, 0x00, 0x00, 0x00, 0x00, 0x00, 0x00, 0x00,
  0x4b, 0x00, 0x00, 0x00, 0x00, 0x00, 0x00, 0xd4, 0x00, 0xd7, 0x00, 0x00,
  0x00, 0x00, 0x45, 0x00, 0xf2, 0xf5, 0x00, 0x00, 0x00, 0xd9, 0x00, 0x00,
  0x00, 0x00, 0x00, 0x00, 0x00, 0xee, 0x18, 0x00, 0x42, 0xc8, 0xf8, 0x00,
  0x00, 0x00, 0x00, 0x00, 0x00, 0x00, 0x00, 0x00, 0x12, 0xd7, 0x00, 0x00,
  0x00, 0x00, 0x00, 0xdb, 0xed, 0x00, 0x00, 0x00, 0x00, 0x00, 0xef, 0x00,
  0x00, 0x00, 0x00, 0x00, 0x00, 0x00, 0x52, 0x00, 0x00, 0x00, 0x00, 0x00,
  0x00, 0x00, 0x00, 0x00, 0x00, 0x00, 0x00, 0xd5, 0x00, 0x00, 0x00, 0x00,
  0x4f, 0x00, 0x00, 0x00, 0x00, 0x00, 0x50, 0x00, 0x00, 0xe5, 0x00, 0x00,
  0x00, 0x00, 0x00, 0x00, 0x00, 0x00, 0x41, 0x00, 0x48, 0x00, 0x00, 0xf4,
  0x00, 0xdc, 0x00, 0x00, 0x00, 0xea, 0x00, 0x00, 0x00, 0x00, 0x00, 0x00,
  0x4b, 0x00, 0x00, 0x00, 0xe0, 0xf0, 0x00, 0xda, 0x00, 0x00, 0x00, 0x00,
  0x00, 0x00, 0x00, 0x00, 0x00, 0x00, 0x00, 0xd4, 0x00, 0x00, 0x00, 0x00,
  0x43, 0x00, 0x00, 0x00, 0x00, 0x00, 0x00, 0xd9, 0x00, 0x00, 0x00, 0x00,
  0x00, 0x00, 0x00, 0x00, 0xe4, 0x00, 0x41, 0x00, 0x00, 0x00, 0x00, 0xf4,
  0x00, 0x00, 0x00, 0x00, 0x19, 0xf7, 0x00, 0xd4, 0x00, 0x00, 0xe0, 0x00,
  0x00, 0x00, 0x00, 0x00, 0x00, 0x00, 0x48, 0x00, 0x00, 0xcd, 0xe1, 0x00,
  0x00, 0x00, 0x42, 0x00, 0x00, 0x00, 0x44, 0xdf, 0x00, 0x10, 0x00, 0x00,
  0x00, 0x00, 0x00, 0x00, 0x00, 0x00, 0x00, 0x00, 0x00, 0xf1, 0x00, 0x28,
  0x00, 0xd7, 0x00, 0x00, 0xe4, 0x28, 0x15, 0x00, 0x4b, 0xef, 0x1d, 0x25,
  0x00, 0x00, 0x00, 0x00, 0x00, 0x00, 0x00, 0x00, 0x00, 0x00, 0x00, 0x00,
  0x00, 0xda, 0x00, 0x00, 0x00, 0x00, 0x00, 0x00, 0x3f, 0x00, 0x00, 0x00,
  0x00, 0x00, 0x00, 0x00, 0x00, 0xee, 0x00, 0x00, 0x00, 0x00, 0xeb, 0x27,
  0x00, 0x00, 0x47, 0x00, 0x00, 0x00, 0x00, 0x00, 0x00, 0x00, 0x00, 0xef,
  0x52, 0x00, 0x48, 0x00, 0x00, 0x00, 0x52, 0x00, 0x00, 0x00, 0x00, 0x00,
  0x00, 0x00, 0x00, 0xde, 0x00, 0x00, 0x00, 0x00, 0x00, 0xdf, 0x00, 0x00,
  0x00, 0x00, 0x00, 0x00, 0x00, 0x00, 0x00, 0x00, 0x00, 0x00, 0x00, 0x00,
  0x15, 0x00, 0x00, 0x00, 0x00, 0x22, 0x00, 0xd0, 0x00, 0x00, 0x00, 0x00,
  0x00, 0x00, 0x00, 0xdd, 0xe8, 0x00, 0x00, 0x00, 0x00, 0x00, 0x1e, 0x00,
  0x00, 0xd4, 0x00, 0x00, 0x00, 0x00, 0x00, 0xd5, 0x00, 0x00, 0x00, 0xe6,
  0x00, 0x00, 0x00, 0xe6, 0x00, 0x00, 0x53, 0x00, 0x00, 0x00, 0xed, 0x00,
  0x00, 0xce, 0x00, 0x00, 0x00, 0x00, 0x52, 0x00, 0x00, 0x00, 0x00, 0x00,
  0x4c, 0x00, 0x47, 0x00, 0x00, 0xec, 0x00, 0x0a, 0x00, 0x00, 0x00, 0x00,
  0x00, 0x00, 0x00, 0x00, 0x00, 0x2f, 0x44, 0xb2, 0x00, 0x00, 0x00, 0x2a,
  0x00, 0xc0, 0x00, 0x00, 0x00, 0x26, 0x33, 0x00, 0x00, 0x00, 0x00, 0x32,
  0x43, 0xb0, 0x00, 0x00, 0x00, 0x00, 0x2c, 0x00, 0x00, 0x00, 0x00, 0x00,
  0x00, 0x00, 0x00, 0x00, 0x00, 0x35, 0x00, 0xc4, 0x00, 0x00, 0x00, 0x33,
  0x00, 0x00, 0x00, 0x34, 0x00, 0x00, 0x00, 0xdd, 0x00, 0x30, 0x00, 0x33,
  0x1f, 0xda, 0x00, 0x00, 0x00, 0x00, 0x0e, 0x00, 0x00, 0x00, 0x00, 0x3c,
  0x00, 0xd6, 0x00, 0x00, 0x00, 0x00, 0x16, 0x00, 0x00, 0x00, 0x00, 0x00,
  0x00, 0xec, 0xeb, 0x00, 0x00, 0x00, 0x00, 0xe6, 0xe2, 0x00, 0x00, 0x2c,
  0x00, 0x00, 0xea, 0x00, 0x00, 0x42, 0x11, 0xfa, 0x00, 0x00, 0xe9, 0x00,
  0x0a, 0x00, 0x00, 0x00, 0xdb, 0x39, 0x02, 0x00, 0x00, 0x38, 0xe5, 0x00,
  0x07, 0x00, 0x00, 0x38, 0xed, 0x00, 0x00, 0x00, 0x00, 0x3a, 0x00, 0x29,
  0x00, 0x00, 0x00, 0x00, 0x00, 0x00, 0x00, 0x00, 0x00, 0x00, 0x00, 0x00,
  0x00, 0x00, 0x00, 0x00, 0xfc, 0x00, 0x00, 0x00, 0x00, 0x00, 0x00, 0x00,
  0x00, 0x00, 0x00, 0x02, 0xfa, 0x29, 0x00, 0x1d, 0x00, 0x04, 0xf9, 0x2a,
  0x00, 0x00, 0x00, 0x00, 0x00, 0x00, 0x00, 0x00, 0x00, 0x00, 0x00, 0x00,
  0x00, 0x00, 0x00, 0x00, 0x00, 0x00, 0x18, 0x23, 0x00, 0x00, 0x00, 0x1e,
  0x00, 0x27, 0x00, 0x00, 0x00, 0x00, 0x00, 0x00, 0x00, 0x30, 0x00, 0x00,
  0x00, 0x00, 0x00, 0x28, 0x00, 0x22, 0x00, 0x00, 0x00, 0x00, 0x00, 0x21,
  0x00, 0x00, 0x00, 0x00, 0x00, 0x00, 0xdb, 0x00, 0x00, 0x00, 0x00, 0x24,
  0xe0, 0x00, 0x00, 0x00, 0x00, 0x00, 0x00, 0x00, 0x00, 0x01, 0x00, 0x1d,
  0x00, 0x00, 0x00, 0xfd, 0x00, 0x00, 0xca, 0x00, 0x00, 0x03, 0x20, 0x00,
  0x00, 0x00, 0x00, 0x00, 0x00, 0x23, 0xe2, 0x22, 0x00, 0x00, 0x00, 0x18,
  0x00, 0x00, 0x00, 0x2d, 0x00, 0x00, 0x00, 0x1f, 0x00, 0x00, 0x00, 0x1b,
  0x00, 0x00, 0x00, 0x00, 0x00, 0x00, 0x00, 0x29, 0x00, 0x00, 0x00, 0x00,
  0xc3, 0x00, 0x00, 0x00, 0x25, 0x00, 0xd1, 0x00, 0x00, 0x01, 0x33, 0x00,
  0x00, 0x00, 0x00, 0xfd, 0x35, 0x00, 0x00, 0x00, 0xe7, 0xf2, 0x2a, 0x00,
  0xd1, 0x00, 0xe2, 0xf6, 0x00, 0x14, 0x00, 0x00, 0x00, 0x00, 0x00, 0x00,
  0x00, 0x00, 0x00, 0x00, 0x00, 0x00, 0xcf, 0x00, 0x00, 0x00, 0x00, 0x00,
  0xdc, 0x23, 0x00, 0x00, 0x00, 0x00, 0xe2, 0x00, 0x00, 0x00, 0x00, 0x00,
  0x00, 0x00, 0x00, 0x00, 0x00, 0x00, 0xd4, 0x00, 0x00, 0x00, 0x00, 0x00,
  0xe1, 0x23, 0x00, 0x00, 0x00, 0x00, 0xd4, 0x00, 0x00, 0x00, 0x00, 0x00,
  0x00, 0x1f, 0x00, 0x00, 0x00, 0x00, 0xd1, 0x00, 0x00, 0x00, 0x00, 0x00,
  0x00, 0x13, 0x00, 0x0e, 0x00, 0x00, 0x00, 0x00, 0x00, 0x00, 0x00, 0xd7,
  0x00, 0x00, 0x00, 0x00, 0x00, 0x00, 0x00, 0x00, 0x00, 0x00, 0x00, 0xdb,
  0x00, 0x24, 0x00, 0x00, 0x00, 0x00, 0x00, 0x00, 0x00, 0x00, 0x00, 0xd3,
  0xd0, 0x00, 0x00, 0x00, 0x00, 0x00, 0x00, 0x00, 0x00, 0x00, 0x00, 0x00,
  0xd0, 0x00, 0x00, 0x00, 0x00, 0x00, 0x00, 0x00, 0x00, 0x00, 0x00, 0x00,
  0xc9, 0xef, 0x00, 0x00, 0x00, 0x00, 0xc5, 0x00, 0x00, 0x16, 0x00, 0x00,
  0xcc, 0x00, 0x00, 0xfe, 0x00, 0x00, 0x00, 0x00, 0x00, 0x15, 0x00, 0x00,
  0xc4, 0x00, 0x00, 0x1a, 0x00, 0x00, 0x00, 0x00, 0x00, 0x00, 0x00, 0x00,
  0xca, 0x00, 0x00, 0x00, 0xe8, 0x00, 0xc4, 0x00, 0x00, 0x00, 0x00, 0x00,
  0x00, 0x26, 0x00, 0x00, 0x00, 0xe7, 0x00, 0x00, 0x00, 0x00, 0x00, 0x00,
  0x00, 0x00, 0x00, 0x00, 0x00, 0xea, 0xc4, 0x00, 0xe9, 0x00, 0x00, 0x00,
  0x00, 0x00, 0x00, 0x00, 0x00, 0x00, 0x00, 0x00, 0x00, 0x00, 0x00, 0x00,
  0xcd, 0x00, 0x00, 0x00, 0x00, 0x00, 0x00, 0x00, 0x00, 0x00, 0x00, 0x2b,
  0x00, 0xe4, 0x00, 0x00, 0xf5, 0x00, 0x00, 0xc7, 0x00, 0x00, 0x00, 0x00,
  0x00, 0x00, 0x00, 0x00, 0x00, 0x00, 0x00, 0xd0, 0x00, 0x00, 0x00, 0x00,
  0x00, 0xd5, 0x00, 0x00, 0x00, 0x00, 0xd6, 0x00, 0x00, 0x00, 0x00, 0x21,
  0x00, 0x00, 0x00, 0x00, 0x00, 0x00, 0x00, 0xd2, 0x00, 0x00, 0x00, 0xe6,
  0xd2, 0xd1, 0x00, 0x00, 0xfe, 0x00, 0x00, 0x00, 0x00, 0x00, 0x00, 0x00,
  0xfb, 0x00, 0x00, 0x00, 0x00, 0xca, 0x00, 0x00, 0x00, 0x00, 0x00, 0xc2,
  0xf7, 0x00, 0x00, 0x00, 0x00, 0xcd, 0xf0, 0x00, 0x00, 0x00, 0x00, 0x00,
  0x00, 0xf6, 0x00, 0x00, 0x18, 0x00, 0xdb, 0x00, 0x00, 0x00, 0x1b, 0x00,
  0xe1, 0xfa, 0x00, 0x00, 0x1a, 0xcd, 0xe8, 0x00, 0x00, 0x00, 0x23, 0xc7,
  0x00, 0x00, 0x00, 0x00, 0x00, 0xc9, 0x00, 0xdf, 0x00, 0x00, 0x00, 0x00,
  0xe8, 0xe6, 0x00, 0x00, 0x00, 0x00, 0x00, 0x00, 0x00, 0x00, 0x00, 0x00,
  0x00, 0xe4, 0x00, 0x00, 0x00, 0x00, 0x00, 0xed, 0x00, 0x00, 0x00, 0x00,
  0x00, 0x00, 0x00, 0x00, 0x00, 0x00, 0xef, 0x00, 0x00, 0x00, 0x00, 0x00,
  0x00, 0xe2, 0x00, 0x00, 0x00, 0xc9, 0x00, 0x00, 0x00, 0x00, 0x00, 0xc9,
  0x00, 0xd6, 0x00, 0x00, 0x00, 0x00, 0x00, 0xd7, 0x00, 0x00, 0x00, 0x00,
  0xfb, 0x00, 0x00, 0x00, 0x00, 0xc8, 0x00, 0xe9, 0x00, 0x1b, 0x00, 0x00,
  0x00, 0x00, 0x00, 0x00, 0x00, 0x00, 0x00, 0xe7, 0x00, 0x00, 0x00, 0x00,
  0x00, 0x00, 0x00, 0x00, 0x00, 0x00, 0x00, 0x00, 0x00, 0x00, 0x00, 0xc6,
  0x00, 0x00, 0x00, 0x00, 0x00, 0xd0, 0x00, 0xd0, 0x00, 0x00, 0x00, 0x00,
  0x00, 0xd6, 0x00, 0x00, 0x00, 0x00, 0x00, 0x00, 0x00, 0x00, 0xd3, 0x00,
  0x02, 0xdc, 0x00, 0x00, 0x00, 0xcc, 0x00, 0xe3, 0x00, 0x21, 0x00, 0x00,
  0x00, 0x00, 0x00, 0x1a, 0x00, 0xcd, 0x00, 0x00, 0x00, 0x00, 0x00, 0x00,
  0x00, 0x00, 0x00, 0x00, 0x00, 0x00, 0x00, 0x00, 0x00, 0x00, 0x00, 0x00,
  0xf6, 0xf4, 0x00, 0x00, 0x00, 0x00, 0x00, 0xff, 0x00, 0x00, 0x00, 0x00,
  0x00, 0x00, 0x00, 0x00, 0x00, 0x00, 0x00, 0xfe, 0x00, 0x00, 0x00, 0x00,
  0x00, 0x00, 0x00, 0x00, 0x00, 0x00, 0x00, 0x00, 0x00, 0x00, 0x00, 0xcc,
  0x00, 0x00, 0x00, 0x00, 0x00, 0x00, 0x00, 0x00, 0x00, 0x00, 0x00, 0x00,
  0x00, 0x00, 0x00, 0x1d, 0x00, 0x00, 0x00, 0x00, 0x00, 0x18, 0x00, 0x00,
  0x00, 0x00, 0x00, 0x00, 0x00, 0x00, 0x00, 0x00, 0x00, 0x00, 0x00, 0xd6,
  0x00, 0x00, 0x00, 0x00, 0x00, 0x00, 0x00, 0x00, 0x00, 0x00, 0x00, 0x00,
  0x00, 0x00, 0x00, 0x00, 0x00, 0x00, 0xf0, 0x00, 0x00, 0x00, 0x00, 0x00,
  0x00, 0x00, 0x00, 0x00, 0x00, 0x00, 0x00, 0x00, 0x00, 0x00, 0x00, 0x00,
  0x00, 0x39, 0x00, 0x00, 0x00, 0xd6, 0xf2, 0x34, 0x00, 0x00, 0x00, 0x00,
  0x00, 0x32, 0x00, 0x21, 0x00, 0x12, 0xe6, 0x00, 0x00, 0x1e, 0x00, 0x00,
  0x00, 0x00, 0x00, 0x20, 0x00, 0x00, 0x00, 0x34, 0x00, 0x00, 0x00, 0x00,
  0x00, 0x00, 0x00, 0x00, 0x00, 0x00, 0xec, 0x2a, 0x00, 0x00, 0x00, 0x00,
  0x00, 0x00, 0x00, 0x00, 0x00, 0x00, 0xeb, 0x00, 0x00, 0x00, 0x00, 0x00,
  0x00, 0x00, 0x00, 0x00, 0x00, 0x12, 0xfb, 0x38, 0x00, 0x00, 0x00, 0x1e,
  0x00, 0x33, 0x00, 0x00, 0x00, 0x00, 0xe0, 0x43, 0x00, 0x00, 0x00, 0x00,
  0x00, 0x44, 0x00, 0x00, 0x00, 0x00, 0x00, 0x3b, 0x00, 0x00, 0x00, 0x1f,
  0x00, 0x4e, 0x00, 0x00, 0x00, 0x1b, 0x00, 0x00, 0x00, 0x00, 0x00, 0x00,
  0x00, 0x38, 0x00, 0x00, 0x00, 0x00, 0xfb, 0x45, 0x00, 0x00, 0x00, 0x00,
  0xf8, 0x58, 0x00, 0x00, 0x10, 0x17, 0xf8, 0x3b, 0x00, 0x00, 0x1a, 0x00,
  0x00, 0x00, 0x00, 0x00, 0x1b, 0x19, 0x00, 0x5b, 0x00, 0x00, 0x16, 0x00,
  0x00, 0x3f, 0x00, 0x00, 0x1f, 0x1f, 0x00, 0x00, 0x00, 0x00, 0x1c, 0x00,
  0x00, 0x00, 0x00, 0x00, 0x16, 0x00, 0x00, 0x40, 0x00, 0x00, 0x19, 0x00,
  0x3c, 0x42, 0x00, 0x00, 0x20, 0x1a, 0x00, 0x00, 0x00, 0x00, 0x00, 0x00,
  0x00, 0x3d, 0x00, 0x00, 0x00, 0x00, 0x00, 0x00, 0x00, 0x00, 0x00, 0x00,
  0x00, 0x00, 0x00, 0x00, 0x00, 0x00, 0x00, 0x00, 0x00, 0x00, 0x1c, 0x00,
  0x00, 0x00, 0x00, 0x00, 0x1e, 0x00, 0x00, 0x00, 0x00, 0x00, 0x00, 0x00,
  0x00, 0x3d, 0x00, 0x00, 0x00, 0x1f, 0x00, 0x00, 0x00, 0x00, 0x00, 0x1e,
  0x00, 0x35, 0x00, 0x00, 0x00, 0x22, 0x00, 0x3e, 0x00, 0x00, 0x00, 0x00,
  0x37, 0x40, 0x00, 0x00, 0x00, 0x00, 0x00, 0x00, 0x00, 0x00, 0x00, 0x00,
  0x00, 0x00, 0x00, 0x00, 0x00, 0x00, 0x00, 0x00, 0x00, 0x00, 0x00, 0x2e,
  0x00, 0x00, 0x00, 0x00, 0x00, 0x36, 0x00, 0x00, 0x00, 0x00, 0x00, 0x00,
  0x00, 0xe5, 0xe1, 0x1d, 0xde, 0x00, 0x00, 0x00, 0x00, 0x00, 0x00, 0x00,
  0x00, 0x00, 0x00, 0x1c, 0x1a, 0x00, 0x00, 0xe5, 0x00, 0x00, 0x00, 0x00,
  0x00, 0x00, 0x00, 0x00, 0x00, 0xe6, 0x00, 0x00, 0xe3, 0x00, 0x00, 0xde,
  0x00, 0xdf, 0x00, 0x00, 0x00, 0x00, 0x00, 0x1a, 0x00, 0x00, 0x00, 0x00,
  0x00, 0x00, 0x00, 0x00, 0x00, 0x00, 0x00, 0x1b, 0x00, 0x00, 0x1f, 0x00,
  0x00, 0x1d, 0x00, 0x00, 0x00, 0x00, 0x00, 0x00, 0xe6, 0x00, 0xe0, 0x00,
  0x00, 0x00, 0x00, 0x00, 0x00, 0x00, 0x00, 0x00, 0x1d, 0xe6, 0x1f, 0x00,
  0x00, 0x00, 0x00, 0x1a, 0x1d, 0x00, 0x00, 0x00, 0x00, 0x00, 0x00, 0x00,
  0x00, 0x00, 0x00, 0x00, 0x00, 0x00, 0x00, 0x00, 0x00, 0x00, 0x00, 0xe1,
  0xdf, 0x00, 0x00, 0xe1, 0x1d, 0x00, 0x1d, 0x00, 0x00, 0x00, 0x00, 0x00,
  0x00, 0x00, 0xe2, 0x00, 0x00, 0x00, 0x00, 0x00, 0x00, 0xdf, 0x00, 0x00,
  0x1b, 0x00, 0x00, 0x00, 0x00, 0x00, 0x00, 0x00, 0x00, 0x1e, 0x00, 0x00,
  0x00, 0xe0, 0x00, 0xe4, 0x00, 0x00, 0x1a, 0x00, 0x00, 0x00, 0x00, 0x00,
  0x1c, 0xe6, 0xe5, 0x00, 0x00, 0xe4, 0x19, 0x00, 0x00, 0x00, 0x00, 0x00,
  0x00, 0x00, 0x00, 0x00, 0x00, 0xe1, 0x1b, 0x00, 0x00, 0x00, 0x00, 0x00,
  0x00, 0x00, 0xe3, 0x00, 0x00, 0x00, 0x00, 0x00, 0x00, 0x00, 0x00, 0x00,
  0x00, 0x00, 0x00, 0x00, 0x00, 0x00, 0x00, 0x00, 0x00, 0xe3, 0x00, 0x1a,
  0x00, 0xe1, 0x00, 0xe3, 0x00, 0x00, 0x00, 0x00, 0x00, 0x00, 0x00, 0x00,
  0x00, 0x1b, 0x00, 0x00, 0x00, 0x00, 0x00, 0x00, 0x00, 0x00, 0x00, 0x00,
  0x00, 0x00, 0x00, 0x00, 0xe1, 0xe4, 0x00, 0x00, 0xe6, 0x00, 0x00, 0x00,
  0xe3, 0x00, 0x00, 0x00, 0xe6, 0x00, 0x00, 0x00, 0x00, 0x00, 0x00, 0x00,
  0x00, 0x00, 0x00, 0x00, 0xe3, 0x00, 0x1a, 0x1e, 0x00, 0x00, 0x00, 0x00,
  0x00, 0x00, 0x00, 0x00, 0xe2, 0x00, 0xe5, 0x00, 0x00, 0x00, 0x00, 0x00,
  0x00, 0xe2, 0x1b, 0x00, 0x00, 0x00, 0x00, 0x00, 0x00, 0x00, 0xe2, 0x00,
  0x00, 0x00, 0xe4, 0x00, 0x00, 0x00, 0x00, 0x00, 0x00, 0x00, 0x00, 0x1b,
  0x00, 0x00, 0x00, 0x00, 0x00, 0x00, 0x00, 0x00, 0xde, 0x00, 0x00, 0x00,
  0x00, 0x00, 0x00, 0x00, 0x00, 0xe2, 0xe4, 0x00, 0x00, 0x00, 0xe2, 0x00,
  0x00, 0x00, 0xde, 0x00, 0xe4, 0x00, 0x00, 0x00, 0x00, 0x00, 0x00, 0x00,
  0x00, 0xe6, 0x00, 0x1f, 0x00, 0x00, 0x00, 0x1d, 0xe1, 0x00, 0xe4, 0x00,
  0x00, 0xe3, 0x1e, 0x00, 0xe0, 0x00, 0x00, 0x00, 0x00, 0xe2, 0x00, 0x00,
  0x00, 0x1c, 0x00, 0x00, 0xe5, 0x00, 0x00, 0x00, 0x00, 0xe2, 0x00, 0x00,
  0xdf, 0x00, 0x00, 0x00, 0x00, 0x00, 0x00, 0xe3, 0x00, 0x00, 0x00, 0x1e,
  0x00, 0xe5, 0x00, 0x00, 0x00, 0x00, 0x00, 0x00, 0x1b, 0x00, 0x00, 0x00,
  0x1c, 0x1c, 0x00, 0x00, 0x00, 0x1b, 0x00, 0x00, 0x00, 0x00, 0x00, 0x1b,
  0x00, 0x00, 0x00, 0xe5, 0x00, 0x00, 0x00, 0x00, 0xdf, 0x00, 0x1d, 0x00,
  0x00, 0x00, 0x00, 0xe1, 0x00, 0x00, 0x00, 0x00, 0x00, 0x00, 0x00, 0x00,
  0x00, 0xe2, 0x00, 0x00, 0x00, 0x00, 0x00, 0x00, 0x00, 0x00, 0x00, 0x00,
  0x00, 0x00, 0x00, 0x00, 0xe0, 0x00, 0x00, 0x00, 0xde, 0x00, 0xe2, 0x00,
  0xe2, 0x00, 0xe6, 0x1a, 0x00, 0x00, 0x00, 0x00, 0xe2, 0x00, 0x00, 0x1d,
  0x00, 0xe1, 0x00, 0x00, 0x00, 0x00, 0x00, 0x00, 0x00, 0x00, 0x1a, 0xe0,
  0xe3, 0x00, 0x00, 0xe0, 0x00, 0x00, 0x00, 0x00, 0x00, 0x00, 0x00, 0x00,
  0x00, 0x00, 0x00, 0x00, 0x00, 0x00, 0x00, 0x00, 0x00, 0x00, 0x00, 0x00,
  0x00, 0x00, 0xe6, 0x00, 0x00, 0x00, 0x00, 0x00, 0x00, 0x00, 0x00, 0x00,
  0xdf, 0x00, 0xe2, 0x00, 0x00, 0x00, 0x00, 0x00, 0x00, 0x00, 0x00, 0x1d,
  0x00, 0xe0, 0x00, 0x00, 0x00, 0x00, 0x00, 0xe3, 0x00, 0x00, 0x00, 0x1d,
  0x1d, 0x00, 0x00, 0x00, 0x00, 0x00, 0x00, 0x00, 0xe3, 0x1e, 0x00, 0x00,
  0x00, 0xe1, 0x00, 0xe6, 0xe6, 0x00, 0xde, 0x00, 0x00, 0x1e, 0xe0, 0xe2,
  0xde, 0xe2, 0x00, 0x00, 0x00, 0x00, 0x00, 0xe5, 0x00, 0x00, 0x00, 0x00,
  0x00, 0x00, 0x00, 0x00, 0x00, 0x00, 0x00, 0x00, 0x00, 0x00, 0x00, 0x00,
  0xde, 0x00, 0x00, 0xe2, 0x00, 0x00, 0x00, 0xe5, 0x00, 0x00, 0xdc, 0xe1,
  0xe2, 0x00, 0x00, 0x00, 0xe0, 0x00, 0x00, 0x1a, 0x00, 0x00, 0x00, 0x00,
  0x00, 0x00, 0x00, 0x00, 0x00, 0x00, 0x00, 0xe4, 0x00, 0x1d, 0x00, 0x00,
  0x00, 0x00, 0xe5, 0x00, 0x00, 0x00, 0x1a, 0x00, 0x00, 0x00, 0x00, 0xe5,
  0x1c, 0x00, 0x00, 0x00, 0x00, 0x1d, 0x00, 0x00, 0x00, 0x00, 0x00, 0x00,
  0x00, 0x00, 0x00, 0x1c, 0xdf, 0x00, 0xdd, 0x00, 0x00, 0x00, 0x1a, 0x00,
  0x00, 0x00, 0x00, 0x00, 0x00, 0x00, 0x00, 0x00, 0x00, 0x00, 0x00, 0xe2,
  0x00, 0x00, 0x00, 0x00, 0xe2, 0xe3, 0x00, 0x00, 0x00, 0x00, 0x00, 0x00,
  0x00, 0x00, 0x00, 0x00, 0x00, 0x00, 0x00, 0xe4, 0x00, 0x00, 0x00, 0x1a,
  0x00, 0x00, 0x00, 0x00, 0x00, 0x00, 0x00, 0x00, 0x00, 0x00, 0x00, 0x00,
  0x00, 0x00, 0x00, 0xe0, 0x00, 0x00, 0x00, 0x00, 0x00, 0x00, 0x00, 0x00,
  0x00, 0x00, 0xe0, 0x00, 0xe2, 0xe4, 0xe2, 0x00, 0x1b, 0x00, 0x00, 0x00,
  0xe5, 0xe1, 0x00, 0x00, 0x00, 0x00, 0x00, 0x00, 0x00, 0xdf, 0xe0, 0x00,
  0x00, 0x1b, 0x00, 0x00, 0x00, 0xe3, 0xe6, 0xde, 0xe6, 0x00, 0x00, 0x00,
  0x00, 0x00, 0x00, 0xe5, 0xe5, 0x00, 0xe6, 0x00, 0x00, 0x00, 0xe6, 0x00,
  0x00, 0x00, 0x00, 0x00, 0xe6, 0x1b, 0x00, 0x00, 0x00, 0x1a, 0x00, 0x00,
  0x00, 0x00, 0x00, 0x00, 0x00, 0x1c, 0x00, 0x00, 0x00, 0x00, 0x00, 0x00,
  0x00, 0x00, 0x00, 0x00, 0x00, 0x00, 0x00, 0x00, 0x00, 0x00, 0x00, 0x00,
  0x00, 0x00, 0x1c, 0x00, 0x00, 0x00, 0x00, 0x00, 0x1a, 0x00, 0x00, 0xe6,
  0x00, 0x00, 0x00, 0x00, 0x00, 0x00, 0xde, 0x00, 0x00, 0x00, 0x00, 0xe3,
  0x00, 0x00, 0x00, 0x00, 0x00, 0x00, 0x00, 0x00, 0x00, 0x00, 0x00, 0x1c,
  0x00, 0x00, 0x00, 0x1b, 0x00, 0x00, 0x00, 0x00, 0x00, 0x00, 0x00, 0x00,
  0x00, 0x1c, 0x00, 0x00, 0x00, 0x00, 0x00, 0x00, 0xe3, 0x00, 0x00, 0x1c,
  0x00, 0x00, 0x00, 0x00, 0x00, 0xe4, 0x00, 0x00, 0xe4, 0x00, 0xe1, 0xe1,
  0x00, 0x00, 0xe5, 0x00, 0xdf, 0x00, 0x00, 0x00, 0x00, 0x00, 0x00, 0x00,
  0x00, 0x1a, 0x00, 0x00, 0x00, 0x00, 0x00, 0xe6, 0x00, 0x00, 0x00, 0x00,
  0x00, 0x00, 0x00, 0x00, 0x00, 0x00, 0x00, 0x00, 0xe0, 0x00, 0xe2, 0x1d,
  0x00, 0x00, 0x00, 0x00, 0x00, 0x00, 0x00, 0x00, 0xe6, 0x00, 0xe4, 0xe4,
  0x00, 0x1c, 0x00, 0xe6, 0xe6, 0x00, 0x00, 0x00, 0x00, 0x00, 0x00, 0xe5,
  0x00, 0x00, 0x00, 0x00, 0x00, 0xe6, 0x00, 0xdd, 0x00, 0x00, 0x00, 0x00,
  0x00, 0x1c, 0x00, 0x00, 0xe4, 0x00, 0xde, 0x00, 0x00, 0xe3, 0x00, 0x00,
  0x00, 0x00, 0x00, 0x00, 0xde, 0x00, 0x00, 0x00, 0x00, 0x00, 0x00, 0x1a,
  0x1b, 0x00, 0x00, 0x00, 0xe1, 0x00, 0x00, 0x00, 0x00, 0x00, 0x00, 0x00,
  0x00, 0x00, 0x00, 0xe1, 0x00, 0x00, 0x00, 0x00, 0x00, 0x00, 0x00, 0x00,
  0x00, 0x00, 0x00, 0x00, 0x00, 0x00, 0xe5, 0x00, 0x00, 0x00, 0xe5, 0x00,
  0x00, 0x00, 0x00, 0xe1, 0x00, 0x00, 0x00, 0xe5, 0x00, 0x00, 0x00, 0x00,
  0x00, 0x00, 0x00, 0x00, 0x00, 0x00, 0x00, 0x00, 0x00, 0x00, 0x00, 0x00,
  0xdf, 0x1c, 0xe3, 0x00, 0x00, 0x00, 0x00, 0x00, 0x00, 0x00, 0x00, 0x1c,
  0x00, 0x00, 0x00, 0xe2, 0x00, 0x00, 0x00, 0x00, 0x00, 0xde, 0x00, 0x00,
  0x00, 0xdf, 0x00, 0x00, 0x1a, 0x00, 0x00, 0xe4, 0x00, 0x00, 0x00, 0x00,
  0x00, 0x00, 0x00, 0x00, 0x00, 0x00, 0x00, 0x00, 0x00, 0x00, 0x1b, 0x00,
  0x00, 0x00, 0x00, 0x00, 0x00, 0x00, 0x00, 0x00, 0x00, 0xdf, 0x00, 0xe0,
  0x00, 0xe3, 0x00, 0x00, 0xdd, 0x00, 0xde, 0xe4, 0x1c, 0x00, 0x00, 0x1c,
  0x00, 0x00, 0x00, 0x1c, 0x00, 0x00, 0x00, 0x00, 0x00, 0x00, 0x1c, 0x00,
  0x00, 0x00, 0x00, 0xdf, 0x00, 0x00, 0x00, 0x00, 0x00, 0x00, 0x1b, 0xe1,
  0x00, 0x00, 0x00, 0x00, 0xdd, 0x00, 0x1b, 0x00, 0x00, 0xe5, 0xe5, 0x00,
  0x00, 0x00, 0x00, 0x00, 0x00, 0x1d, 0xdd, 0x00, 0x00, 0x00, 0x00, 0x00,
  0x00, 0x00, 0x00, 0x00, 0x00, 0x00, 0x00, 0x00, 0xe5, 0x00, 0xe6, 0x00,
  0xe2, 0x00, 0x00, 0x00, 0x00, 0x00, 0x00, 0x00, 0x00, 0x00, 0x00, 0x00,
  0x00, 0x00, 0x00, 0x00, 0x00, 0x00, 0x00, 0x00, 0x1b, 0x00, 0x00, 0x00,
  0x00, 0x00, 0x00, 0xdd, 0x00, 0x00, 0x00, 0x00, 0xe5, 0x00, 0x00, 0x00,
  0x00, 0x00, 0x00, 0x00, 0x00, 0x00, 0xe3, 0x00, 0x00, 0x1d, 0x1e, 0x1d,
  0x00, 0x00, 0x00, 0x00, 0x00, 0x1d, 0x00, 0x00, 0x1e, 0xe2, 0x00, 0x00,
  0x00, 0x00, 0xdf, 0x00, 0x00, 0xe3, 0x00, 0x00, 0x00, 0x00, 0xe6, 0x00,
  0x00, 0xe4, 0x1e, 0x00, 0x00, 0x00, 0x00, 0x00, 0x00, 0x00, 0x00, 0x00,
  0x00, 0x00, 0x00, 0x00, 0x00, 0x00, 0x00, 0x1d, 0x00, 0x00, 0x00, 0x00,
  0x1b, 0x00, 0x00, 0x00, 0x1b, 0x00, 0x00, 0x00, 0x00, 0x00, 0x00, 0x00,
  0x00, 0x00, 0x1b, 0x00, 0x00, 0x00, 0x1c, 0x00, 0x00, 0x00, 0x00, 0xe3,
  0x00, 0x00, 0x00, 0x00, 0x00, 0x00, 0x00, 0x1b, 0x00, 0x00, 0x00, 0x00,
  0x00, 0x00, 0x00, 0x00, 0x00, 0x00, 0x00, 0x00, 0x00, 0x00, 0xe3, 0x00,
  0x00, 0x00, 0x00, 0x00, 0x00, 0x00, 0x00, 0x00, 0x00, 0x00, 0x00, 0x00,
  0x00, 0x00, 0x00, 0x00, 0x00, 0x00, 0x00, 0x00, 0x00, 0x00, 0x00, 0x00,
  0xe3, 0x00, 0x1e, 0x00, 0x00, 0x00, 0xe6, 0x00, 0x1a, 0x00, 0x00, 0xe6,
  0x00, 0x00, 0x00, 0x00, 0x00, 0x00, 0x00, 0x00, 0x00, 0x00, 0x00, 0xe2,
  0x1c, 0x00, 0xe5, 0x00, 0x00, 0x1b, 0x00, 0x00, 0x00, 0x00, 0x1b, 0x00,
  0x00, 0x00, 0x00, 0x00, 0x00, 0x00, 0xe6, 0x00, 0x00, 0x00, 0x00, 0x00,
  0x00, 0xe4, 0x00, 0x00, 0x00, 0x00, 0xe2, 0xe4, 0x00, 0x00, 0xe1, 0x00,
  0x00, 0xe0, 0x00, 0x00, 0x00, 0x1c, 0x1d, 0xe1, 0x00, 0x00, 0x00, 0x00,
  0x00, 0x00, 0xe4, 0x1a, 0xe1, 0x00, 0x00, 0x00, 0xe0, 0x00, 0x00, 0xe3,
  0x00, 0x00, 0x00, 0x1a, 0x00, 0x00, 0xe4, 0x00, 0xe6, 0x00, 0x00, 0x00,
  0x00, 0x00, 0x00, 0x00, 0x00, 0xe3, 0x00, 0x00, 0x00, 0x00, 0x00, 0xe6,
  0x00, 0xe2, 0xe5, 0x00, 0xe6, 0x00, 0x00, 0x00, 0xdf, 0x00, 0x00, 0x00,
  0x00, 0x00, 0x00, 0x00, 0x00, 0xdf, 0x00, 0x00, 0x00, 0x00, 0x00, 0x1c,
  0xe5, 0xe0, 0x00, 0xe7, 0x1f, 0x00, 0x00, 0x00, 0x00, 0x00, 0x00, 0x00,
  0x00, 0x00, 0xe5, 0x00, 0x00, 0x00, 0x00, 0x1d, 0x00, 0x00, 0xe4, 0x00,
  0x00, 0x00, 0x00, 0x00, 0x00, 0x00, 0x00, 0x00, 0x1c, 0xe3, 0x1e, 0x00,
  0x00, 0x1f, 0x00, 0x00, 0x00, 0x1e, 0x00, 0x1c, 0x1d, 0xe6, 0x1a, 0xe0,
  0x00, 0x00, 0x00, 0x1a, 0xe0, 0x00, 0x00, 0x00, 0xdf, 0x00, 0x00, 0x00,
  0x1b, 0x00, 0x00, 0x00, 0x00, 0x00, 0x1a, 0x00, 0x00, 0x00, 0x00, 0x1c,
  0x00, 0x00, 0x00, 0x00, 0x1a, 0x00, 0x00, 0x00, 0x00, 0x00, 0x00, 0x00,
  0x00, 0x00, 0xe5, 0x00, 0xdf, 0xdf, 0x00, 0x00, 0x00, 0x00, 0x00, 0x00,
  0x1c, 0x00, 0x00, 0x00, 0x00, 0xdf, 0x00, 0x00, 0x1c, 0x00, 0x00, 0x00,
  0x1c, 0x00, 0x00, 0x00, 0x00, 0x00, 0x00, 0xdf, 0x00, 0x00, 0x00, 0x00,
  0xe6, 0x00, 0x00, 0x00, 0x00, 0x00, 0x00, 0x00, 0x00, 0x00, 0x00, 0x00,
  0x00, 0xdf, 0x00, 0x00, 0x00, 0x00, 0x00, 0x00, 0x00, 0x00, 0x00, 0x00,
  0x00, 0x00, 0xe1, 0x00, 0x00, 0x00, 0x00, 0x00, 0x00, 0x00, 0x1b, 0x00,
  0x00, 0x00, 0x00, 0x1e, 0x1b, 0x00, 0x00, 0x00, 0x00, 0xe3, 0x00, 0x00,
  0x00, 0xdf, 0x00, 0x00, 0x00, 0x00, 0x1d, 0x00, 0x00, 0xe3, 0xdf, 0x00,
  0x00, 0x1a, 0x00, 0xe5, 0xe4, 0x00, 0xdf, 0x00, 0x1a, 0x00, 0x00, 0x00,
  0x00, 0xe4, 0xe2, 0x00, 0x00, 0x00, 0xe4, 0x00, 0x00, 0x00, 0x00, 0x1b,
  0xe1, 0x00, 0x00, 0x1f, 0x00, 0xe2, 0x00, 0x00, 0x00, 0x00, 0x00, 0x00,
  0xe2, 0x00, 0x00, 0x00, 0x00, 0x00, 0x00, 0x00, 0xe6, 0x00, 0x00, 0x00,
  0x00, 0x00, 0x00, 0x00, 0x00, 0x00, 0x00, 0x00, 0x00, 0x00, 0x00, 0x00,
  0xe6, 0x1a, 0x00, 0x00, 0x00, 0x00, 0x00, 0x00, 0x00, 0x1e, 0x00, 0x00,
  0x00, 0x00, 0x00, 0x00, 0x00, 0x00, 0x00, 0x00, 0x1b, 0x00, 0xe2, 0x00,
  0x00, 0xe0, 0xe1, 0x00, 0x00, 0x00, 0x00, 0x00, 0x00, 0xe4, 0x00, 0x1d,
  0x00, 0xdf, 0x00, 0x00, 0x1f, 0x00, 0xe0, 0x00, 0x00, 0x00, 0x00, 0x00,
  0xdf, 0x1c, 0x00, 0x00, 0xe5, 0x00, 0x00, 0x00, 0xe2, 0x00, 0x00, 0x00,
  0x1b, 0x00, 0x00, 0x00, 0x00, 0x00, 0x00, 0xe5, 0x1a, 0xdf, 0x00, 0x00,
  0x00, 0x00, 0xe5, 0x00, 0x00, 0x00, 0x00, 0x00, 0x00, 0x00, 0x00, 0x00,
  0x00, 0x00, 0x00, 0x00, 0x00, 0x1d, 0x00, 0x00, 0x00, 0x00, 0x1b, 0x00,
  0x1d, 0x00, 0x00, 0x00, 0x00, 0x00, 0xdf, 0x00, 0x1b, 0x00, 0x00, 0x00,
  0x00, 0xe5, 0x00, 0xe0, 0x00, 0x00, 0x00, 0x00, 0x00, 0x00, 0x00, 0x00,
  0x00, 0x00, 0x00, 0x00, 0x00, 0x00, 0x00, 0xe1, 0x00, 0x00, 0x00, 0x00,
  0xe0, 0x00, 0x1b, 0x00, 0xe5, 0x00, 0x00, 0x00, 0x00, 0xe6, 0x00, 0x00,
  0x00, 0x00, 0x00, 0x00, 0x00, 0x1e, 0xe6, 0x00, 0x1a, 0x00, 0x00, 0x00,
  0x00, 0x00, 0xe2, 0xe1, 0x00, 0x00, 0x00, 0x00, 0xdf, 0x00, 0x00, 0x00,
  0x00, 0x00, 0x00, 0x00, 0x00, 0x1b, 0x00, 0xe5, 0x00, 0x19, 0x00, 0xe2,
  0x00, 0x00, 0x00, 0x00, 0x00, 0xe2, 0xe0, 0x00, 0x00, 0x00, 0x00, 0x00,
  0x00, 0x00, 0xe4, 0xe1, 0x1a, 0xe2, 0x1d, 0x00, 0x00, 0x00, 0x00, 0x00,
  0x1c, 0x00, 0xe3, 0x00, 0x00, 0x00, 0x00, 0x00, 0x00, 0xe4, 0x00, 0x00,
  0x00, 0xe0, 0x00, 0xe6, 0x00, 0xe6, 0x1a, 0x00, 0x00, 0x00, 0x00, 0x00,
  0xe0, 0x00, 0xe1, 0x00, 0x00, 0x00, 0x1b, 0x00, 0x00, 0x00, 0x00, 0x00,
  0x00, 0x00, 0x00, 0x00, 0x1e, 0xe5, 0xe4, 0x00, 0x00, 0xe2, 0xe3, 0x00,
  0xe4, 0x00, 0x1a, 0x00, 0x00, 0x00, 0x00, 0x00, 0x00, 0x00, 0x00, 0x00,
  0x00, 0x00, 0xe3, 0x00, 0x1c, 0xe3, 0x00, 0x00, 0x00, 0x00, 0x00, 0x00,
  0x00, 0xe2, 0x00, 0x00, 0x00, 0x00, 0x1b, 0x00, 0x00, 0x1d, 0x00, 0x00,
  0x00, 0xe5, 0x00, 0x00, 0x00, 0xe3, 0x00, 0x00, 0x00, 0x00, 0x00, 0x00,
  0x00, 0x00, 0x00, 0x00, 0x00, 0x00, 0x00, 0x00, 0x00, 0x00, 0x00, 0x00,
  0x00, 0x00, 0x00, 0xe3, 0x00, 0xde, 0x00, 0x00, 0x00, 0x00, 0x00, 0x00,
  0x00, 0x00, 0x00, 0x00, 0x00, 0x00, 0x00, 0x00, 0x00, 0x00, 0x00, 0x00,
  0x00, 0x00, 0x00, 0x00, 0x00, 0x00, 0x00, 0x00, 0x00, 0xe1, 0x1c, 0x00,
  0xe0, 0x00, 0x00, 0xe5, 0x1a, 0x00, 0x00, 0x00, 0x00, 0x00, 0x00, 0x00,
  0xe5, 0xe4, 0xe3, 0x00, 0x00, 0x00, 0xe5, 0x00, 0x00, 0x00, 0xe1, 0x00,
  0x00, 0xe0, 0x00, 0xdf, 0xe1, 0x00, 0x00, 0x00, 0x00, 0x00, 0x00, 0x00,
  0x00, 0x00, 0x00, 0x00, 0x00, 0x00, 0x00, 0xe0, 0x00, 0x00, 0x00, 0x00,
  0x00, 0x00, 0x1b, 0x00, 0x00, 0x00, 0x00, 0x00, 0x00, 0x00, 0x00, 0x00,
  0x1e, 0x00, 0x00, 0x00, 0x00, 0x00, 0x00, 0x00, 0xe1, 0x00, 0x00, 0x00,
  0x00, 0xe5, 0xdf, 0x00, 0x00, 0x00, 0x00, 0x00, 0x00, 0x00, 0x00, 0xde,
  0x00, 0x00, 0x00, 0x00, 0xe2, 0x00, 0xdf, 0x1d, 0x00, 0x00, 0x00, 0x1d,
  0x00, 0x00, 0x00, 0x00, 0x00, 0x00, 0x00, 0xe4, 0x00, 0x00, 0x00, 0x00,
  0x1e, 0x00, 0x00, 0x00, 0x00, 0x00, 0x00, 0xde, 0x00, 0x00, 0x00, 0x00,
  0xdf, 0x00, 0x00, 0x00, 0x00, 0x00, 0x1d, 0x1e, 0x00, 0xe7, 0x00, 0x1d,
  0x00, 0x00, 0x00, 0x00, 0x00, 0x00, 0x00, 0x00, 0x00, 0x00, 0x00, 0x1c,
  0x00, 0x00, 0x00, 0xe3, 0x00, 0x00, 0x00, 0x00, 0x00, 0x00, 0x00, 0x00,
  0xe4, 0x00, 0x00, 0x00, 0x00, 0x00, 0x00, 0x00, 0xdf, 0x00, 0x00, 0x00,
  0x00, 0x00, 0x00, 0x00, 0x00, 0xe0, 0x00, 0x00, 0x1c, 0x00, 0x1b, 0x00,
  0x00, 0x00, 0xe4, 0x00, 0x00, 0xe3, 0x00, 0x1b, 0xe0, 0x00, 0x00, 0x00,
  0x00, 0x00, 0x00, 0x00, 0x00, 0xdf, 0x1b, 0x00, 0x00, 0x00, 0x00, 0x00,
  0x00, 0x00, 0x00, 0x00, 0x1d, 0x00, 0x00, 0x00, 0x1a, 0x00, 0x00, 0x1c,
  0x00, 0x00, 0x00, 0x00, 0x00, 0xe5, 0x1b, 0x1d, 0x00, 0x00, 0x00, 0x00,
  0x00, 0x00, 0x1e, 0x00, 0x00, 0x00, 0x00, 0xe6, 0x00, 0x1b, 0x00, 0x00,
  0x00, 0x00, 0x00, 0x00, 0x1c, 0x00, 0x00, 0x00, 0x00, 0x00, 0x00, 0x00,
  0x00, 0x00, 0x00, 0x00, 0x00, 0x1a, 0x00, 0x00, 0x00, 0xe5, 0x00, 0x00,
  0x00, 0x00, 0x00, 0x00, 0x1c, 0x00, 0x00, 0x00, 0x00, 0x00, 0x00, 0x00,
  0x00, 0x00, 0x00, 0xdf, 0x00, 0x00, 0x00, 0x1a, 0x00, 0x00, 0x00, 0x00,
  0x00, 0x00, 0x00, 0xe2, 0x00, 0x00, 0x00, 0xe4, 0x00, 0x00, 0x00, 0x00,
  0x00, 0x00, 0x00, 0xe3, 0x00, 0x00, 0x00, 0x00, 0x00, 0x00, 0x1b, 0x00,
  0x00, 0x00, 0x00, 0x00, 0x00, 0x00, 0xdf, 0x1b, 0xe4, 0xe3, 0x00, 0x1b,
  0x00, 0x00, 0xe1, 0x00, 0x00, 0xe5, 0x00, 0x00, 0x00, 0x00, 0x00, 0x00,
  0x00, 0x1e, 0x00, 0x00, 0x00, 0xdf, 0x00, 0x1e, 0x00, 0x00, 0x00, 0x28,
  0x4a, 0x00, 0x00, 0x00, 0x00, 0x00, 0x00, 0xc4, 0x00, 0x00, 0x00, 0x00,
  0x46, 0x00, 0x00, 0x00, 0x00, 0x00, 0x00, 0x00, 0x00, 0x47, 0x0e, 0x00,
  0x00, 0x00, 0x00, 0x00, 0x13, 0x00, 0x4c, 0xc7, 0x00, 0x00, 0x00, 0x00,
  0x3b, 0x00, 0x00, 0x00, 0x00, 0x00, 0x3f, 0x00, 0x00, 0x00, 0x00, 0x00,
  0x00, 0x00, 0x00, 0x00, 0x00, 0x00, 0x3a, 0x00, 0x00, 0x00, 0x00, 0x00,
  0x00, 0xcb, 0x00, 0x00, 0x00, 0x00, 0x2d, 0x00, 0x00, 0x00, 0x00, 0x00,
  0x00, 0xca, 0x00, 0x00, 0x00, 0x00, 0x00, 0xc6, 0x00, 0x00, 0x00, 0x00,
  0x2a, 0x00, 0x00, 0x00, 0x00, 0x00, 0x00, 0x00, 0x00, 0x30, 0x00, 0x00,
  0x00, 0x00, 0x00, 0x2f, 0x00, 0x45, 0x00, 0x00, 0x00, 0x31, 0xe0, 0x3f,
  0x00, 0x00, 0x00, 0x00, 0x00, 0x3d, 0x00, 0x00, 0x00, 0x00, 0xd9, 0x00,
  0xf0, 0x00, 0x00, 0x00, 0x00, 0x42, 0x00, 0x00, 0x00, 0x00, 0x00, 0x00,
  0x00, 0x00, 0x00, 0x00, 0x00, 0x32, 0x00, 0x00, 0x00, 0x00, 0x00, 0x38,
  0x00, 0x11, 0x00, 0x00, 0x00, 0x41, 0x00, 0x07, 0x00, 0x00, 0x00, 0x00,
  0xf7, 0x00, 0x00, 0x00, 0x00, 0x00, 0x00, 0x00, 0x00, 0x3a, 0x00, 0x00,
  0xf3, 0x00, 0x26, 0x00, 0x00, 0x00, 0x00, 0x00, 0x00, 0x00, 0x00, 0x00,
  0x00, 0x00, 0x00, 0x00, 0x00, 0x34, 0x00, 0x00, 0x00, 0x00, 0x27, 0x00,
  0x00, 0xbf, 0x00, 0x00, 0x35, 0x3a, 0x00, 0x00, 0x00, 0x00, 0x29, 0x00,
  0x00, 0xce, 0x00, 0x00, 0x19, 0x00, 0x00, 0xbb, 0x00, 0x00, 0x00, 0x00,
  0x00, 0x00, 0x00, 0x00, 0x00, 0x00, 0x00, 0xbb, 0x00, 0x00, 0x00, 0x2a,
  0x41, 0x00, 0x00, 0x00, 0x00, 0x2d, 0x00, 0xd2, 0x00, 0x00, 0x00, 0x00,
  0x00, 0x00, 0x00, 0x00, 0x00, 0x00, 0x00, 0xdb, 0x00, 0x36, 0x00, 0x00,
  0x00, 0xc9, 0x00, 0x00, 0x00, 0x00, 0x41, 0xd2, 0x00, 0x00, 0x00, 0x00,
  0x43, 0x00, 0x00, 0x00, 0x00, 0x00, 0x30, 0x00, 0x00, 0x00, 0x00, 0x00,
  0x36, 0xd5, 0x00, 0x00, 0x00, 0x00, 0x3d, 0x00, 0x00, 0x00, 0x00, 0x00,
  0x2e, 0xc8, 0x00, 0x24, 0x00, 0x00, 0x00, 0x00, 0x00, 0x00, 0x00, 0x00,
  0x3c, 0xca, 0x00, 0x00, 0xdc, 0x00, 0x00, 0x00, 0x00, 0x00, 0xd9, 0x00,
  0x00, 0x00, 0x00, 0x00, 0xdc, 0x00, 0x39, 0x00, 0x00, 0x00, 0x00, 0x38,
  0x00, 0x00, 0x00, 0x00, 0x00, 0x40, 0x00, 0xc5, 0x00, 0x00, 0x00, 0x3a,
  0x00, 0xbf, 0x00, 0x00, 0xe6, 0x00, 0x00, 0x00, 0x00, 0x00, 0x00, 0x00,
  0x00, 0x00, 0x00, 0x00, 0x00, 0x00, 0x00, 0x00, 0x00, 0x00, 0x00, 0x2c,
  0x00, 0x00, 0x00, 0x00, 0x00, 0x00, 0xfc, 0x00, 0x00, 0x00, 0x00, 0x2f,
  0x00, 0x00, 0x00, 0x32, 0x00, 0x2c, 0x00, 0x00, 0x00, 0x00, 0x00, 0x00,
  0x00, 0x00, 0x00, 0x00, 0x00, 0x00, 0x00, 0x00, 0x00, 0x00, 0x00, 0x28,
  0x36, 0x00, 0x00, 0x00, 0x21, 0x00, 0x00, 0x00, 0x00, 0x00, 0x26, 0x00,
  0x00, 0xb5, 0x00, 0x00, 0x33, 0x33, 0x00, 0x00, 0x00, 0x00, 0x29, 0x00,
  0x45, 0xc1, 0x00, 0x00, 0x20, 0x00, 0x00, 0xd4, 0x00, 0x00, 0x20, 0x00,
  0x00, 0xdc, 0x00, 0x00, 0x22, 0x00, 0x00, 0xbc, 0x00, 0x00, 0x1b, 0x00,
  0x00, 0xe3, 0x00, 0x00, 0x1a, 0x30, 0x00, 0xdb, 0x00, 0x3b, 0x16, 0x00,
  0x00, 0x00, 0x00, 0x00, 0x16, 0x00, 0x00, 0xc7, 0x00, 0x00, 0x00, 0x32,
  0x00, 0xd2, 0x00, 0x00, 0x00, 0x00, 0x00, 0x00, 0x00, 0x00, 0x00, 0x32,
  0x41, 0x00, 0x00, 0x00, 0x00, 0x33, 0x00, 0x00, 0x00, 0x00, 0x00, 0x32,
  0x00, 0xd2, 0x00, 0x00, 0x00, 0x00, 0x3e, 0x00, 0x00, 0x00, 0x00, 0x00,
  0x00, 0x00, 0x00, 0x00, 0x00, 0x00, 0x00, 0x00, 0x00, 0x00, 0x00, 0x00,
  0x00, 0x00, 0x28, 0x3a, 0x00, 0x00, 0x00, 0x00, 0x00, 0x00, 0x00, 0x3b,
  0x00, 0x00, 0x00, 0x00, 0x00, 0x00, 0x00, 0x00, 0x00, 0x00, 0x00, 0x00,
  0x00, 0x00, 0x00, 0x00, 0x00, 0x00, 0x00, 0x00, 0x00, 0x00, 0x00, 0x38,
  0x00, 0x00, 0x00, 0x00, 0x00, 0x00, 0x00, 0x00, 0x00, 0x00, 0x00, 0x31,
  0x00, 0x00, 0x00, 0x00, 0x00, 0x35, 0xf2, 0x06, 0x00, 0x00, 0x00, 0x34,
  0x00, 0x00, 0x00, 0x00, 0x00, 0x00, 0x00, 0x05, 0x00, 0x33, 0x00, 0x00,
  0x00, 0xff, 0x00, 0x00, 0x00, 0x38, 0x00, 0x00, 0x00, 0x20, 0xe4, 0xe3,
  0x00, 0x00, 0x00, 0x00, 0x00, 0x1f, 0x00, 0x00, 0x00, 0x00, 0x00, 0x00,
  0x00, 0x00, 0x00, 0x00, 0x00, 0xe4, 0x00, 0x00, 0x00, 0x00, 0x00, 0x00,
  0x00, 0x00, 0x1b, 0xe0, 0xdf, 0x00, 0x00, 0x00, 0x00, 0xe5, 0xe0, 0x00,
  0x00, 0x00, 0x00, 0x00, 0x00, 0x00, 0xe4, 0x00, 0x00, 0x00, 0x1e, 0x00,
  0x00, 0x00, 0x00, 0x00, 0x00, 0x00, 0x00, 0x00, 0x1a, 0x00, 0x00, 0x00,
  0x00, 0x00, 0x00, 0x00, 0x00, 0x00, 0xe4, 0x00, 0x00, 0x00, 0x00, 0xdf,
  0x00, 0x00, 0x00, 0x1c, 0x00, 0x00, 0x00, 0xe3, 0x00, 0xe5, 0x00, 0x00,
  0x00, 0x00, 0x00, 0x00, 0xe6, 0x00, 0x00, 0x00, 0x00, 0x00, 0x00, 0x00,
  0x00, 0x00, 0x00, 0x1e, 0x00, 0x00, 0x00, 0xe3, 0x00, 0x00, 0x00, 0x00,
  0x00, 0x00, 0xe4, 0x1e, 0x00, 0x00, 0x00, 0x00, 0xe4, 0x00, 0x00, 0x00,
  0x1a, 0x00, 0xe5, 0x00, 0x00, 0x00, 0x00, 0x00, 0x00, 0xe6, 0x00, 0xe3,
  0x00, 0x00, 0x00, 0x00, 0x00, 0x00, 0x00, 0x00, 0x00, 0x00, 0xe5, 0x00,
  0x00, 0x00, 0x00, 0x00, 0x00, 0x1b, 0x00, 0xe5, 0x1c, 0x1b, 0xe3, 0x1e,
  0x00, 0x00, 0x00, 0x00, 0x00, 0x00, 0x00, 0x00, 0xe2, 0x00, 0x00, 0x00,
  0x00, 0x00, 0x00, 0x00, 0x00, 0x00, 0x00, 0x00, 0xe5, 0x00, 0x1d, 0x00,
  0x00, 0x1a, 0x00, 0x00, 0x00, 0xdf, 0x00, 0xe2, 0x00, 0x1f, 0x00, 0x1b,
  0x00, 0x00, 0x00, 0xe6, 0x00, 0x00, 0x00, 0x00, 0x00, 0xe4, 0x00, 0x00,
  0x1d, 0x00, 0xe5, 0x00, 0x00, 0x00, 0x00, 0x00, 0x00, 0x00, 0x00, 0x00,
  0x00, 0x00, 0x00, 0x00, 0x00, 0xe1, 0x00, 0xe4, 0x00, 0x00, 0x00, 0x00,
  0x00, 0x00, 0x00, 0x00, 0x00, 0x00, 0xe3, 0x00, 0x00, 0xe6, 0x00, 0x00,
  0x00, 0x00, 0x00, 0x00, 0x00, 0x00, 0x00, 0x00, 0xe6, 0x00, 0x1e, 0x00,
  0x00, 0x1a, 0x00, 0x00, 0x00, 0x00, 0xe6, 0x00, 0xe6, 0x00, 0x00, 0x00,
  0x00, 0x00, 0x00, 0x00, 0x1b, 0xe0, 0x00, 0x00, 0x00, 0xe1, 0x00, 0xe6,
  0x00, 0x00, 0x00, 0x00, 0x00, 0x00, 0xe5, 0x00, 0x00, 0x00, 0xe2, 0x00,
  0x1e, 0x00, 0x00, 0x1d, 0x00, 0x00, 0x00, 0x00, 0x00, 0xe4, 0x00, 0x00,
  0x00, 0x00, 0x00, 0x00, 0x00, 0xe3, 0x00, 0x00, 0x00, 0x00, 0x00, 0x00,
  0x00, 0x00, 0x00, 0x00, 0x00, 0x00, 0x00, 0x00, 0x00, 0x00, 0x00, 0xe4,
  0x00, 0x00, 0x00, 0xe5, 0x00, 0x00, 0x00, 0x00, 0x1c, 0x00, 0x00, 0x00,
  0x00, 0x00, 0x00, 0x00, 0x00, 0x00, 0x00, 0x00, 0x00, 0x00, 0x00, 0x00,
  0x00, 0x00, 0x00, 0x00, 0x00, 0x00, 0xe2, 0x00, 0x00, 0x00, 0x1e, 0x00,
  0x00, 0x00, 0x00, 0x00, 0x00, 0x00, 0x00, 0xe6, 0x00, 0x00, 0x19, 0xe2,
  0x1f, 0x00, 0x1a, 0x00, 0x00, 0x00, 0x00, 0x00, 0x00, 0x00, 0x00, 0x00,
  0x00, 0x00, 0x00, 0x00, 0x00, 0x00, 0x00, 0x00, 0x1e, 0x00, 0x00, 0x00,
  0x00, 0x00, 0x00, 0x00, 0x00, 0x00, 0x00, 0x00, 0x00, 0x00, 0x00, 0x00,
  0x00, 0x00, 0x00, 0x00, 0x00, 0x00, 0x00, 0x00, 0x1d, 0xe1, 0x00, 0x00,
  0x00, 0xe2, 0xe1, 0x1d, 0x00, 0xe6, 0x00, 0x00, 0x00, 0x00, 0x00, 0x00,
  0x00, 0x00, 0x00, 0x00, 0x00, 0x1c, 0x00, 0xe5, 0x00, 0x00, 0x00, 0xe0,
  0x00, 0x00, 0x00, 0x00, 0x00, 0xe1, 0x00, 0x1c, 0x00, 0xdf, 0x00, 0x00,
  0x00, 0xe0, 0x00, 0x00, 0x00, 0x00, 0x00, 0x00, 0x00, 0xe3, 0x00, 0xdf,
  0xe5, 0x00, 0x00, 0x00, 0x00, 0x00, 0xe2, 0x00, 0x00, 0x00, 0x1b, 0xe6,
  0x00, 0x00, 0xdf, 0x00, 0x00, 0x00, 0xe3, 0xe5, 0x00, 0x00, 0x00, 0x00,
  0x00, 0x00, 0x00, 0x00, 0x00, 0x00, 0x00, 0x00, 0x00, 0x00, 0x00, 0x00,
  0x1c, 0x00, 0x00, 0x00, 0x00, 0x00, 0x00, 0x00, 0xe0, 0x00, 0x00, 0x00,
  0x00, 0x00, 0xdf, 0x00, 0x00, 0x00, 0x00, 0x00, 0x00, 0x00, 0x00, 0x00,
  0x00, 0xe4, 0x00, 0x00, 0x00, 0x00, 0x00, 0x00, 0x00, 0x00, 0x1e, 0x00,
  0x00, 0x00, 0x00, 0x00, 0xe6, 0x00, 0x1b, 0x00, 0xe5, 0x00, 0xe5, 0x00,
  0x00, 0x00, 0x1a, 0xe0, 0xe5, 0xe6, 0xe5, 0x00, 0x00, 0x00, 0x00, 0x00,
  0x00, 0x00, 0x00, 0x00, 0x00, 0x00, 0x00, 0x1e, 0x00, 0x00, 0x00, 0x00,
  0x00, 0x00, 0x00, 0x1e, 0x00, 0x00, 0x00, 0x00, 0x00, 0x00, 0x00, 0xe2,
  0x00, 0x00, 0x00, 0x00, 0x00, 0x00, 0xe5, 0x00, 0x00, 0x00, 0xe1, 0x00,
  0x00, 0x00, 0xe5, 0x00, 0x00, 0x00, 0x00, 0x1c, 0x00, 0x00, 0x00, 0x00,
  0xe1, 0x00, 0x00, 0xe2, 0x00, 0x00, 0x00, 0x00, 0x00, 0x00, 0x00, 0x00,
  0xe6, 0x00, 0x00, 0x00, 0x00, 0xe5, 0x1a, 0xe6, 0x00, 0x00, 0x00, 0x00,
  0x1e, 0x00, 0x00, 0x00, 0x00, 0x00, 0x00, 0xe6, 0x1e, 0x00, 0x00, 0x00,
  0x00, 0x00, 0x00, 0x1a, 0x00, 0x00, 0x00, 0xe5, 0x00, 0x00, 0x00, 0x00,
  0x00, 0xe4, 0xe3, 0x00, 0x00, 0x00, 0x00, 0x00, 0xe2, 0xdf, 0x00, 0x00,
  0x00, 0x00, 0xe2, 0x00, 0x00, 0x00, 0x00, 0x1c, 0x00, 0x00, 0xe0, 0x00,
  0x00, 0x00, 0x00, 0x00, 0x00, 0x00, 0x00, 0x00, 0x00, 0x00, 0x00, 0x00,
  0x00, 0xe1, 0xe1, 0x1c, 0x00, 0x1c, 0x00, 0x00, 0x00, 0x00, 0x1a, 0x00,
  0xe6, 0x00, 0x00, 0x00, 0x00, 0xe1, 0x00, 0x00, 0x00, 0x00, 0x00, 0x1a,
  0x00, 0x00, 0x00, 0xe3, 0x00, 0x00, 0x00, 0x00, 0xdf, 0xe5, 0xde, 0xe1,
  0x00, 0x00, 0x00, 0x00, 0xe4, 0x00, 0xe1, 0xe0, 0x00, 0x00, 0x00, 0x00,
  0x1d, 0x00, 0x00, 0x00, 0x00, 0x00, 0x00, 0x00, 0x00, 0xe6, 0x00, 0x00,
  0x00, 0x00, 0xe0, 0x00, 0x00, 0xe0, 0x00, 0x00, 0x00, 0x00, 0x00, 0x00,
  0x00, 0x1a, 0xe4, 0x00, 0x00, 0x00, 0x00, 0x00, 0x1d, 0xe3, 0x00, 0xe3,
  0x00, 0x00, 0x00, 0x00, 0x00, 0xe3, 0x00, 0x00, 0x00, 0x00, 0x00, 0x00,
  0x1e, 0xdf, 0x00, 0xe4, 0xe1, 0xe6, 0x00, 0x00, 0x00, 0x00, 0xe6, 0x00,
  0x00, 0x00, 0x00, 0xe0, 0x00, 0x00, 0x00, 0x00, 0x00, 0x00, 0x00, 0x00,
  0x00, 0x00, 0x00, 0x00, 0x00, 0x00, 0x00, 0x00, 0x00, 0x00, 0x00, 0x00,
  0x00, 0xde, 0x00, 0x00, 0xe2, 0x00, 0x00, 0x00, 0x00, 0x00, 0x00, 0xe0,
  0xe6, 0x00, 0xe3, 0x00, 0x00, 0x1d, 0x00, 0x00, 0x00, 0xe6, 0x00, 0x00,
  0x1e, 0x00, 0x00, 0x00, 0x00, 0x1b, 0x00, 0x00, 0x00, 0x00, 0x00, 0x00,
  0x00, 0x1c, 0x00, 0x00, 0x00, 0x1d, 0x00, 0x00, 0x00, 0x00, 0x00, 0x00,
  0x00, 0x00, 0x00, 0x00, 0x00, 0x00, 0x00, 0x00, 0x00, 0x00, 0x00, 0xe6,
  0x00, 0x1f, 0x00, 0x00, 0x00, 0x00, 0x00, 0x00, 0xe6, 0x00, 0x00, 0x00,
  0xe4, 0x00, 0x00, 0x00, 0x1a, 0xe2, 0x00, 0xe5, 0x00, 0x00, 0x00, 0x00,
  0x00, 0xe6, 0x00, 0x00, 0x00, 0x00, 0xe5, 0xdf, 0x00, 0x00, 0x00, 0x00,
  0x00, 0x00, 0x00, 0x00, 0x00, 0x1e, 0x00, 0x00, 0x00, 0xe2, 0xe5, 0x00,
  0x00, 0x00, 0x00, 0x00, 0xe0, 0x00, 0x00, 0x00, 0xe0, 0x00, 0x00, 0x00,
  0x00, 0x1b, 0xe5, 0x00, 0x00, 0x00, 0x00, 0x00, 0x00, 0x00, 0x00, 0x00,
  0x00, 0x00, 0x00, 0x00, 0x00, 0x00, 0x1c, 0x00, 0x00, 0x00, 0x00, 0xe6,
  0x1e, 0xe2, 0x00, 0x00, 0x00, 0x1d, 0x00, 0x00, 0xe7, 0xe2, 0x00, 0x00,
  0x00, 0x00, 0x00, 0x00, 0x00, 0x00, 0x00, 0x00, 0x00, 0x1b, 0xe4, 0x00,
  0x1d, 0xe3, 0x00, 0x00, 0x00, 0x00, 0x00, 0x1c, 0x00, 0x00, 0x00, 0x00,
  0x00, 0x00, 0x1d, 0x00, 0x00, 0x00, 0xe1, 0x00, 0x00, 0x00, 0x1c, 0x00,
  0x00, 0xe0, 0xe4, 0x1a, 0x00, 0x00, 0xe0, 0x00, 0x00, 0x00, 0x00, 0x00,
  0xe3, 0x1d, 0x00, 0x00, 0x00, 0x00, 0xe4, 0x00, 0x00, 0x00, 0x00, 0xe0,
  0x00, 0x00, 0x00, 0xe6, 0x1e, 0x00, 0xdf, 0x00, 0x1d, 0x00, 0x00, 0x00,
  0x00, 0x00, 0x00, 0xe5, 0x00, 0x00, 0x00, 0x00, 0x00, 0x00, 0x00, 0x00,
  0x00, 0x00, 0x00, 0x00, 0x00, 0x00, 0x00, 0x00, 0x00, 0x00, 0x00, 0x00,
  0x00, 0xe3, 0xe4, 0x00, 0x00, 0xe5, 0x1b, 0x00, 0x00, 0x1b, 0x00, 0x00,
  0x00, 0x00, 0x00, 0x00, 0x00, 0x00, 0x00, 0x00, 0xe0, 0x00, 0xdf, 0x00,
  0x00, 0x1c, 0x1e, 0x00, 0x00, 0x00, 0x00, 0xe4, 0x00, 0x00, 0x00, 0x1c,
  0x00, 0x00, 0x00, 0x00, 0x00, 0xe0, 0x00, 0xe2, 0x00, 0x1b, 0x00, 0x00,
  0x00, 0x00, 0x00, 0x00, 0x00, 0x00, 0x00, 0x00, 0x00, 0x00, 0xe4, 0x00,
  0x00, 0x00, 0x00, 0x00, 0x00, 0x00, 0x00, 0x00, 0x1a, 0x00, 0x00, 0x00,
  0x00, 0x00, 0x00, 0x00, 0x00, 0xe3, 0x00, 0x00, 0x00, 0xe2, 0x00, 0x00,
  0x00, 0x00, 0x1c, 0x00, 0x00, 0xe0, 0x1d, 0x00, 0x00, 0x00, 0x00, 0x00,
  0x00, 0x00, 0x00, 0x00, 0x00, 0x00, 0x00, 0x00, 0x00, 0x00, 0x00, 0x00,
  0x00, 0x00, 0x00, 0x00, 0x00, 0x00, 0x00, 0x00, 0x00, 0x00, 0x00, 0xe1,
  0x00, 0x00, 0x00, 0x1d, 0x00, 0x00, 0x00, 0x00, 0x00, 0x00, 0x00, 0x1e,
  0x00, 0x00, 0x00, 0x00, 0x00, 0x00, 0x00, 0x00, 0x1d, 0x00, 0x00, 0x00,
  0xdf, 0x00, 0xe4, 0x00, 0x1c, 0x00, 0x00, 0x00, 0xe3, 0x00, 0xe6, 0x00,
  0x00, 0xdf, 0x00, 0x1e, 0x00, 0x00, 0x00, 0x00, 0xe4, 0x00, 0x00, 0x00,
  0x00, 0x00, 0x00, 0x00, 0x00, 0xe5, 0x00, 0x00, 0x00, 0xe0, 0x00, 0xe0,
  0x00, 0x00, 0x00, 0x1a, 0x00, 0x1d, 0x00, 0x00, 0x1b, 0x00, 0x00, 0x00,
  0xe0, 0x00, 0xe6, 0x00, 0x00, 0x00, 0x00, 0x00, 0xe1, 0xe5, 0x00, 0x00,
  0x00, 0x00, 0x00, 0x00, 0x00, 0x00, 0x00, 0x00, 0x00, 0x1b, 0x00, 0x00,
  0xe4, 0xde, 0xe1, 0x00, 0x00, 0x00, 0x00, 0x00, 0x00, 0x00, 0x00, 0x00,
  0x00, 0x00, 0x00, 0x00, 0x00, 0xe4, 0x00, 0x00, 0xde, 0x00, 0x00, 0x00,
  0xe5, 0x00, 0x00, 0x1b, 0xe2, 0x00, 0x00, 0x1d, 0x00, 0xe1, 0x00, 0x00,
  0x00, 0x00, 0x00, 0x00, 0x00, 0x00, 0x00, 0x00, 0x00, 0x00, 0x1c, 0x00,
  0x1d, 0x00, 0x00, 0xe4, 0x00, 0x00, 0x1b, 0x00, 0x00, 0x00, 0x00, 0x00,
  0x00, 0x1c, 0x00, 0x1c, 0x00, 0x00, 0x00, 0x00, 0x00, 0x00, 0xe2, 0xe5,
  0x00, 0x00, 0xdf, 0x00, 0x00, 0x00, 0x00, 0xde, 0x00, 0x00, 0x00, 0x00,
  0x00, 0x00, 0xe1, 0x00, 0x00, 0xe2, 0x00, 0xe3, 0x00, 0x00, 0x00, 0x00,
  0x00, 0x1d, 0x00, 0x00, 0x00, 0x00, 0x00, 0xe5, 0x00, 0xe1, 0x00, 0x00,
  0x00, 0x00, 0x00, 0x00, 0x00, 0x00, 0x00, 0x00, 0x00, 0x00, 0x00, 0x00,
  0x00, 0x00, 0xe6, 0x00, 0x00, 0x00, 0x00, 0x00, 0x00, 0x00, 0xe0, 0x00,
  0xe3, 0x00, 0x00, 0xe1, 0x00, 0x00, 0x00, 0x00, 0x00, 0x00, 0x00, 0x00,
  0x00, 0x00, 0x00, 0x00, 0x00, 0x00, 0xe2, 0x00, 0x00, 0x00, 0x00, 0x00,
  0x00, 0xe1, 0x00, 0x00, 0x00, 0x00, 0xe4, 0x00, 0x1c, 0x00, 0x00, 0x00,
  0x00, 0x00, 0xe0, 0x00, 0x00, 0x00, 0x00, 0x00, 0x00, 0x00, 0x00, 0x00,
  0x00, 0x00, 0x00, 0x00, 0x00, 0x00, 0x1c, 0x00, 0x00, 0x1a, 0x00, 0xe2,
  0x00, 0x00, 0x00, 0x00, 0x00, 0x00, 0xdf, 0x1b, 0xe6, 0xe6, 0x00, 0x00,
  0x00, 0xe1, 0x00, 0x00, 0x00, 0x00, 0x00, 0x00, 0x00, 0x00, 0x00, 0x00,
  0x00, 0x00, 0x00, 0x00, 0x00, 0x00, 0x00, 0x00, 0x00, 0x00, 0x00, 0x00,
  0x00, 0x00, 0x00, 0x00, 0x00, 0x00, 0x00, 0xe0, 0x00, 0x00, 0x00, 0x00,
  0x00, 0x00, 0x00, 0xe3, 0x00, 0x00, 0x00, 0x00, 0x00, 0x00, 0xe2, 0x00,
  0x00, 0x00, 0x00, 0x00, 0x00, 0xe4, 0x00, 0x00, 0x00, 0x00, 0x00, 0x00,
  0x00, 0xe5, 0x00, 0x1e, 0x00, 0x1a, 0x00, 0x00, 0x00, 0xe2, 0x00, 0x00,
  0x00, 0xdf, 0x00, 0x00, 0x00, 0x00, 0x00, 0x00, 0xe1, 0x00, 0x00, 0x00,
  0x00, 0x00, 0x00, 0x00, 0x00, 0x00, 0xe2, 0x00, 0x00, 0x00, 0x00, 0x00,
  0x00, 0xe2, 0x00, 0xe2, 0x1b, 0x00, 0x00, 0x00, 0x00, 0x00, 0x00, 0x00,
  0x00, 0x00, 0x00, 0xe4, 0xe3, 0x00, 0xe6, 0x00, 0x00, 0x00, 0x00, 0x00,
  0xe6, 0x00, 0x00, 0x00, 0xe5, 0xe6, 0x00, 0x00, 0xe0, 0x00, 0xe6, 0xe4,
  0x00, 0xe5, 0x00, 0xe0, 0x00, 0xe3, 0x00, 0x00, 0x00, 0x00, 0x00, 0x00,
  0x1d, 0x00, 0x00, 0x00, 0x00, 0x00, 0x1e, 0x00, 0x00, 0x00, 0x00, 0x00,
  0x00, 0x1a, 0x00, 0x00, 0x1e, 0x00, 0x00, 0x00, 0x00, 0x00, 0x00, 0x00,
  0x00, 0x00, 0x00, 0x00, 0xdf, 0x00, 0x00, 0xe3, 0x00, 0x00, 0x00, 0x00,
  0x00, 0x00, 0x00, 0x00, 0xdf, 0x00, 0x00, 0x00, 0x1c, 0x00, 0xe4, 0x00,
  0x00, 0x00, 0x00, 0x00, 0x00, 0x00, 0x00, 0x00, 0x00, 0x00, 0x00, 0x00,
  0x00, 0x00, 0x00, 0x00, 0x00, 0x00, 0x00, 0x00, 0xe2, 0x00, 0x00, 0x00,
  0x00, 0x00, 0x00, 0x00, 0x00, 0x00, 0x00, 0x00, 0x00, 0x00, 0x00, 0x00,
  0x00, 0x00, 0x00, 0x00, 0x00, 0x00, 0x1c, 0x00, 0x00, 0x00, 0x00, 0x00,
  0xe5, 0x00, 0x00, 0x00, 0x00, 0x00, 0x00, 0x00, 0x00, 0x00, 0x00, 0x1c,
  0x00, 0x00, 0x00, 0x00, 0x00, 0x00, 0x00, 0x00, 0xe0, 0x1d, 0x00, 0x00,
  0x00, 0x00, 0x00, 0x00, 0x00, 0x00, 0x00, 0x00, 0x00, 0xe4, 0x00, 0x00,
  0x00, 0x00, 0x00, 0x00, 0x00, 0x00, 0x00, 0xe0, 0x00, 0x00, 0x00, 0x00,
  0x1a, 0x00, 0xe4, 0x00, 0xe0, 0x00, 0xe2, 0x1c, 0x00, 0x00, 0x00, 0x00,
  0x00, 0x00, 0x00, 0x00, 0x00, 0xe5, 0xde, 0x00, 0x00, 0xe0, 0xe6, 0x00,
  0xe2, 0x00, 0x00, 0x00, 0x1d, 0x00, 0xe6, 0x00, 0xde, 0x00, 0xe5, 0xde,
  0x00, 0xe1, 0x00, 0x00, 0x00, 0x00, 0x00, 0x00, 0x00, 0x00, 0x1a, 0x00,
  0x00, 0x00, 0x00, 0x00, 0x00, 0x00, 0x00, 0x00, 0x00, 0x00, 0x1b, 0x00,
  0x00, 0x00, 0xe3, 0x00, 0x00, 0x00, 0x00, 0x00, 0x00, 0x00, 0x00, 0x00,
  0x00, 0x00, 0x00, 0x00, 0x00, 0x00, 0x00, 0x00, 0x00, 0x00, 0x00, 0x00,
  0x00, 0x00, 0x00, 0x00, 0x00, 0x00, 0x00, 0x00, 0x00, 0x00, 0x00, 0x00,
  0xe3, 0x1d, 0x00, 0x00, 0x00, 0x00, 0x00, 0x00, 0x00, 0x00, 0x00, 0x00,
  0x00, 0x00, 0x00, 0x00, 0x00, 0x00, 0x00, 0x00, 0x00, 0x00, 0x00, 0x00,
  0x00, 0x00, 0xde, 0x00, 0x00, 0x00, 0x00, 0x00, 0xe4, 0x00, 0x00, 0x00,
  0x00, 0xe1, 0x00, 0xdf, 0x00, 0x00, 0x00, 0x00, 0x00, 0x00, 0x00, 0x00,
  0x00, 0x00, 0x00, 0x00, 0x00, 0x00, 0x00, 0x00, 0x00, 0x00, 0x00, 0x00,
  0x00, 0x00, 0x00, 0x00, 0x00, 0x00, 0x00, 0x00, 0x00, 0x00, 0x00, 0x00,
  0x00, 0x00, 0x00, 0xdf, 0xe1, 0x00, 0x00, 0x00, 0x00, 0x00, 0x00, 0x1d,
  0x00, 0x00, 0x00, 0xde, 0x00, 0x1a, 0x1c, 0x00, 0xe3, 0x00, 0x00, 0x00,
  0xe6, 0x00, 0x00, 0x00, 0x00, 0x00, 0xe2, 0x00, 0x00, 0x1c, 0x00, 0x00,
  0x00, 0x00, 0x00, 0x1c, 0x00, 0x00, 0x00, 0x00, 0x00, 0xe6, 0x00, 0x00,
  0x00, 0x00, 0x00, 0x00, 0x00, 0x00, 0x00, 0x00, 0xe5, 0x00, 0x00, 0x00,
  0x00, 0x00, 0x00, 0x00, 0x00, 0x00, 0xe3, 0x00, 0x00, 0x00, 0x00, 0x00,
  0xde, 0x00, 0x00, 0x00, 0x00, 0xe3, 0x00, 0x00, 0x00, 0x00, 0xe0, 0x1a,
  0x00, 0x00, 0xe0, 0x00, 0x00, 0x00, 0x00, 0x00, 0x00, 0x00, 0x00, 0x1a,
  0x00, 0x00, 0x00, 0x1a, 0x1b, 0x1d, 0x00, 0x00, 0x00, 0x00, 0x00, 0x00,
  0x00, 0x00, 0x00, 0x00, 0x00, 0x00, 0x00, 0xe4, 0x00, 0x00, 0x00, 0x00,
  0x1a, 0x00, 0x00, 0x00, 0x00, 0xe6, 0x00, 0x00, 0x00, 0x1c, 0x00, 0x00,
  0x00, 0x1a, 0x00, 0xe2, 0xe3, 0xe4, 0x00, 0x00, 0x00, 0xdf, 0x00, 0x00,
  0x1b, 0x00, 0x00, 0x00, 0x00, 0x00, 0x00, 0x00, 0x00, 0x1a, 0x00, 0x00,
  0x00, 0x00, 0x00, 0x00, 0x00, 0x00, 0x00, 0x00, 0x1a, 0x00, 0x00, 0x00,
  0x00, 0x00, 0x00, 0xe2, 0xe0, 0x00, 0x1a, 0x00, 0xe4, 0x00, 0x00, 0x00,
  0x1a, 0x00, 0x00, 0x00, 0x00, 0x00, 0x00, 0x00, 0x00, 0x00, 0x00, 0x00,
  0x00, 0x00, 0x00, 0x00, 0x00, 0x00, 0x1b, 0x00, 0xdf, 0x00, 0x00, 0x00,
  0x1a, 0x00, 0x1c, 0x00, 0x00, 0x00, 0x00, 0x00, 0xe6, 0x00, 0x00, 0x00,
  0x00, 0x00, 0x00, 0x00, 0x00, 0x00, 0x1d, 0x00, 0x00, 0x00, 0xe4, 0x00,
  0xe1, 0x00, 0xe1, 0x00, 0x00, 0x00, 0x1b, 0x00, 0x00, 0x00, 0x00, 0x00,
  0x1c, 0x00, 0x1d, 0x00, 0x00, 0x00, 0x00, 0x00, 0xdd, 0x00, 0x00, 0x00,
  0x00, 0xe2, 0xe2, 0x00, 0x00, 0x00, 0xdd, 0x00, 0x00, 0x00, 0x00, 0x1c,
  0x00, 0x00, 0xde, 0x00, 0x00, 0x00, 0x00, 0x00, 0x00, 0x00, 0x00, 0x00,
  0x00, 0x00, 0x00, 0x00, 0x00, 0xe5, 0x00, 0x00, 0x00, 0x1a, 0x00, 0x00,
  0x00, 0x00, 0x00, 0xe0, 0x00, 0x00, 0x00, 0x00, 0x00, 0x00, 0x00, 0x00,
  0x00, 0x00, 0xe3, 0x00, 0x00, 0x00, 0x00, 0x00, 0x00, 0x00, 0x00, 0x00,
  0x00, 0xe2, 0x00, 0x00, 0x00, 0x1c, 0x00, 0x1c, 0x00, 0x00, 0x00, 0xe0,
  0x1b, 0x00, 0x00, 0x00, 0x00, 0x00, 0x00, 0x00, 0x00, 0x00, 0x00, 0x00,
  0x00, 0x00, 0xdd, 0x00, 0x00, 0x00, 0x00, 0x00, 0x00, 0x00, 0x00, 0x00,
  0x00, 0x00, 0x00, 0x00, 0x00, 0x00, 0xe0, 0x00, 0xe1, 0x00, 0x00, 0x00,
  0x00, 0x00, 0x00, 0xe1, 0x00, 0x00, 0x1a, 0x00, 0x00, 0x00, 0x00, 0x00,
  0x00, 0x00, 0x00, 0xe3, 0xdd, 0xe6, 0xe5, 0x00, 0x00, 0x00, 0x00, 0xe5,
  0x00, 0xe4, 0x00, 0x00, 0x00, 0x00, 0x00, 0x00, 0x00, 0x00, 0x00, 0x00,
  0x00, 0x00, 0xe0, 0x00, 0x00, 0xde, 0x1b, 0x00, 0x00, 0x00, 0x00, 0x00,
  0x00, 0xe0, 0xdf, 0x00, 0xe1, 0x1b, 0x00, 0x00, 0x00, 0x00, 0x00, 0x00,
  0x00, 0x1c, 0x1b, 0x00, 0x00, 0x00, 0x00, 0x00, 0x1b, 0x00, 0x00, 0x00,
  0x00, 0x00, 0x00, 0x00, 0x1b, 0x00, 0x00, 0x1b, 0x00, 0x00, 0x00, 0x1b,
  0x00, 0x00, 0x00, 0x00, 0x00, 0xe6, 0x00, 0x00, 0x00, 0xe3, 0x00, 0xe2,
  0x1c, 0x00, 0x00, 0x00, 0x00, 0x00, 0x00, 0x00, 0x00, 0x00, 0xe1, 0x00,
  0x00, 0xde, 0x00, 0x00, 0x00, 0x1b, 0xe2, 0x00, 0x00, 0x00, 0x00, 0xe1,
  0x00, 0x00, 0x00, 0x00, 0x00, 0x00, 0x1d, 0x00, 0x00, 0x00, 0x00, 0x00,
  0x00, 0x00, 0x00, 0x00, 0x00, 0x00, 0x00, 0x1c, 0xde, 0xe2, 0x00, 0x00,
  0x00, 0x00, 0xe1, 0x00, 0x1b, 0x00, 0x00, 0x00, 0x00, 0x23, 0x00, 0x00,
  0xe3, 0x1c, 0x00, 0x20, 0x00, 0x00, 0x00, 0x00, 0x00, 0x00, 0x00, 0x00,
  0x00, 0x00, 0x00, 0x00, 0x00, 0xe4, 0xe6, 0x00, 0x00, 0x00, 0x00, 0x00,
  0xe4, 0x00, 0x00, 0x00, 0x00, 0x00, 0x00, 0x00, 0x00, 0x00, 0x00, 0x00,
  0x00, 0x00, 0x00, 0x00, 0x00, 0x00, 0xe2, 0x00, 0x00, 0x00, 0x00, 0x00,
  0x00, 0x00, 0x00, 0x00, 0xe0, 0x00, 0x00, 0x1d, 0xdf, 0x00, 0x00, 0x00,
  0x00, 0xe5, 0x00, 0x00, 0x00, 0x00, 0x00, 0x00, 0x1c, 0x00, 0x00, 0xe4,
  0x00, 0x00, 0x00, 0x00, 0x00, 0x00, 0x00, 0xe5, 0x00, 0xe5, 0x1a, 0x00,
  0x00, 0x00, 0x00, 0x00, 0x00, 0x00, 0x00, 0xe4, 0x00, 0x00, 0x00, 0x1c,
  0x00, 0x00, 0xe4, 0x00, 0x00, 0x00, 0x00, 0x00, 0xe0, 0x00, 0xe3, 0x00,
  0xe6, 0x00, 0x00, 0x00, 0x00, 0x00, 0x1e, 0x00, 0x00, 0x00, 0x00, 0x00,
  0x00, 0x00, 0x00, 0x00, 0x00, 0x00, 0x00, 0x00, 0x00, 0x00, 0x00, 0x00,
  0xe5, 0x00, 0x00, 0xe4, 0x00, 0x00, 0x00, 0x00, 0x00, 0xe2, 0x00, 0x00,
  0x00, 0x00, 0x00, 0x00, 0x00, 0xdf, 0x1c, 0x00, 0x00, 0x00, 0x00, 0x00,
  0x00, 0x00, 0x00, 0x00, 0x00, 0x00, 0x00, 0x00, 0xe4, 0x00, 0x00, 0x00,
  0x00, 0x00, 0xe7, 0x00, 0x00, 0x1b, 0x00, 0x00, 0x00, 0x00, 0x00, 0x00,
  0x00, 0x00, 0x00, 0x00, 0x00, 0x00, 0x00, 0x00, 0x00, 0x1b, 0x00, 0x00,
  0x00, 0x00, 0x00, 0xdf, 0x00, 0x00, 0x00, 0xe3, 0xe3, 0x00, 0x00, 0x00,
  0x00, 0x00, 0x00, 0x00, 0x00, 0x00, 0x00, 0x00, 0x00, 0x00, 0x00, 0x1c,
  0x00, 0x00, 0x00, 0x00, 0x00, 0x00, 0x00, 0x00, 0x00, 0x00, 0x00, 0x00,
  0x00, 0x1c, 0x00, 0x00, 0x00, 0x00, 0x00, 0x00, 0x00, 0x00, 0xe1, 0x00,
  0xe2, 0x00, 0x00, 0x00, 0x00, 0x1d, 0xe3, 0x00, 0x00, 0x20, 0x00, 0x00,
  0x1e, 0x00, 0x00, 0xe2, 0x00, 0x00, 0xe2, 0x1b, 0x00, 0x00, 0x1a, 0x00,
  0x00, 0x1e, 0x00, 0x00, 0x00, 0x00, 0x00, 0x00, 0x00, 0x00, 0x00, 0xdf,
  0x00, 0xe2, 0x00, 0xdf, 0xe3, 0x00, 0x00, 0x00, 0x00, 0xe1, 0x00, 0x00,
  0x00, 0x00, 0x19, 0x00, 0x00, 0x00, 0x00, 0x00, 0x00, 0xe4, 0x00, 0x00,
  0x00, 0x00, 0x00, 0x00, 0x00, 0x00, 0x00, 0x00, 0x1a, 0xe5, 0x00, 0xe5,
  0x00, 0x00, 0x00, 0x00, 0x00, 0x00, 0x00, 0x00, 0x00, 0x26, 0x00, 0x1c,
  0x00, 0x00, 0x00, 0x00, 0x00, 0x00, 0x00, 0x00, 0x00, 0xe0, 0x00, 0xe2,
  0x00, 0x00, 0x1a, 0x00, 0x00, 0x00, 0x00, 0x00, 0x00, 0x00, 0x00, 0x1c,
  0x00, 0xe3, 0x00, 0x00, 0x00, 0x00, 0xe2, 0x1a, 0x00, 0x1a, 0x00, 0x00,
  0x00, 0xe2, 0x00, 0x00, 0x00, 0xe0, 0x00, 0x00, 0x00, 0x00, 0x00, 0x1a,
  0x00, 0x00, 0x00, 0x00, 0x00, 0x00, 0x00, 0xde, 0x00, 0x00, 0xe6, 0x00,
  0xe5, 0x00, 0x00, 0x00, 0x00, 0x00, 0x00, 0x00, 0x00, 0x00, 0x00, 0x00,
  0x00, 0xe1, 0x00, 0x00, 0x00, 0x00, 0x00, 0x1c, 0x00, 0x1c, 0x00, 0x00,
  0x00, 0x00, 0xe4, 0x00, 0x00, 0x1e, 0x00, 0x00, 0x00, 0x1b, 0x00, 0x00,
  0x00, 0x1c, 0x00, 0x00, 0x00, 0x00, 0x00, 0x00, 0x00, 0x00, 0x00, 0x00,
  0xe0, 0x00, 0xe1, 0x1c, 0x00, 0x00, 0x00, 0x00, 0x00, 0x00, 0x00, 0x00,
  0xdf, 0x00, 0x00, 0x00, 0x00, 0x00, 0x00, 0x00, 0xe3, 0x00, 0x00, 0x00,
  0xe4, 0x00, 0x00, 0x00, 0x00, 0x00, 0x00, 0x1a, 0x00, 0x00, 0xe2, 0x00,
  0x00, 0x00, 0x00, 0x00, 0xe1, 0xde, 0x1a, 0x00, 0x00, 0x00, 0x00, 0x00,
  0x00, 0x00, 0xdd, 0x00, 0x00, 0x00, 0x00, 0x00, 0x00, 0x1c, 0x00, 0x00,
  0x00, 0x00, 0x00, 0x00, 0xe3, 0x00, 0x00, 0x00, 0x00, 0x00, 0x00, 0x00,
  0x00, 0x00, 0x00, 0x00, 0x00, 0x00, 0x00, 0x00, 0x00, 0x00, 0x00, 0x00,
  0x00, 0x00, 0x00, 0x00, 0x00, 0x00, 0x00, 0x00, 0x00, 0x00, 0x00, 0xe1,
  0x00, 0x00, 0x00, 0x00, 0x00, 0x00, 0x00, 0xe4, 0xe1, 0x00, 0x00, 0x00,
  0x00, 0x00, 0x00, 0x00, 0x00, 0x00, 0x00, 0x1d, 0x00, 0x00, 0x00, 0x00,
  0x00, 0x00, 0xe6, 0x1a, 0x00, 0x00, 0x00, 0x00, 0x00, 0x00, 0x00, 0x00,
  0x00, 0x00, 0x00, 0x00, 0x00, 0x00, 0xe7, 0x00, 0x00, 0x00, 0x00, 0x00,
  0x00, 0x00, 0xe0, 0xe1, 0x00, 0x00, 0x00, 0xe3, 0x00, 0x00, 0x00, 0x00,
  0xe5, 0x00, 0x00, 0x00, 0x00, 0x00, 0x00, 0x00, 0x00, 0x1c, 0x00, 0x00,
  0x00, 0x00, 0xe3, 0x00, 0xe4, 0x00, 0x00, 0x00, 0xe5, 0x00, 0x00, 0x00,
  0x00, 0x00, 0x00, 0x00, 0x00, 0x00, 0x00, 0x00, 0x00, 0xe4, 0x00, 0x00,
  0xe5, 0x00, 0x00, 0x00, 0x00, 0x00, 0x00, 0x00, 0xe2, 0x00, 0xe2, 0xe2,
  0xe2, 0x00, 0x00, 0x00, 0xe3, 0x00, 0xe1, 0x00, 0x00, 0x00, 0xe4, 0x00,
  0xe2, 0x00, 0x00, 0x00, 0x00, 0x00, 0x00, 0x00, 0x00, 0x00, 0x00, 0x00,
  0x00, 0x00, 0x00, 0x00, 0x00, 0x00, 0x00, 0x00, 0x00, 0x00, 0x00, 0x00,
  0x00, 0x00, 0x00, 0x00, 0x00, 0x00, 0xe7, 0x1b, 0x00, 0x00, 0x00, 0x00,
  0x00, 0x00, 0xe6, 0x00, 0x00, 0x00, 0x1d, 0x00, 0x00, 0x00, 0x00, 0x00,
  0x00, 0x00, 0xdf, 0x00, 0x00, 0x00, 0x1c, 0x00, 0x00, 0x00, 0x00, 0x00,
  0x00, 0x00, 0x00, 0x00, 0xe6, 0x00, 0x1e, 0xe2, 0xe2, 0x00, 0x00, 0x00,
  0x1c, 0x00, 0x1c, 0xdf, 0x00, 0x00, 0x00, 0x00, 0x00, 0x00, 0x00, 0xdf,
  0x00, 0x00, 0x00, 0x00, 0x00, 0x00, 0x00, 0x00, 0x00, 0x00, 0x00, 0x00,
  0x00, 0xe2, 0x1a, 0x00, 0x00, 0xe3, 0x00, 0x00, 0xe2, 0x00, 0x00, 0x00,
  0x00, 0xe2, 0x00, 0x00, 0x1c, 0x00, 0x00, 0x1c, 0x00, 0x00, 0x00, 0x00,
  0x00, 0x00, 0x00, 0xe2, 0x00, 0x00, 0x1a, 0x00, 0xe6, 0x00, 0xe4, 0x00,
  0x00, 0x00, 0x00, 0xe7, 0x00, 0x00, 0xe2, 0x00, 0x00, 0x00, 0x00, 0x00,
  0x00, 0xe4, 0x00, 0x00, 0x00, 0x00, 0xe1, 0x00, 0x00, 0x00, 0x00, 0x00,
  0x1b, 0x00, 0x00, 0xe0, 0x00, 0xe5, 0x00, 0x00, 0x00, 0xe2, 0x00, 0x00,
  0x00, 0x00, 0x00, 0xde, 0x00, 0xe4, 0x00, 0x1a, 0x00, 0x00, 0x00, 0xe3,
  0x00, 0x00, 0x00, 0xe3, 0x1c, 0x00, 0x00, 0x00, 0x00, 0x00, 0x00, 0x00,
  0x00, 0xe3, 0xe4, 0x00, 0x00, 0x00, 0x00, 0x00, 0x00, 0x00, 0xe1, 0x00,
  0xe2, 0x00, 0x00, 0x00, 0x1c, 0x00, 0xe3, 0x00, 0x00, 0x00, 0x00, 0x00,
  0x00, 0x00, 0x1a, 0x00, 0xdf, 0x00, 0x00, 0x00, 0x00, 0x00, 0xe0, 0x00,
  0xe0, 0x00, 0x00, 0x00, 0x00, 0x00, 0x00, 0x00, 0x00, 0xe3, 0x00, 0x00,
  0x00, 0x00, 0x00, 0x00, 0x00, 0x1e, 0xdf, 0x00, 0x00, 0x00, 0x00, 0x00,
  0x00, 0x00, 0x00, 0x00, 0x1c, 0x00, 0xe5, 0x1a, 0x00, 0x1c, 0x00, 0x00,
  0x00, 0x1e, 0x00, 0x00, 0x00, 0x00, 0x00, 0x1e, 0x00, 0x1e, 0x00, 0xe4,
  0x00, 0x00, 0x00, 0x00, 0x00, 0xde, 0x1c, 0x00, 0x00, 0x00, 0x00, 0x00,
  0x00, 0xe1, 0x00, 0xe4, 0x00, 0x00, 0x00, 0x00, 0x00, 0x00, 0xe0, 0x00,
  0x00, 0x00, 0x00, 0xe1, 0xe5, 0x00, 0x00, 0x00, 0x00, 0x00, 0x00, 0x00,
  0x00, 0x00, 0x00, 0x00, 0x00, 0x00, 0xde, 0x00, 0x00, 0x00, 0x00, 0x00,
  0x00, 0x00, 0x00, 0x00, 0x00, 0x00, 0x00, 0x00, 0x00, 0x00, 0x00, 0x1a,
  0xe1, 0x00, 0x00, 0x00, 0xe4, 0xe3, 0x00, 0x1d, 0x00, 0x00, 0xdf, 0x00,
  0x00, 0x1d, 0x00, 0x00, 0x00, 0x00, 0x00, 0x00, 0x00, 0x00, 0x00, 0x00,
  0x00, 0x00, 0x00, 0x00, 0x00, 0x00, 0x00, 0xe5, 0x1e, 0x00, 0x00, 0x00,
  0x00, 0x00, 0x00, 0x00, 0x00, 0x00, 0x00, 0x00, 0x1c, 0x00, 0x1a, 0x00,
  0x1c, 0x00, 0x00, 0x00, 0x00, 0x00, 0x00, 0x00, 0x00, 0x00, 0x00, 0x1b,
  0x00, 0x00, 0x00, 0x00, 0x00, 0x00, 0x1b, 0x00, 0x00, 0x00, 0xde, 0x00,
  0xde, 0xe4, 0x00, 0x00, 0x00, 0x00, 0x00, 0x00, 0xe6, 0xe4, 0x00, 0x00,
  0x00, 0x00, 0x1a, 0x00, 0x00, 0x00, 0x00, 0x00, 0x00, 0x00, 0xe2, 0x00,
  0x00, 0x00, 0x00, 0x00, 0x00, 0x00, 0x00, 0x00, 0x00, 0x00, 0x00, 0x00,
  0xe0, 0x00, 0xe6, 0x00, 0x00, 0x00, 0x00, 0x1c, 0xe5, 0x00, 0x00, 0xdf,
  0x00, 0x00, 0x00, 0x00, 0x00, 0x00, 0x00, 0x00, 0xe2, 0x00, 0x00, 0x00,
  0x00, 0x1e, 0x00, 0x00, 0x1d, 0xe5, 0x00, 0x00, 0x00, 0x00, 0x00, 0x00,
  0x00, 0x00, 0xe4, 0x00, 0x1a, 0x00, 0x00, 0xe1, 0x00, 0x00, 0x1a, 0x1c,
  0x00, 0x1a, 0x00, 0xe2, 0xdd, 0x00, 0x00, 0x00, 0x00, 0x00, 0x00, 0x00,
  0x1b, 0x00, 0x00, 0x00, 0x00, 0x00, 0x1a, 0x00, 0x00, 0x00, 0x00, 0x00,
  0xdd, 0x00, 0x00, 0x00, 0x00, 0x00, 0x00, 0x00, 0x00, 0xe4, 0x1a, 0x00,
  0xe1, 0x00, 0x00, 0x00, 0x00, 0x00, 0x00, 0xe3, 0x1b, 0x00, 0x00, 0x00,
  0x00, 0x00, 0x00, 0x00, 0x00, 0xde, 0x00, 0x00, 0xdf, 0x00, 0x00, 0x00,
  0x00, 0x00, 0x00, 0x00, 0xe4, 0x00, 0xe0, 0x00, 0xe5, 0x1d, 0x00, 0xde,
  0xe2, 0x00, 0x00, 0x00, 0x00, 0x00, 0xe6, 0x00, 0x00, 0x00, 0x00, 0x00,
  0x00, 0x00, 0x00, 0x00, 0xe0, 0x00, 0x00, 0x00, 0x00, 0xe3, 0x00, 0x00,
  0x00, 0x00, 0x00, 0x00, 0x00, 0x00, 0x00, 0x00, 0x00, 0x00, 0x00, 0x00,
  0x00, 0xe5, 0x00, 0x00, 0x00, 0x00, 0x00, 0x00, 0x00, 0x00, 0x00, 0x00,
  0x00, 0x00, 0x00, 0x00, 0x00, 0x00, 0x00, 0x00, 0x00, 0xdd, 0x00, 0x00,
  0x00, 0x00, 0x00, 0x00, 0xe3, 0x1a, 0x00, 0xe1, 0x00, 0x1c, 0x00, 0x00,
  0x00, 0x1d, 0x00, 0x00, 0x00, 0xe0, 0x00, 0x00, 0x00, 0x00, 0x00, 0x00,
  0x00, 0xdf, 0x00, 0x00, 0x00, 0x00, 0x00, 0x00, 0x00, 0x00, 0x00, 0x00,
  0x00, 0x00, 0x00, 0x00, 0x00, 0x00, 0x00, 0x00, 0x00, 0x00, 0x00, 0x00,
  0x1a, 0xdd, 0x00, 0x1c, 0x00, 0x00, 0xe1, 0x00, 0x00, 0x00, 0x00, 0x00,
  0x00, 0x00, 0x00, 0x00, 0x00, 0x00, 0x00, 0x00, 0x00, 0x00, 0x00, 0x00,
  0x00, 0x1d, 0x00, 0x00, 0x1b, 0x00, 0x00, 0xe4, 0x00, 0x00, 0x00, 0xe3,
  0x00, 0xe6, 0x00, 0x00, 0x00, 0x00, 0x00, 0x00, 0x00, 0x00, 0x00, 0x00,
  0xdf, 0x00, 0x00, 0x00, 0x00, 0xe4, 0x00, 0x00, 0x00, 0x00, 0x00, 0x00,
  0x00, 0x00, 0x00, 0x00, 0x00, 0x00, 0x00, 0x00, 0xe3, 0x00, 0x00, 0x00,
  0x1b, 0xdf, 0xe5, 0x00, 0x00, 0x00, 0x00, 0x00, 0x00, 0x00, 0xe4, 0x00,
  0x00, 0x00, 0x00, 0x00, 0x00, 0x00, 0x00, 0x00, 0x00, 0x00, 0x00, 0xde,
  0x00, 0x00, 0x00, 0x00, 0xe3, 0x00, 0x00, 0x00, 0x00, 0x00, 0x00, 0x00,
  0x00, 0x00, 0x00, 0x1b, 0x00, 0x00, 0xdf, 0xe4, 0x00, 0x00, 0x00, 0x00,
  0x00, 0x00, 0x00, 0xe6, 0x00, 0x00, 0x00, 0x00, 0x00, 0x00, 0x00, 0xde,
  0x00, 0x00, 0x00, 0xe1, 0x00, 0x00, 0x00, 0x00, 0xe4, 0x00, 0x00, 0x00,
  0x00, 0x00, 0x1c, 0x00, 0x00, 0x00, 0x00, 0x00, 0x00, 0x1a, 0x00, 0x00,
  0x00, 0x00, 0x00, 0x00, 0x1d, 0x00, 0x00, 0x00, 0x00, 0xe6, 0x00, 0xe4,
  0x00, 0x00, 0x00, 0x00, 0xe7, 0x00, 0x00, 0xdf, 0x00, 0x00, 0x00, 0x00,
  0x00, 0x00, 0x00, 0x00, 0x00, 0x00, 0xde, 0xe6, 0x00, 0x1a, 0x00, 0xe4,
  0x00, 0xe4, 0x00, 0x00, 0x00, 0x00, 0x00, 0x00, 0x00, 0x00, 0x00, 0x00,
  0x00, 0x00, 0x00, 0xe1, 0x00, 0x00, 0x00, 0x00, 0x00, 0x00, 0x00, 0x00,
  0x00, 0x00, 0x00, 0x00, 0x00, 0x00, 0x00, 0x00, 0x00, 0x00, 0x00, 0x00,
  0x00, 0xe4, 0x00, 0x00, 0x00, 0x00, 0x00, 0x00, 0x00, 0x00, 0x00, 0x00,
  0x00, 0x00, 0x00, 0xe3, 0x00, 0x00, 0xe0, 0x00, 0xe5, 0x00, 0x00, 0xe4,
  0xe2, 0x00, 0x00, 0x00, 0x00, 0xe6, 0xe0, 0x00, 0x00, 0x00, 0x00, 0x00,
  0x00, 0x00, 0x00, 0x00, 0x00, 0x00, 0x00, 0x00, 0x00, 0x00, 0x00, 0x1a,
  0x00, 0x00, 0x1a, 0x00, 0x00, 0x00, 0x00, 0x00, 0x00, 0x00, 0x00, 0x00,
  0x00, 0x00, 0x00, 0x00, 0x00, 0x00, 0x00, 0xe3, 0xe6, 0xdf, 0x00, 0x00,
  0x00, 0x00, 0x00, 0x00, 0xdd, 0x00, 0x00, 0x1a, 0x00, 0x00, 0x00, 0x00,
  0x00, 0x00, 0xe2, 0x00, 0x1b, 0x00, 0xde, 0x00, 0x00, 0xe6, 0x00, 0x00,
  0x00, 0xe3, 0x00, 0x00, 0x00, 0x00, 0x00, 0xdd, 0x00, 0x00, 0xe2, 0x00,
  0x00, 0x00, 0x00, 0x00, 0xe4, 0x00, 0x00, 0x00, 0x00, 0xdf, 0x00, 0x00,
  0x00, 0x00, 0xdf, 0x00, 0x00, 0xe2, 0xe0, 0x00, 0x00, 0x1d, 0xe2, 0x00,
  0x00, 0x00, 0x00, 0xe1, 0xde, 0x00, 0x00, 0x00, 0x00, 0x00, 0x00, 0x00,
  0x00, 0x00, 0x00, 0x1b, 0x00, 0xdf, 0x00, 0xdd, 0x00, 0x00, 0x00, 0x00,
  0x00, 0x00, 0x00, 0xdf, 0x00, 0x00, 0xe4, 0xde, 0x00, 0x1c, 0x00, 0x00,
  0x00, 0xe1, 0x00, 0x00, 0x00, 0x00, 0x00, 0x00, 0x00, 0x00, 0x00, 0x00,
  0x00, 0xe5, 0x00, 0x00, 0x00, 0x00, 0x00, 0x1c, 0x00, 0x00, 0x00, 0x00,
  0x00, 0x1b, 0x00, 0x00, 0x00, 0x00, 0x1c, 0x00, 0x00, 0x00, 0x00, 0x00,
  0x00, 0x00, 0xe3, 0x00, 0x00, 0x00, 0x00, 0x00, 0x1d, 0x1c, 0xe3, 0x00,
  0x00, 0x00, 0x00, 0x00, 0x00, 0x00, 0x00, 0x00, 0x00, 0x00, 0x00, 0x1d,
  0xe1, 0x00, 0x00, 0x00, 0x1b, 0x00, 0x1e, 0x00, 0x00, 0x00, 0x00, 0x00,
  0x00, 0x00, 0xe6, 0x00, 0x00, 0x00, 0x00, 0x00, 0xe1, 0x00, 0x00, 0x00,
  0xe3, 0x00, 0x00, 0x00, 0x00, 0x00, 0x00, 0x00, 0x00, 0x00, 0x00, 0x00,
  0x00, 0x00, 0xe1, 0xe3, 0x00, 0x00, 0x00, 0x00, 0x00, 0x1c, 0x00, 0xdf,
  0x00, 0x00, 0x00, 0x00, 0x00, 0x00, 0x00, 0x00, 0x00, 0x00, 0x00, 0xe6,
  0x00, 0xe1, 0x00, 0xe5, 0x00, 0x00, 0x00, 0x00, 0x00, 0x00, 0x00, 0x00,
  0x00, 0x00, 0x1b, 0xe6, 0x00, 0x00, 0x00, 0x00, 0x00, 0x00, 0x00, 0x00,
  0x00, 0x00, 0x00, 0x00, 0x1b, 0x00, 0x00, 0xde, 0x00, 0x00, 0x00, 0x00,
  0x00, 0x00, 0xe2, 0x00, 0xe5, 0x00, 0x00, 0x00, 0x00, 0x00, 0x00, 0xe4,
  0x1d, 0xe0, 0x00, 0x00, 0x00, 0x00, 0x00, 0x00, 0x00, 0x00, 0x00, 0x1b,
  0x00, 0x00, 0x00, 0x00, 0x00, 0x00, 0x00, 0x00, 0xe5, 0x00, 0x00, 0x00,
  0x00, 0x00, 0x00, 0x00, 0xe0, 0x00, 0xe5, 0x00, 0xe6, 0x00, 0xe6, 0x00,
  0xe3, 0x00, 0x00, 0x00, 0x00, 0x00, 0xe0, 0x00, 0x00, 0xe6, 0x00, 0x00,
  0x00, 0x00, 0xe0, 0x1d, 0x00, 0x00, 0x00, 0x00, 0x00, 0x00, 0x00, 0x00,
  0x00, 0x00, 0x00, 0x00, 0x00, 0x00, 0xde, 0x00, 0x00, 0x00, 0x00, 0x00,
  0x00, 0x00, 0xe1, 0x00, 0x00, 0x00, 0x00, 0x00, 0x00, 0x00, 0x00, 0x1a,
  0xe2, 0xe5, 0xe4, 0x00, 0x00, 0x00, 0x1c, 0x00, 0x00, 0xe4, 0x00, 0x00,
  0x00, 0x00, 0x00, 0x00, 0x00, 0x00, 0x00, 0x00, 0x00, 0x00, 0x00, 0xe0,
  0x00, 0x00, 0x00, 0x00, 0x00, 0x00, 0x00, 0x00, 0x00, 0x1d, 0x00, 0x00,
  0x00, 0x00, 0x00, 0x00, 0x00, 0x00, 0x00, 0x00, 0x00, 0x00, 0x00, 0x00,
  0x00, 0x00, 0x00, 0xe0, 0x1a, 0xe3, 0x00, 0x00, 0x00, 0x00, 0x00, 0x00,
  0x00, 0x00, 0x00, 0x00, 0x00, 0x00, 0x00, 0x00, 0xdf, 0x00, 0x00, 0x00,
  0x1d, 0x00, 0x00, 0x00, 0x00, 0x00, 0x00, 0x00, 0x00, 0x00, 0x00, 0x00,
  0x00, 0x00, 0xe1, 0x00, 0x00, 0x00, 0x00, 0x00, 0x00, 0x00, 0x00, 0x00,
  0x00, 0xe4, 0x00, 0x00, 0xdf, 0x00, 0x00, 0x00, 0x00, 0x00, 0x00, 0x00,
  0xdf, 0x00, 0x00, 0x00, 0x00, 0xdf, 0x1e, 0x00, 0x00, 0x00, 0x1a, 0x00,
  0x00, 0x1c, 0x00, 0x00, 0x1d, 0xe4, 0x00, 0x00, 0x00, 0x00, 0x00, 0x00,
  0x00, 0x00, 0xe4, 0x00, 0x00, 0x00, 0x00, 0x00, 0x00, 0x00, 0x00, 0x00,
  0x00, 0x00, 0x00, 0xe0, 0x00, 0x00, 0x00, 0xe3, 0x00, 0x00, 0xe5, 0x00,
  0x00, 0xe4, 0x00, 0x00, 0x00, 0x00, 0x00, 0x00, 0x00, 0xe5, 0xe2, 0x00,
  0x00, 0x1c, 0x00, 0x00, 0x00, 0x00, 0x00, 0x00, 0x00, 0x00, 0x00, 0x00,
  0xe3, 0x00, 0x00, 0x00, 0x00, 0x00, 0x00, 0x00, 0x00, 0x00, 0x00, 0x00,
  0xe2, 0x00, 0x00, 0x00, 0xe5, 0x00, 0x00, 0x00, 0x00, 0xde, 0x00, 0x00,
  0x1a, 0x00, 0x00, 0x00, 0x00, 0x00, 0x00, 0x00, 0x00, 0x00, 0xe0, 0x00,
  0x00, 0x00, 0xdf, 0xdf, 0x00, 0x00, 0x00, 0x00, 0x00, 0x1b, 0x00, 0x00,
  0x00, 0x00, 0x00, 0x00, 0x00, 0x00, 0x00, 0x00, 0x00, 0x00, 0x00, 0x00,
  0x00, 0x00, 0x00, 0x00, 0x00, 0x00, 0x00, 0x00, 0x00, 0x00, 0x00, 0x00,
  0x00, 0x00, 0x1d, 0x00, 0x00, 0x1c, 0x00, 0x00, 0x00, 0x00, 0xdf, 0x00,
  0x00, 0x00, 0x00, 0x00, 0x00, 0x00, 0x00, 0x00, 0x00, 0x00, 0x00, 0x00,
  0x00, 0x00, 0x00, 0x1a, 0x00, 0x00, 0x00, 0x00, 0x00, 0x00, 0x00, 0xe0,
  0x00, 0x00, 0x00, 0x00, 0x00, 0x00, 0x00, 0x00, 0x00, 0x00, 0x00, 0x00,
  0x00, 0x00, 0x00, 0x00, 0xe2, 0x00, 0x00, 0x00, 0x1c, 0x00, 0x00, 0x00,
  0x00, 0x1a, 0x00, 0x00, 0xe0, 0x00, 0xe5, 0x00, 0x00, 0x00, 0x00, 0x00,
  0x00, 0x00, 0x1d, 0x00, 0x00, 0xe1, 0x00, 0x00, 0x00, 0x00, 0x00, 0x00,
  0x00, 0x00, 0xdf, 0x00, 0x00, 0x00, 0x00, 0xe1, 0x00, 0xe0, 0x1e, 0x00,
  0xe1, 0x00, 0x00, 0x00, 0x1d, 0x00, 0x00, 0x00, 0xe4, 0x1a, 0x1b, 0x1a,
  0x00, 0x00, 0x00, 0x00, 0x00, 0x00, 0xe0, 0x00, 0x00, 0x00, 0xe0, 0xe0,
  0x00, 0x1e, 0x00, 0x00, 0x00, 0x00, 0x00, 0x00, 0x1e, 0x00, 0x00, 0xe4,
  0x00, 0x00, 0xe3, 0x00, 0x00, 0x00, 0x00, 0x00, 0x00, 0x00, 0x00, 0x00,
  0xe2, 0xe0, 0x00, 0xdf, 0x1e, 0x00, 0x00, 0x00, 0x00, 0x00, 0x00, 0x1b,
  0xe3, 0x00, 0xe5, 0x00, 0x00, 0x00, 0x00, 0x00, 0x00, 0x00, 0xe2, 0x00,
  0x00, 0x00, 0x00, 0x00, 0x00, 0x00, 0xe0, 0x00, 0xe1, 0x00, 0x00, 0xe6,
  0x00, 0x00, 0x00, 0x00, 0x00, 0xe0, 0x00, 0x00, 0x00, 0x00, 0x00, 0x00,
  0x00, 0x00, 0x00, 0x00, 0x00, 0x00, 0x00, 0x1b, 0x00, 0x00, 0x00, 0x00,
  0x00, 0x00, 0x00, 0x00, 0x00, 0x00, 0x00, 0x00, 0x00, 0x00, 0x00, 0x00,
  0xe6, 0x00, 0x00, 0x00, 0xe0, 0x00, 0x00, 0x00, 0x00, 0x1b, 0x1b, 0x00,
  0x1c, 0xe0, 0x00, 0x00, 0x00, 0xe6, 0x00, 0x00, 0x1d, 0x00, 0x00, 0xdf,
  0x1c, 0x19, 0x00, 0xe5, 0x00, 0x00, 0x00, 0x00, 0x00, 0x00, 0x00, 0x00,
  0xdf, 0x00, 0x00, 0x00, 0x1b, 0xe0, 0x00, 0x00, 0xe3, 0x00, 0x00, 0x00,
  0x00, 0x1e, 0x00, 0x00, 0x1e, 0x00, 0x00, 0xe2, 0x00, 0xe5, 0x00, 0x00,
  0x00, 0x00, 0x00, 0x00, 0x00, 0x00, 0x00, 0x00, 0x00, 0x00, 0xe1, 0x00,
  0xe0, 0x00, 0x00, 0x1e, 0xe4, 0x00, 0x00, 0x00, 0x00, 0x00, 0x00, 0x00,
  0x00, 0x00, 0x00, 0x00, 0x00, 0xdf, 0x00, 0x00, 0x1b, 0x00, 0x00, 0x00,
  0x00, 0x00, 0xe5, 0x00, 0x00, 0x1d, 0x00, 0xdf, 0x00, 0x00, 0xe6, 0x1c,
  0xe3, 0x00, 0xe5, 0x00, 0x00, 0x00, 0x1b, 0x00, 0x00, 0x00, 0x00, 0xe2,
  0x00, 0x00, 0x00, 0x00, 0x00, 0x00, 0x00, 0x00, 0x00, 0xe0, 0x00, 0x00,
  0x00, 0x00, 0x00, 0x00, 0x00, 0xdf, 0x00, 0xe5, 0x00, 0x00, 0x00, 0x00,
  0x00, 0x00, 0x00, 0x00, 0x00, 0x00, 0x00, 0x1c, 0x00, 0x00, 0x00, 0x00,
  0xe2, 0x1b, 0x00, 0x00, 0x00, 0xe4, 0x00, 0x00, 0xe4, 0x00, 0x00, 0xe1,
  0xe4, 0x00, 0x00, 0x00, 0x00, 0x00, 0x00, 0x00, 0x00, 0x00, 0xe6, 0x00,
  0x00, 0x00, 0xe3, 0x00, 0xdf, 0x00, 0x00, 0x00, 0x00, 0x00, 0x1b, 0x00,
  0x00, 0x1e, 0x00, 0x00, 0x1b, 0x1b, 0x00, 0x00, 0x00, 0x00, 0x00, 0x00,
  0xe1, 0x1a, 0x00, 0x00, 0x00, 0x00, 0x00, 0x00, 0x00, 0x00, 0x00, 0xe4,
  0x00, 0x1e, 0x00, 0x00, 0x00, 0xe3, 0x00, 0xe3, 0x00, 0x00, 0x00, 0xe1,
  0xe2, 0x00, 0x00, 0x00, 0x00, 0x00, 0x00, 0x00, 0x00, 0x00, 0x00, 0x00,
  0x00, 0x00, 0x00, 0x00, 0x00, 0x00, 0x00, 0x1f, 0x1e, 0x00, 0x00, 0x1d,
  0x00, 0x00, 0x00, 0x00, 0x00, 0x00, 0x00, 0x00, 0x00, 0x00, 0x00, 0x00,
  0x00, 0x00, 0x00, 0x00, 0x00, 0x00, 0x00, 0xe0, 0x00, 0x00, 0x00, 0x00,
  0xe1, 0x00, 0x00, 0x00, 0x00, 0x00, 0x00, 0x00, 0x00, 0x00, 0x00, 0xe1,
  0x00, 0x00, 0xe6, 0x00, 0x00, 0x00, 0x00, 0x00, 0x00, 0x00, 0xe4, 0x00,
  0x00, 0xe6, 0x00, 0x00, 0x00, 0x00, 0x00, 0x00, 0xe1, 0x00, 0x00, 0x00,
  0x00, 0xe3, 0x00, 0x00, 0x00, 0x00, 0x00, 0x00, 0x00, 0x00, 0x00, 0x00,
  0x00, 0x00, 0x00, 0x00, 0x00, 0x00, 0x00, 0x00, 0x00, 0xe2, 0x00, 0x00,
  0x1d, 0x00, 0x00, 0x00, 0x00, 0xe2, 0x00, 0x00, 0x00, 0x00, 0x00, 0x00,
  0xe3, 0x00, 0x00, 0x00, 0x00, 0x00, 0x00, 0x1a, 0x00, 0x00, 0x00, 0x00,
  0x00, 0xe1, 0x00, 0x00, 0x00, 0x00, 0xe5, 0x00, 0x00, 0x1a, 0xe5, 0x1c,
  0x00, 0x00, 0x00, 0x00, 0x00, 0x00, 0x00, 0x00, 0x00, 0x00, 0x00, 0x00,
  0x00, 0x00, 0x00, 0x20, 0x00, 0x00, 0x00, 0x00, 0x00, 0x00, 0x00, 0x00,
  0x00, 0x00, 0x00, 0x1c, 0x00, 0x00, 0x00, 0x00, 0x00, 0x00, 0x00, 0x00,
  0x00, 0x00, 0x00, 0xe4, 0x00, 0x00, 0x00, 0x00, 0x00, 0x00, 0x00, 0x00,
  0x00, 0x00, 0x00, 0x00, 0x00, 0x00, 0x00, 0x00, 0x00, 0x00, 0x00, 0x00,
  0x00, 0x00, 0x00, 0x00, 0x00, 0x00, 0x00, 0x00, 0x00, 0x00, 0x00, 0x00,
  0x00, 0xe6, 0xdf, 0x00, 0x00, 0xe2, 0x00, 0x00, 0x1c, 0x00, 0x00, 0x00,
  0x19, 0x00, 0x00, 0xe3, 0x00, 0x00, 0x00, 0x00, 0x00, 0x00, 0x00, 0x00,
  0x00, 0x00, 0x00, 0x00, 0xe6, 0x00, 0x00, 0x00, 0xe6, 0x00, 0x00, 0x00,
  0x00, 0x00, 0xe6, 0x00, 0x00, 0x00, 0x00, 0x00, 0x00, 0x00, 0x00, 0x00,
  0x00, 0x00, 0x00, 0x00, 0x00, 0x00, 0x00, 0x00, 0x00, 0x00, 0x00, 0x00,
  0xe2, 0x00, 0xe5, 0x00, 0x00, 0x00, 0x00, 0x00, 0x1a, 0xe5, 0x00, 0x00,
  0x00, 0x1a, 0x00, 0x00, 0x00, 0xe4, 0x00, 0x00, 0x00, 0x00, 0x00, 0xdc,
  0x00, 0x00, 0x00, 0x00, 0x00, 0x00, 0x1b, 0xe2, 0xdf, 0x00, 0xe5, 0x00,
  0x00, 0x00, 0x00, 0x00, 0x00, 0x00, 0x00, 0x00, 0x1a, 0xe1, 0x00, 0xe6,
  0x00, 0x00, 0x00, 0x00, 0x00, 0x00, 0x00, 0x00, 0x00, 0x00, 0xe2, 0x00,
  0x00, 0x00, 0x00, 0x00, 0x00, 0x00, 0x00, 0x00, 0x00, 0x00, 0x00, 0x00,
  0x00, 0x00, 0x00, 0x00, 0x00, 0xe2, 0x00, 0x00, 0x1d, 0x00, 0x00, 0x00,
  0x00, 0x00, 0x00, 0xdd, 0xe2, 0x00, 0x00, 0xe6, 0x00, 0x00, 0xe6, 0x00,
  0x00, 0x00, 0x00, 0x19, 0x00, 0xe5, 0x00, 0x00, 0xe2, 0x00, 0x00, 0x1c,
  0xdd, 0xe4, 0x1d, 0xe6, 0x00, 0x00, 0xe5, 0x00, 0x00, 0x00, 0x00, 0x00,
  0xe0, 0xe3, 0x00, 0x00, 0x00, 0xe0, 0xdd, 0x00, 0x00, 0x00, 0x00, 0x00,
  0x00, 0x00, 0x00, 0x00, 0x00, 0x00, 0x00, 0x00, 0x00, 0x00, 0x00, 0x00,
  0x00, 0x00, 0x00, 0x00, 0x1d, 0x00, 0xe6, 0xe2, 0x00, 0xdd, 0x00, 0x00,
  0x00, 0x00, 0x00, 0x00, 0x00, 0x00, 0x00, 0x00, 0x00, 0xde, 0x00, 0x00,
  0x00, 0x00, 0x00, 0x00, 0x00, 0xe3, 0x00, 0x00, 0x00, 0x00, 0x00, 0x00,
  0x1b, 0x00, 0x00, 0x00, 0x00, 0x00, 0xdd, 0xe4, 0x00, 0x00, 0x00, 0x1c,
  0x00, 0xe2, 0x00, 0x1a, 0x00, 0xe2, 0x00, 0x00, 0x00, 0x00, 0x00, 0x00,
  0x00, 0x00, 0x00, 0xde, 0x00, 0x00, 0x00, 0x00, 0x00, 0x00, 0x00, 0x00,
  0x00, 0x00, 0x00, 0x00, 0x00, 0x00, 0x00, 0x00, 0x00, 0x00, 0x00, 0x00,
  0x00, 0xe5, 0x00, 0x00, 0x00, 0x00, 0x00, 0x00, 0x00, 0x00, 0x00, 0x00,
  0x00, 0xe4, 0x00, 0x00, 0x00, 0x00, 0x00, 0x00, 0x00, 0x00, 0x00, 0x00,
  0x00, 0x00, 0x00, 0x00, 0x00, 0x00, 0x00, 0x00, 0x00, 0x00, 0x00, 0x00,
  0x1b, 0xdd, 0x00, 0x00, 0x00, 0x00, 0x00, 0x00, 0x00, 0x00, 0x00, 0x00,
  0x00, 0x00, 0x00, 0xdf, 0x00, 0x00, 0x1a, 0x00, 0xde, 0x00, 0x00, 0x00,
  0x00, 0x00, 0x00, 0x00, 0x00, 0xe5, 0x00, 0x00, 0x00, 0x00, 0x00, 0x00,
  0x00, 0xe2, 0xe6, 0x00, 0x00, 0x00, 0x00, 0x1b, 0xdf, 0x00, 0xdf, 0x00,
  0xdf, 0x00, 0xe6, 0x00, 0x00, 0x00, 0x00, 0x00, 0x00, 0x00, 0x00, 0x00,
  0x00, 0x00, 0x00, 0x00, 0x00, 0x00, 0x00, 0x00, 0x00, 0x1b, 0x00, 0x00,
  0x00, 0x00, 0x00, 0xe0, 0x00, 0x00, 0x00, 0x00, 0x1d, 0xde, 0x00, 0x00,
  0x00, 0x00, 0x00, 0x00, 0xe4, 0x00, 0x00, 0x00, 0xe5, 0x00, 0x00, 0x00,
  0x00, 0x00, 0xe4, 0xe6, 0x00, 0x00, 0x00, 0x00, 0x00, 0x00, 0x00, 0x00,
  0xdf, 0x00, 0x00, 0x1b, 0x00, 0x00, 0x00, 0xe3, 0x00, 0x00, 0x00, 0x00,
  0x00, 0x00, 0x00, 0xe2, 0x00, 0x00, 0x00, 0x00, 0x00, 0x00, 0x00, 0x00,
  0x00, 0x00, 0xe4, 0x00, 0x00, 0x00, 0x00, 0x00, 0x00, 0x00, 0x00, 0xdf,
  0x00, 0x00, 0x00, 0x00, 0x00, 0x00, 0x00, 0xe5, 0x00, 0x00, 0x00, 0x00,
  0x00, 0x00, 0x00, 0x00, 0x00, 0x00, 0x00, 0x00, 0x00, 0xdd, 0x00, 0x00,
  0x1a, 0x00, 0x00, 0x00, 0x00, 0x00, 0x00, 0x00, 0xe4, 0x00, 0x00, 0x00,
  0x00, 0x00, 0xe6, 0x00, 0x00, 0x00, 0x00, 0x1b, 0x00, 0x00, 0x00, 0x00,
  0x00, 0x00, 0x00, 0x00, 0x00, 0x00, 0x00, 0x00, 0x00, 0x00, 0x00, 0x1c,
  0x00, 0x00, 0x1e, 0x00, 0x00, 0x00, 0x00, 0x00, 0x00, 0x00, 0xe3, 0xdf,
  0x00, 0x00, 0x00, 0xdd, 0x00, 0x00, 0x00, 0x00, 0x00, 0x00, 0x00, 0x00,
  0x00, 0xe2, 0x00, 0xdd, 0xe2, 0xdd, 0xe4, 0x00, 0x00, 0x00, 0x1c, 0x00,
  0x00, 0x00, 0x00, 0x1a, 0x00, 0x00, 0xe6, 0x00, 0x00, 0xe6, 0x00, 0x00,
  0x00, 0x00, 0xe4, 0xe1, 0xe1, 0x00, 0x00, 0x00, 0xe5, 0x1b, 0x00, 0x00,
  0xdc, 0x00, 0x00, 0x00, 0x00, 0x1a, 0x00, 0xe2, 0xe3, 0x00, 0x00, 0xe2,
  0x00, 0x00, 0x00, 0x00, 0x00, 0x00, 0x00, 0x00, 0xe2, 0x00, 0x00, 0x1a,
  0x00, 0x1b, 0x00, 0x00, 0x1b, 0x00, 0x00, 0x00, 0x00, 0x00, 0x00, 0xe2,
  0xe5, 0x00, 0x00, 0x00, 0x00, 0x00, 0x00, 0x00, 0x00, 0x1b, 0x00, 0x00,
  0xe2, 0xe2, 0x00, 0x00, 0x00, 0xe0, 0xdd, 0x00, 0x00, 0x00, 0x00, 0x00,
  0x00, 0x00, 0x00, 0x00, 0x00, 0x00, 0xe1, 0x00, 0x00, 0x1a, 0xe5, 0x00,
  0x00, 0x00, 0x00, 0x00, 0x00, 0x00, 0x00, 0x1a, 0x00, 0x00, 0x00, 0x00,
  0x00, 0x00, 0x00, 0x00, 0x00, 0x00, 0x00, 0x00, 0x1a, 0x00, 0x00, 0x00,
  0x00, 0x00, 0x00, 0x00, 0x00, 0x00, 0x00, 0x00, 0xdd, 0x00, 0x00, 0xde,
  0x00, 0xe3, 0x00, 0xde, 0x00, 0x00, 0x00, 0x00, 0x1d, 0x00, 0x00, 0x00,
  0xe4, 0x00, 0x00, 0x00, 0x1d, 0x00, 0x1b, 0x00, 0x00, 0xe3, 0x00, 0x00,
  0x00, 0x00, 0x00, 0xe4, 0x00, 0xdd, 0x00, 0x00, 0xdf, 0x00, 0x00, 0x00,
  0x00, 0x00, 0x00, 0x00, 0x00, 0x00, 0x00, 0x00, 0x00, 0x00, 0x00, 0x1a,
  0x00, 0x00, 0x00, 0x00, 0x00, 0xdf, 0x00, 0x00, 0x00, 0x1d, 0x00, 0x1a,
  0x1d, 0x00, 0x00, 0x00, 0xde, 0x00, 0x00, 0x00, 0xde, 0x00, 0x00, 0x00,
  0x00, 0x00, 0x00, 0xdd, 0x00, 0x00, 0x1c, 0x00, 0xe6, 0x1a, 0x00, 0x00,
  0x1b, 0x00, 0x00, 0xdf, 0x00, 0x00, 0x00, 0x00, 0x00, 0x00, 0x00, 0x00,
  0x00, 0x00, 0x00, 0x00, 0xdf, 0x00, 0x00, 0x1a, 0x00, 0xe3, 0x00, 0x00,
  0x00, 0x00, 0x00, 0xe4, 0x00, 0xe0, 0x00, 0xe1, 0x00, 0x00, 0x00, 0xe5,
  0x1c, 0x00, 0x00, 0x00, 0xe3, 0x00, 0x00, 0x00, 0x00, 0x00, 0xe0, 0x00,
  0x00, 0x00, 0x00, 0x1b, 0x00, 0xe5, 0xe2, 0x00, 0x00, 0x00, 0x00, 0x00,
  0xde, 0x00, 0xe1, 0x00, 0x00, 0x00, 0x00, 0x00, 0x00, 0x00, 0x00, 0xe0,
  0x00, 0x00, 0xdf, 0x00, 0x00, 0x00, 0xdf, 0x00, 0x00, 0xe2, 0x00, 0xe2,
  0x00, 0xe4, 0x00, 0x00, 0xdf, 0x00, 0xe2, 0x00, 0xe1, 0x00, 0x1d, 0x00,
  0x00, 0x00, 0xe5, 0xdf, 0x00, 0x00, 0xde, 0x00, 0x00, 0x1d, 0x00, 0x00,
  0x00, 0x00, 0x00, 0x1d, 0x1b, 0x00, 0x00, 0x00, 0x00, 0x00, 0x00, 0x00,
  0x00, 0x1d, 0x00, 0x00, 0x00, 0x00, 0x00, 0x00, 0xe0, 0x1b, 0x00, 0xe4,
  0x00, 0x00, 0x00, 0x00, 0x00, 0x00, 0x00, 0x00, 0x00, 0x00, 0x00, 0x00,
  0x00, 0x00, 0xdd, 0x00, 0x00, 0x00, 0x00, 0x00, 0x00, 0x00, 0xdf, 0x00,
  0x00, 0x00, 0x1c, 0x00, 0xe1, 0x00, 0x00, 0x00, 0x00, 0x00, 0x00, 0x00,
  0x00, 0x00, 0x00, 0x00, 0xe6, 0x1b, 0x00, 0x00, 0x00, 0x00, 0x00, 0x00,
  0x00, 0x00, 0x00, 0x00, 0x00, 0x00, 0x00, 0xe6, 0xdd, 0x00, 0x00, 0x00,
  0x00, 0x00, 0x00, 0x00, 0x00, 0x00, 0x00, 0x00, 0x00, 0x00, 0xe2, 0x00,
  0x00, 0xe4, 0x00, 0x00, 0x00, 0x00, 0x00, 0x00, 0x00, 0x00, 0x00, 0x00,
  0x00, 0x00, 0x00, 0x00, 0xe3, 0x00, 0x00, 0x1b, 0x00, 0x00, 0x00, 0x00,
  0x00, 0xe6, 0x00, 0x00, 0x00, 0x1b, 0x00, 0x00, 0x00, 0x00, 0x00, 0x00,
  0x00, 0x1b, 0x00, 0x00, 0x00, 0x00, 0x00, 0x1c, 0x00, 0x1a, 0x00, 0x00,
  0x00, 0xe0, 0x00, 0x00, 0x00, 0xe4, 0x1a, 0x00, 0x00, 0x00, 0x00, 0x00,
  0xe2, 0xe4, 0x00, 0x00, 0x00, 0x00, 0x00, 0x00, 0x00, 0x00, 0x00, 0x00,
  0x00, 0x1c, 0xdf, 0x1b, 0xe2, 0x00, 0x00, 0x00, 0x00, 0x00, 0x00, 0x00,
  0x00, 0x00, 0x00, 0x00, 0x00, 0x00, 0x00, 0x00, 0x00, 0x00, 0x00, 0xdd,
  0xe1, 0x00, 0x00, 0x1a, 0x00, 0x00, 0x00, 0x00, 0xe5, 0x00, 0x00, 0x1a,
  0x00, 0x00, 0xe1, 0x00, 0x00, 0xe0, 0x00, 0x00, 0x00, 0x00, 0x00, 0x00,
  0x00, 0x00, 0x00, 0x00, 0x00, 0x00, 0x00, 0x1b, 0x00, 0x1b, 0xe3, 0xe2,
  0x00, 0x00, 0x00, 0x00, 0x00, 0x00, 0x00, 0x00, 0x00, 0x00, 0x00, 0xe3,
  0x00, 0x00, 0x00, 0xdf, 0x00, 0x00, 0x00, 0x00, 0x1c, 0x00, 0x00, 0x00,
  0x1b, 0x00, 0x00, 0x00, 0x00, 0x00, 0x00, 0x00, 0xe0, 0x00, 0x00, 0x00,
  0x00, 0x00, 0x00, 0x00, 0x00, 0x00, 0x00, 0x00, 0x00, 0x00, 0xe0, 0x00,
  0x00, 0xe3, 0x00, 0x00, 0x00, 0x00, 0x00, 0x00, 0x00, 0x00, 0x1d, 0x00,
  0x00, 0x00, 0x00, 0x00, 0x00, 0xe2, 0x00, 0x00, 0xdf, 0x00, 0x00, 0x00,
  0x00, 0x00, 0x00, 0x00, 0x00, 0x00, 0x00, 0x00, 0x00, 0x00, 0xe6, 0x00,
  0x00, 0xe4, 0x00, 0x00, 0x00, 0x00, 0x00, 0x00, 0xe4, 0x00, 0x00, 0x00,
  0x00, 0x1c, 0x00, 0x00, 0xde, 0x00, 0x00, 0x00, 0x00, 0xe1, 0x1a, 0x00,
  0x00, 0x00, 0xdd, 0x00, 0x00, 0x00, 0x00, 0x1d, 0x00, 0x00, 0xe1, 0x00,
  0x00, 0x00, 0x00, 0xe6, 0x00, 0x00, 0x00, 0x00, 0x00, 0x00, 0xe3, 0x00,
  0x00, 0x00, 0x00, 0x00, 0x00, 0x00, 0xe2, 0x00, 0x00, 0x00, 0xe1, 0x00,
  0x00, 0x1a, 0x00, 0x00, 0x00, 0x00, 0x1a, 0x00, 0x00, 0x1c, 0x00, 0x00,
  0x00, 0x00, 0x00, 0xe6, 0x00, 0x00, 0x00, 0x00, 0xde, 0x1a, 0xe6, 0x00,
  0x1e, 0x00, 0x00, 0x00, 0x00, 0x1e, 0x00, 0x00, 0x1b, 0x00, 0x00, 0x00,
  0x00, 0x00, 0x00, 0x00, 0x00, 0xe0, 0x00, 0x00, 0x00, 0x00, 0x00, 0x00,
  0x1b, 0x00, 0x00, 0x00, 0x00, 0x00, 0x00, 0x00, 0x00, 0xe6, 0xe6, 0x00,
  0x00, 0x00, 0x00, 0x00, 0x00, 0x00, 0x00, 0x00, 0x00, 0xde, 0x00, 0x00,
  0x00, 0xe6, 0x1a, 0x00, 0x00, 0xe0, 0x00, 0x00, 0x00, 0x00, 0x00, 0x00,
  0xe3, 0x00, 0x00, 0x1d, 0x00, 0x00, 0xe0, 0x00, 0x00, 0x00, 0x00, 0xe1,
  0x00, 0xe0, 0x00, 0xe2, 0x00, 0x00, 0x1d, 0x00, 0x00, 0x00, 0x00, 0x00,
  0x00, 0x00, 0x00, 0x1b, 0x1c, 0x00, 0x00, 0x00, 0x1d, 0x00, 0xe5, 0x00,
  0x00, 0x1d, 0x00, 0x00, 0xe6, 0x1c, 0x00, 0x00, 0x00, 0x00, 0x00, 0x00,
  0x00, 0x00, 0x00, 0xe2, 0x00, 0x00, 0x00, 0x00, 0xde, 0x00, 0x00, 0xe5,
  0xde, 0x00, 0x1e, 0x1d, 0x00, 0x00, 0x00, 0x00, 0x00, 0x00, 0x00, 0x00,
  0x00, 0x1a, 0x00, 0x00, 0x00, 0x00, 0x00, 0x00, 0x1d, 0x00, 0x1c, 0x00,
  0x00, 0x00, 0x00, 0x00, 0x1e, 0x00, 0xe0, 0x00, 0x00, 0x00, 0x00, 0x00,
  0x00, 0x00, 0x00, 0x00, 0x00, 0x00, 0xe5, 0x00, 0xe2, 0x00, 0x00, 0x00,
  0x00, 0x00, 0x00, 0x00, 0x00, 0x00, 0x00, 0x00, 0x00, 0x00, 0x00, 0x1b,
  0x00, 0x00, 0x00, 0x00, 0x00, 0x00, 0x00, 0x00, 0x00, 0x00, 0x00, 0x00,
  0x00, 0xe0, 0xe1, 0x00, 0x00, 0x00, 0x00, 0x00, 0x00, 0x00, 0x1b, 0x00,
  0x00, 0x00, 0xdf, 0xe6, 0x00, 0x00, 0x00, 0x00, 0x00, 0x00, 0x00, 0x00,
  0x00, 0x00, 0x00, 0x00, 0x00, 0x00, 0x00, 0x00, 0xe4, 0x00, 0xe2, 0x00,
  0xe6, 0x00, 0x00, 0x00, 0x00, 0x00, 0x1b, 0x00, 0xe6, 0xdf, 0x1e, 0x00,
  0x1d, 0x00, 0x00, 0x1b, 0x00, 0x00, 0x1d, 0x00, 0x00, 0x00, 0x00, 0x00,
  0x00, 0x00, 0x00, 0x00, 0x00, 0x00, 0xe4, 0x1a, 0x00, 0x00, 0x00, 0x00,
  0x00, 0x00, 0x1d, 0x00, 0x00, 0x1d, 0xe3, 0x00, 0x00, 0x00, 0x00, 0x00,
  0x00, 0x1c, 0x00, 0x00, 0x00, 0x00, 0x00, 0x00, 0xe2, 0x00, 0x00, 0x00,
  0x00, 0x00, 0xdf, 0x00, 0x00, 0x00, 0x1e, 0x00, 0x00, 0x00, 0x00, 0x00,
  0x00, 0x00, 0xe6, 0x00, 0x00, 0x00, 0x00, 0x1d, 0x00, 0x00, 0x00, 0xde,
  0x00, 0x00, 0x00, 0x00, 0x1d, 0x00, 0x00, 0x00, 0xdf, 0x00, 0x00, 0x00,
  0x00, 0x00, 0x00, 0x00, 0xe0, 0x00, 0x00, 0x00, 0x00, 0x00, 0x00, 0x00,
  0x00, 0x1a, 0x00, 0x00, 0x00, 0x00, 0x00, 0x00, 0x00, 0x1a, 0x00, 0x1e,
  0x00, 0x00, 0x00, 0x00, 0x00, 0x00, 0x00, 0x00, 0x00, 0x00, 0x00, 0x00,
  0x00, 0xe6, 0x00, 0x00, 0x00, 0x00, 0x00, 0x00, 0x00, 0xe4, 0x00, 0x00,
  0x00, 0x00, 0x00, 0x1c, 0x00, 0x00, 0x00, 0x00, 0x00, 0xe4, 0x1b, 0x00,
  0x00, 0x00, 0xdf, 0x00, 0x00, 0xdf, 0x1d, 0x00, 0xe1, 0xe3, 0x00, 0x00,
  0x00, 0x1a, 0x00, 0x00, 0x00, 0x00, 0x1e, 0x00, 0x00, 0x00, 0x00, 0x00,
  0xe3, 0x00, 0x00, 0x00, 0x00, 0xe6, 0x00, 0xe0, 0x00, 0x00, 0x00, 0x1e,
  0x1c, 0x00, 0x00, 0x00, 0x00, 0x00, 0x00, 0x00, 0x00, 0x00, 0x00, 0x00,
  0x00, 0x00, 0x00, 0x00, 0x00, 0x00, 0xe5, 0x00, 0x00, 0x00, 0x00, 0x00,
  0x00, 0xe3, 0xe1, 0x00, 0x00, 0x00, 0x00, 0x00, 0x00, 0x00, 0x1e, 0x00,
  0x00, 0xe3, 0x00, 0xe3, 0x00, 0xe5, 0x00, 0x00, 0x00, 0xe0, 0x00, 0x00,
  0x00, 0x00, 0x00, 0xe0, 0x00, 0x00, 0x00, 0x1b, 0x00, 0x00, 0x00, 0x00,
  0x00, 0x00, 0xe1, 0x00, 0x1e, 0x00, 0xe0, 0x00, 0x00, 0x00, 0x1d, 0x00,
  0xe1, 0x00, 0x00, 0x00, 0x00, 0x00, 0x00, 0xdf, 0x00, 0x00, 0x00, 0x00,
  0x00, 0x00, 0x00, 0x00, 0xe3, 0x00, 0x00, 0x00, 0x00, 0xe3, 0x00, 0x00,
  0x00, 0x00, 0x00, 0xdf, 0x00, 0x00, 0x00, 0x00, 0x00, 0x00, 0x00, 0x00,
  0x00, 0x00, 0xe4, 0xe0, 0x00, 0xe4, 0x00, 0xdf, 0x00, 0x00, 0x00, 0xdf,
  0x00, 0xe0, 0x00, 0x00, 0x00, 0x00, 0x00, 0xdf, 0x00, 0x00, 0x00, 0x00,
  0x00, 0x00, 0x1e, 0xe1, 0x00, 0xe2, 0x00, 0x00, 0x00, 0x00, 0x00, 0xe1,
  0x00, 0x00, 0x00, 0x00, 0x00, 0x00, 0x00, 0xe4, 0x00, 0x00, 0xe3, 0x00,
  0x00, 0x00, 0x00, 0x00, 0x1d, 0x00, 0x00, 0x00, 0xe4, 0x00, 0x00, 0x00,
  0x00, 0x00, 0x00, 0x00, 0x00, 0xe4, 0x00, 0x00, 0x00, 0xdf, 0x00, 0x00,
  0x00, 0x00, 0x1d, 0xe6, 0x00, 0x1c, 0x1a, 0x00, 0x00, 0x00, 0x00, 0x00,
  0x00, 0x00, 0x00, 0x00, 0x1d, 0x1d, 0x00, 0xe4, 0x1b, 0x1c, 0x00, 0x00,
  0x00, 0x00, 0x00, 0x00, 0x00, 0x00, 0xe6, 0x00, 0x00, 0x00, 0x00, 0x00,
  0x00, 0xe3, 0xe6, 0x00, 0x00, 0x00, 0x00, 0x00, 0x00, 0xde, 0x00, 0x00,
  0x00, 0x00, 0x00, 0x00, 0x00, 0x00, 0x00, 0x00, 0x00, 0x00, 0x00, 0x00,
  0x00, 0x00, 0x00, 0x1d, 0x00, 0x00, 0x00, 0x00, 0x00, 0x00, 0x00, 0xde,
  0x00, 0x00, 0x00, 0x00, 0x00, 0xde, 0x00, 0x00, 0x00, 0x00, 0x00, 0xe1,
  0x00, 0x00, 0x00, 0x00, 0x00, 0x00, 0x1b, 0xe4, 0x00, 0x00, 0x00, 0x00,
  0x00, 0x1a, 0x00, 0x00, 0x00, 0x00, 0x00, 0x00, 0xe2, 0x00, 0x00, 0x1b,
  0x00, 0x00, 0x00, 0x00, 0x00, 0x00, 0x00, 0x1c, 0x00, 0x00, 0xe1, 0x00,
  0x00, 0xe2, 0x00, 0x00, 0x00, 0x00, 0x1a, 0x00, 0x00, 0xe4, 0x00, 0x00,
  0x00, 0x00, 0x00, 0x00, 0x00, 0x00, 0x00, 0x00, 0x00, 0x00, 0x00, 0x1b,
  0x00, 0x00, 0x00, 0x00, 0x1b, 0x00, 0xe4, 0x00, 0x00, 0x00, 0x00, 0x00,
  0xdf, 0x1a, 0x00, 0x00, 0x00, 0x00, 0x00, 0x1c, 0xe0, 0xe0, 0x00, 0x00,
  0x00, 0x00, 0x00, 0x00, 0xe3, 0xde, 0x00, 0x00, 0xe1, 0x00, 0x00, 0x1b,
  0x00, 0xdd, 0xe6, 0x00, 0x00, 0x00, 0x00, 0x00, 0x00, 0x00, 0x00, 0xe5,
  0x00, 0x00, 0x00, 0x00, 0x00, 0x00, 0x00, 0x00, 0xe4, 0x00, 0x00, 0x00,
  0x00, 0xdf, 0x00, 0x00, 0x00, 0x00, 0xdf, 0x00, 0x00, 0x00, 0x00, 0x00,
  0x00, 0xe1, 0x00, 0x00, 0x00, 0x00, 0x00, 0x00, 0x00, 0xe1, 0x00, 0x00,
  0x00, 0x00, 0x00, 0x00, 0x1d, 0x00, 0x00, 0x00, 0x00, 0xde, 0x00, 0x00,
  0x00, 0x1a, 0x00, 0xe1, 0xe4, 0x00, 0x00, 0x00, 0x00, 0x1d, 0x00, 0x00,
  0x00, 0x00, 0x00, 0xde, 0x00, 0x00, 0x1c, 0x00, 0x00, 0xe2, 0x00, 0x00,
  0x00, 0x00, 0x00, 0x00, 0x00, 0xde, 0xe5, 0xe1, 0x00, 0x00, 0x00, 0xe4,
  0xe3, 0x00, 0x00, 0xe1, 0x00, 0x00, 0x00, 0x1b, 0x00, 0x00, 0x1b, 0x00,
  0x00, 0x00, 0x00, 0x00, 0x00, 0x00, 0x00, 0x00, 0x00, 0x00, 0xe0, 0xe6,
  0x00, 0xe7, 0x00, 0xe3, 0x00, 0x00, 0x00, 0x00, 0x00, 0x00, 0x00, 0x00,
  0x00, 0x00, 0x00, 0xdf, 0x00, 0x00, 0x00, 0x00, 0x00, 0x00, 0x00, 0x00,
  0x00, 0x1a, 0x00, 0x00, 0x00, 0x00, 0x00, 0x00, 0x00, 0x00, 0x00, 0x00,
  0xe4, 0x00, 0x00, 0x00, 0x00, 0xe2, 0x00, 0xe0, 0x00, 0x00, 0x00, 0x00,
  0x00, 0x00, 0x00, 0x1b, 0x00, 0xe0, 0x00, 0xe1, 0x00, 0x00, 0x00, 0x00,
  0x00, 0x00, 0x00, 0x00, 0xdf, 0x00, 0x00, 0x00, 0x00, 0x00, 0x00, 0x00,
  0x00, 0x00, 0xe3, 0x00, 0x00, 0xde, 0x00, 0x00, 0x1c, 0xe3, 0xe1, 0x00,
  0x00, 0x00, 0x00, 0x00, 0x00, 0x00, 0x00, 0x00, 0xe6, 0x00, 0x00, 0x00,
  0x00, 0x00, 0x00, 0xe3, 0x00, 0x00, 0x00, 0x00, 0x00, 0x00, 0xde, 0x1b,
  0xe5, 0x00, 0x00, 0xe6, 0x00, 0x00, 0x00, 0x00, 0x00, 0x00, 0x00, 0x00,
  0x00, 0xe2, 0x00, 0x00, 0x00, 0x00, 0x00, 0x00, 0x00, 0x00, 0x00, 0x00,
  0x00, 0x00, 0x1a, 0x00, 0x00, 0x00, 0x00, 0xe6, 0x00, 0xe2, 0x00, 0x00,
  0x00, 0x00, 0x00, 0x1b, 0x00, 0x00, 0x00, 0xde, 0x00, 0x00, 0x00, 0x00,
  0x00, 0x00, 0x00, 0xe5, 0x00, 0xe5, 0x00, 0x00, 0x00, 0x00, 0x1b, 0x00,
  0x1e, 0xe5, 0x1c, 0x00, 0x00, 0x00, 0x00, 0x00, 0x00, 0x00, 0x00, 0x00,
  0xe5, 0x00, 0x00, 0x00, 0x00, 0x00, 0x00, 0x00, 0xdf, 0x00, 0x00, 0x00,
  0x00, 0x00, 0xdf, 0x00, 0x00, 0x00, 0x00, 0xe6, 0x00, 0x00, 0x00, 0x00,
  0x00, 0x1d, 0x00, 0x00, 0x1c, 0x00, 0x1c, 0x00, 0x00, 0xdf, 0x00, 0x00,
  0x1a, 0x00, 0x00, 0x00, 0xe0, 0xe5, 0x00, 0x00, 0x00, 0xe4, 0x00, 0x00,
  0x00, 0xdf, 0x00, 0xdd, 0xe3, 0xe0, 0x00, 0x00, 0xe3, 0xe5, 0x00, 0x00,
  0x00, 0x00, 0x00, 0xe3, 0x00, 0x00, 0x00, 0x00, 0x00, 0xe2, 0x00, 0x00,
  0x00, 0xe5, 0x00, 0xe1, 0x00, 0x00, 0x00, 0x00, 0x1e, 0x00, 0x00, 0x00,
  0x00, 0x00, 0x00, 0xde, 0x00, 0xe4, 0x00, 0xe4, 0x00, 0xde, 0x00, 0x00,
  0x00, 0x00, 0x00, 0x00, 0x00, 0x00, 0x00, 0x00, 0x00, 0x00, 0x00, 0xe2,
  0xdf, 0x00, 0x00, 0x00, 0x00, 0x1a, 0x00, 0x00, 0xde, 0x00, 0x00, 0xe0,
  0x00, 0x00, 0x00, 0xe3, 0x00, 0x1a, 0x00, 0x1a, 0x00, 0x1b, 0x00, 0xe2,
  0x00, 0x00, 0x00, 0x00, 0x00, 0x00, 0x00, 0xe4, 0x00, 0x00, 0x00, 0xe2,
  0x00, 0x00, 0x1d, 0x00, 0x00, 0xe3, 0x00, 0x00, 0xe0, 0x00, 0x00, 0xe3,
  0x00, 0xe2, 0x00, 0xe4, 0x00, 0x00, 0x00, 0x00, 0xe0, 0x00, 0x00, 0x00,
  0x00, 0x00, 0xe2, 0x00, 0xe4, 0x00, 0xe1, 0x00, 0x00, 0x00, 0x00, 0xe0,
  0x00, 0x00, 0x00, 0x00, 0xe6, 0x00, 0xdf, 0x00, 0x00, 0x00, 0x1d, 0xe0,
  0x00, 0x1e, 0x00, 0xe3, 0xe6, 0x00, 0xe4, 0x00, 0x1c, 0x00, 0x00, 0xe0,
  0x00, 0x00, 0x00, 0x00, 0x00, 0xe3, 0x00, 0x00, 0x00, 0x00, 0x00, 0x00,
  0x00, 0x00, 0x00, 0x00, 0x00, 0x00, 0x00, 0x00, 0x00, 0x00, 0xe5, 0x00,
  0x00, 0x00, 0x00, 0x1c, 0x00, 0xe5, 0x00, 0x1d, 0x00, 0x00, 0x00, 0x00,
  0x00, 0x00, 0x00, 0x00, 0x00, 0x00, 0x00, 0x00, 0x00, 0x00, 0xde, 0x00,
  0xe6, 0xe2, 0x00, 0x00, 0x00, 0x00, 0x00, 0x00, 0x00, 0x00, 0x1e, 0x00,
  0x00, 0x00, 0x00, 0x00, 0x00, 0xe1, 0xde, 0x00, 0x00, 0x00, 0x00, 0xe6,
  0x00, 0x00, 0x1a, 0x00, 0x1c, 0x00, 0x00, 0x00, 0x00, 0x00, 0x00, 0xe2,
  0xe6, 0xe0, 0x00, 0x00, 0x00, 0x00, 0x00, 0x00, 0xe0, 0xe1, 0x1e, 0x00,
  0xe5, 0x00, 0xe4, 0x00, 0x00, 0x00, 0xe1, 0x00, 0x00, 0x00, 0x00, 0x00,
  0x00, 0x00, 0x1a, 0x00, 0x00, 0x00, 0x00, 0x00, 0x00, 0x00, 0x00, 0x00,
  0x00, 0x00, 0xdf, 0xe6, 0x1a, 0xe5, 0x1a, 0x00, 0x00, 0x00, 0x00, 0x00,
  0x00, 0x00, 0x00, 0xe6, 0x00, 0x1d, 0x00, 0x00, 0x00, 0x00, 0x00, 0x00,
  0x1a, 0x00, 0x00, 0x1d, 0x1a, 0x00, 0x00, 0x00, 0x00, 0x00, 0x00, 0x00,
  0x00, 0xe5, 0x1b, 0xe4, 0x00, 0x00, 0x00, 0x00, 0x00, 0x1c, 0x00, 0x00,
  0x00, 0x00, 0x00, 0x00, 0x00, 0x00, 0x00, 0x00, 0x00, 0x00, 0x00, 0x00,
  0x00, 0x00, 0x00, 0xe1, 0x00, 0x00, 0x00, 0x00, 0x00, 0x00, 0x1a, 0x1b,
  0x00, 0x00, 0x00, 0x00, 0x00, 0x00, 0x00, 0xdf, 0x00, 0x00, 0x00, 0x00,
  0x00, 0x00, 0xde, 0xe5, 0x00, 0xde, 0x00, 0x00, 0xe1, 0x00, 0xe2, 0x00,
  0x00, 0x00, 0x00, 0x00, 0xe3, 0xe1, 0x00, 0x00, 0x00, 0x1e, 0x00, 0x00,
  0x00, 0x00, 0x1c, 0x00, 0xe6, 0xe1, 0x00, 0x00, 0x00, 0x00, 0x00, 0x00,
  0x00, 0xe2, 0x00, 0x00, 0x00, 0x00, 0x00, 0x00, 0x00, 0x1d, 0x00, 0x00,
  0xe3, 0x00, 0x00, 0x00, 0x00, 0x00, 0x00, 0x00, 0x00, 0x00, 0x00, 0x00,
  0x00, 0x00, 0x1c, 0xdf, 0x00, 0xe6, 0x00, 0xe2, 0x00, 0x00, 0x00, 0x00,
  0x00, 0x00, 0xe5, 0x00, 0x00, 0x00, 0x00, 0x00, 0xe1, 0x00, 0x1b, 0x00,
  0x00, 0xdf, 0x00, 0x00, 0xe2, 0x00, 0x00, 0x00, 0x00, 0x00, 0xe2, 0x00,
  0x00, 0x00, 0x00, 0x00, 0x00, 0x00, 0x00, 0x00, 0x00, 0xe5, 0x00, 0x00,
  0x00, 0x00, 0xe0, 0x00, 0x00, 0x00, 0xe4, 0x00, 0x00, 0xe0, 0x00, 0x00,
  0x00, 0x00, 0x00, 0x1a, 0x00, 0x1a, 0xe3, 0x00, 0x00, 0x00, 0x00, 0x00,
  0x00, 0xe0, 0x00, 0x00, 0x00, 0x00, 0xe2, 0x00, 0xde, 0x00, 0xe2, 0x00,
  0x00, 0x1c, 0xe0, 0x00, 0x1a, 0xe5, 0x1a, 0x00, 0x00, 0x00, 0x00, 0x00,
  0x00, 0x00, 0x00, 0x00, 0x00, 0xdf, 0xe6, 0x00, 0x00, 0xdf, 0xe3, 0x00,
  0x00, 0x1a, 0x00, 0x00, 0x00, 0x1a, 0x00, 0xe0, 0x00, 0x00, 0x00, 0x00,
  0x00, 0x00, 0x00, 0x00, 0x00, 0x00, 0x00, 0x00, 0x00, 0x00, 0x00, 0x00,
  0x00, 0x00, 0x00, 0x00, 0x00, 0x00, 0x00, 0x00, 0x00, 0x00, 0x00, 0x00,
  0x00, 0x00, 0x00, 0x00, 0x00, 0x1c, 0x00, 0xde, 0x00, 0xe5, 0x00, 0x00,
  0x00, 0x00, 0x00, 0x00, 0x00, 0x00, 0xe0, 0x00, 0x00, 0x1a, 0x1b, 0x00,
  0x00, 0x00, 0x00, 0x00, 0x00, 0x00, 0x00, 0x00, 0x00, 0xe4, 0x00, 0x1b,
  0x00, 0x00, 0x00, 0x00, 0x00, 0x00, 0x00, 0xe2, 0x00, 0x00, 0x00, 0x00,
  0x00, 0x00, 0xe1, 0xe3, 0x00, 0xe4, 0x00, 0x00, 0x00, 0x00, 0x00, 0x00,
  0x00, 0x00, 0x00, 0x00, 0x00, 0x00, 0x00, 0x1d, 0x00, 0x00, 0x00, 0x00,
  0x00, 0x00, 0x1b, 0xde, 0x00, 0x00, 0x00, 0x00, 0x00, 0x00, 0x00, 0x00,
  0x00, 0x00, 0x00, 0x00, 0x00, 0x00, 0x00, 0x00, 0x1c, 0x00, 0x1c, 0x00,
  0x00, 0x00, 0x00, 0x00, 0x00, 0x00, 0x00, 0xe4, 0x00, 0x00, 0x00, 0x00,
  0x00, 0x00, 0x00, 0x00, 0x1b, 0xdf, 0xe4, 0x00, 0x00, 0x00, 0x00, 0x00,
  0x00, 0x00, 0x00, 0x00, 0x1c, 0x00, 0xdf, 0x00, 0x00, 0x00, 0x00, 0x00,
  0x1a, 0x1e, 0x00, 0xe5, 0x00, 0x00, 0x00, 0x00, 0x00, 0x00, 0x00, 0x00,
  0x00, 0x00, 0x1b, 0xe4, 0xe3, 0x00, 0x00, 0x00, 0xe4, 0x1d, 0x00, 0x00,
  0x00, 0x00, 0x00, 0x00, 0x00, 0x00, 0x00, 0x00, 0x00, 0x00, 0x00, 0x1d,
  0x00, 0x00, 0xde, 0x00, 0x00, 0x00, 0x00, 0x00, 0x00, 0x00, 0x00, 0x00,
  0x00, 0x00, 0xde, 0x00, 0x00, 0x00, 0xe0, 0x00, 0x00, 0x00, 0x00, 0x00,
  0xe5, 0x00, 0x00, 0x1e, 0x00, 0x00, 0xe2, 0x00, 0x00, 0x00, 0xe4, 0x00,
  0xe5, 0x00, 0x00, 0x00, 0x00, 0x00, 0x00, 0x00, 0x00, 0x00, 0x00, 0x00,
  0x00, 0x00, 0x00, 0x00, 0x00, 0x00, 0x00, 0x00, 0x1c, 0x1e, 0xe3, 0x00,
  0x00, 0x1a, 0x00, 0x00, 0x00, 0x00, 0x00, 0x00, 0x00, 0x00, 0xe2, 0x00,
  0x00, 0x00, 0x00, 0x1b, 0x00, 0x00, 0x00, 0x00, 0x00, 0x00, 0x00, 0x00,
  0x00, 0x00, 0x00, 0xe4, 0x00, 0x00, 0x00, 0x00, 0x1e, 0x00, 0x00, 0x00,
  0x00, 0x00, 0x00, 0x1c, 0x00, 0x00, 0x00, 0x00, 0x00, 0x1c, 0x00, 0x00,
  0x00, 0x00, 0x00, 0x00, 0x00, 0x00, 0x00, 0x00, 0x00, 0xe2, 0x00, 0x00,
  0x00, 0x00, 0x00, 0x00, 0xe0, 0x00, 0x00, 0x00, 0x00, 0x00, 0x00, 0x00,
  0x00, 0xde, 0x00, 0x00, 0x00, 0xe4, 0x00, 0x00, 0xe0, 0x00, 0xe4, 0x00,
  0x00, 0x00, 0xe4, 0x00, 0x1e, 0x00, 0x00, 0x00, 0x00, 0x00, 0x00, 0x00,
  0x00, 0x00, 0xe0, 0x00, 0x00, 0x00, 0x00, 0xe6, 0x00, 0x1a, 0xde, 0x00,
  0x00, 0x00, 0x00, 0x1d, 0xdf, 0x00, 0x1a, 0x00, 0x00, 0x00, 0x00, 0x00,
  0x00, 0x00, 0x00, 0x00, 0xe5, 0x00, 0x00, 0xe2, 0x00, 0x00, 0x00, 0x00,
  0x00, 0xdf, 0x00, 0x19, 0x00, 0x00, 0xe4, 0x1e, 0x00, 0x00, 0x00, 0x00,
  0x00, 0x00, 0xe0, 0x00, 0x00, 0x00, 0x00, 0x00, 0x00, 0x00, 0x00, 0x00,
  0x00, 0xe3, 0xe4, 0x00, 0x00, 0x00, 0x00, 0x00, 0x00, 0x00, 0x00, 0x00,
  0x00, 0xe0, 0x00, 0x00, 0xe2, 0x00, 0x00, 0x00, 0xe4, 0x00, 0x00, 0x00,
  0x19, 0x00, 0x00, 0x00, 0x00, 0x00, 0x00, 0xe1, 0x00, 0x00, 0x00, 0x00,
  0x00, 0x00, 0x00, 0x00, 0x00, 0x00, 0x00, 0xdf, 0x00, 0x00, 0x00, 0x00,
  0x00, 0x00, 0xde, 0xdf, 0x00, 0x00, 0x00, 0x00, 0x00, 0xe3, 0x00, 0x00,
  0x00, 0x00, 0x00, 0x00, 0xe4, 0xe5, 0x00, 0x00, 0x00, 0x00, 0x00, 0x00,
  0x00, 0x00, 0x00, 0x00, 0x00, 0x00, 0x00, 0x00, 0x00, 0x00, 0x00, 0x00,
  0x00, 0x00, 0x00, 0x00, 0x00, 0x00, 0x00, 0x00, 0x00, 0x00, 0x00, 0x00,
  0x00, 0x00, 0x00, 0x00, 0x00, 0x00, 0x00, 0x00, 0x00, 0x00, 0xde, 0x00,
  0xe6, 0x00, 0x00, 0x00, 0x00, 0x00, 0xdf, 0x00, 0xe6, 0x00, 0xe0, 0x00,
  0x00, 0xe1, 0x00, 0x00, 0x00, 0x00, 0x00, 0xdf, 0x00, 0x00, 0xe0, 0x00,
  0x00, 0xe1, 0x00, 0x00, 0xe5, 0x19, 0x1d, 0x00, 0x00, 0x00, 0x00, 0x1b,
  0x00, 0xe1, 0x00, 0x00, 0x00, 0x00, 0x00, 0x00, 0x00, 0x00, 0x00, 0x00,
  0x00, 0xe3, 0x00, 0x00, 0x00, 0x00, 0x00, 0x00, 0x00, 0x00, 0xe3, 0xe3,
  0x1a, 0xe4, 0x00, 0x00, 0x00, 0x00, 0x00, 0x00, 0x00, 0x00, 0x00, 0x00,
  0x00, 0xe0, 0xe5, 0x00, 0x00, 0x00, 0x00, 0x00, 0xe3, 0x1e, 0x00, 0x00,
  0x00, 0x00, 0x00, 0x00, 0x00, 0x00, 0x00, 0x00, 0xe4, 0x00, 0x00, 0x00,
  0x00, 0x00, 0x00, 0x00, 0x00, 0x00, 0x00, 0x00, 0x00, 0xde, 0xe4, 0x00,
  0x00, 0x00, 0x00, 0x00, 0x00, 0x00, 0x00, 0x1d, 0x00, 0xe3, 0xe4, 0x00,
  0x00, 0x00, 0xe1, 0xe1, 0x00, 0x00, 0xde, 0xde, 0x00, 0x00, 0x00, 0x00,
  0x00, 0xe5, 0x00, 0x00, 0x00, 0x00, 0x00, 0x00, 0x00, 0x00, 0x00, 0x00,
  0x00, 0x00, 0x00, 0x00, 0x1e, 0x00, 0x00, 0x00, 0x00, 0x00, 0x00, 0x00,
  0x00, 0x00, 0x00, 0x00, 0x00, 0x00, 0xe6, 0x00, 0x00, 0x00, 0x00, 0x00,
  0x00, 0x00, 0x1a, 0x00, 0x00, 0x00, 0x00, 0x1d, 0x00, 0x00, 0x00, 0x00,
  0x00, 0x00, 0x00, 0x00, 0x00, 0xe5, 0xe4, 0x00, 0x00, 0x00, 0x00, 0xe3,
  0x00, 0x00, 0x00, 0x00, 0x1e, 0x00, 0x00, 0x00, 0x00, 0x00, 0x00, 0x00,
  0x00, 0x00, 0x00, 0x00, 0x00, 0x00, 0x00, 0xe4, 0x00, 0x00, 0x00, 0x00,
  0x1d, 0x1b, 0x00, 0x00, 0x00, 0x00, 0x00, 0x00, 0x00, 0xdf, 0x00, 0x00,
  0xe3, 0x00, 0x00, 0x00, 0x1a, 0x00, 0x00, 0x00, 0xe0, 0x00, 0x00, 0xe2,
  0x00, 0x00, 0x00, 0x00, 0xe2, 0x00, 0x00, 0x00, 0x1d, 0x1c, 0x00, 0x00,
  0x00, 0x00, 0x00, 0x00, 0xe4, 0x1a, 0x00, 0x00, 0x00, 0x00, 0x00, 0x00,
  0x00, 0x00, 0x00, 0x00, 0x00, 0x00, 0x00, 0x00, 0x00, 0x00, 0xe3, 0x00,
  0x1a, 0xe5, 0x00, 0x1d, 0x00, 0x00, 0x00, 0x00, 0x00, 0x00, 0x00, 0xdf,
  0x00, 0x00, 0x00, 0x00, 0x00, 0x00, 0xe1, 0x00, 0x00, 0xe6, 0x00, 0x00,
  0x1a, 0x00, 0x00, 0xe5, 0x00, 0xe2, 0x00, 0x00, 0x00, 0xe1, 0x00, 0x1a,
  0xe2, 0x00, 0x00, 0x1e, 0x00, 0x00, 0x00, 0x00, 0x00, 0xe2, 0x00, 0x00,
  0x00, 0x00, 0x00, 0x00, 0x00, 0x00, 0x00, 0x1c, 0x00, 0x00, 0x00, 0xdf,
  0x1a, 0x00, 0x00, 0x00, 0x00, 0x00, 0x00, 0x00, 0x00, 0x00, 0x00, 0x00,
  0xe5, 0xe1, 0x00, 0x00, 0x00, 0x00, 0x00, 0x00, 0x00, 0x00, 0x00, 0x00,
  0x00, 0x00, 0x00, 0x00, 0x00, 0x00, 0x00, 0x00, 0x1e, 0x00, 0x00, 0x00,
  0x00, 0x00, 0x00, 0x00, 0x1a, 0x00, 0x00, 0x1e, 0x00, 0xe1, 0x00, 0x00,
  0xe4, 0x00, 0x00, 0x00, 0x00, 0x00, 0x00, 0x00, 0x00, 0x00, 0x00, 0x00,
  0x00, 0x00, 0x00, 0x00, 0x00, 0x00, 0x00, 0x00, 0x00, 0x00, 0x00, 0xe4,
  0x00, 0x1d, 0x00, 0x00, 0x00, 0xe6, 0x00, 0xe5, 0x00, 0x00, 0x00, 0x00,
  0x00, 0x1a, 0x00, 0x00, 0x00, 0x00, 0x00, 0xe1, 0x00, 0x00, 0x00, 0x00,
  0x00, 0x00, 0x00, 0x1c, 0xe6, 0x00, 0x00, 0x00, 0x00, 0x00, 0x00, 0xe0,
  0x00, 0x00, 0x00, 0x00, 0x00, 0x00, 0x00, 0x00, 0x00, 0x00, 0x00, 0x00,
  0x00, 0x00, 0xe6, 0x1c, 0x00, 0x00, 0xe3, 0x00, 0x00, 0x00, 0x00, 0x00,
  0xe5, 0x00, 0xe1, 0x00, 0x00, 0x00, 0x00, 0xe4, 0x00, 0xe1, 0x00, 0x00,
  0xe4, 0x00, 0x1b, 0x00, 0x1a, 0x00, 0x00, 0x00, 0x00, 0xe1, 0x00, 0x00,
  0x00, 0x00, 0x00, 0xe0, 0x00, 0x00, 0xdf, 0x00, 0x00, 0x00, 0x00, 0x00,
  0x00, 0x00, 0x00, 0x00, 0xe0, 0x00, 0x00, 0x00, 0x00, 0x00, 0xe2, 0x00,
  0x00, 0x00, 0x00, 0x1f, 0x00, 0x00, 0x00, 0x00, 0x00, 0x19, 0xe0, 0x00,
  0x00, 0x00, 0x00, 0x00, 0x00, 0x00, 0x00, 0x00, 0x00, 0x00, 0x00, 0x00,
  0x00, 0x00, 0x00, 0x00, 0x1c, 0x00, 0x00, 0x00, 0x00, 0xe2, 0x00, 0x00,
  0x00, 0x00, 0x00, 0x00, 0x00, 0x1e, 0x00, 0x00, 0x00, 0x00, 0x00, 0x00,
  0x00, 0x00, 0xe1, 0x00, 0x00, 0x00, 0x00, 0x00, 0x00, 0xe7, 0x00, 0x1a,
  0x00, 0x00, 0x00, 0x00, 0x00, 0x1c, 0x00, 0x00, 0x00, 0x00, 0xe2, 0x00,
  0x00, 0x00, 0x00, 0x00, 0x00, 0x00, 0x00, 0x00, 0x00, 0x00, 0x00, 0x00,
  0x00, 0x00, 0xe3, 0x00, 0x00, 0x00, 0xe3, 0x00, 0x00, 0x00, 0xe2, 0xe0,
  0x00, 0x00, 0x00, 0x00, 0x00, 0x00, 0x00, 0x00, 0x00, 0x00, 0x00, 0x00,
  0x00, 0x00, 0x00, 0xe5, 0xe5, 0x00, 0xe6, 0x00, 0x00, 0x00, 0x00, 0xe5,
  0x00, 0xe6, 0x00, 0x00, 0x1e, 0x1d, 0x00, 0x00, 0x00, 0x00, 0x00, 0x1c,
  0x00, 0x00, 0x00, 0x00, 0x1b, 0x00, 0xe1, 0x00, 0x00, 0x00, 0x00, 0x00,
  0xe1, 0x00, 0x00, 0x00, 0x00, 0x00, 0x00, 0x00, 0x00, 0xe6, 0x00, 0x00,
  0x00, 0x00, 0x00, 0x00, 0x00, 0x00, 0x00, 0x00, 0x00, 0x00, 0x1d, 0x00,
  0x00, 0x1a, 0x00, 0xe5, 0x00, 0x1b, 0x00, 0x1c, 0x00, 0x00, 0x00, 0x00,
  0x00, 0xe3, 0x00, 0x00, 0x00, 0x00, 0xe5, 0x00, 0x00, 0xdf, 0xe3, 0x00,
  0x00, 0x1d, 0x00, 0x00, 0x00, 0x00, 0x00, 0x00, 0x00, 0x00, 0x00, 0xdf,
  0x00, 0x00, 0x00, 0x00, 0x00, 0x00, 0x00, 0x00, 0x00, 0x00, 0x00, 0x00,
  0x00, 0x00, 0x00, 0x00, 0x00, 0x00, 0x00, 0x00, 0x00, 0x00, 0x00, 0x00,
  0xe3, 0x00, 0xe2, 0x00, 0x00, 0x00, 0x00, 0xe2, 0x00, 0x1e, 0x00, 0x00,
  0x00, 0x00, 0x00, 0x00, 0xdf, 0x1a, 0xe2, 0x00, 0x00, 0x00, 0x00, 0x00,
  0x00, 0x00, 0x1a, 0x00, 0x00, 0x1d, 0x00, 0x00, 0x00, 0x3c, 0x00, 0x00,
  0x00, 0xcc, 0x00, 0x3c, 0x00, 0x00, 0x37, 0xe1, 0x00, 0x3b, 0x00, 0x00,
  0x39, 0x00, 0x00, 0x27, 0x00, 0x5a, 0x00, 0xd1, 0x00, 0x2a, 0x00, 0x00,
  0x37, 0xe5, 0x00, 0x00, 0xc7, 0x00, 0x00, 0xe0, 0x00, 0x00, 0xc6, 0x52,
  0x00, 0xf8, 0x00, 0x00, 0xce, 0x00, 0x00, 0xff, 0x00, 0x00, 0x00, 0x53,
  0x27, 0x00, 0x00, 0x00, 0x00, 0x00, 0x00, 0x0c, 0x00, 0x00, 0xe1, 0x00,
  0x2d, 0x00, 0x00, 0x00, 0xec, 0x00, 0x00, 0x08, 0x00, 0x00, 0xe2, 0x00,
  0x00, 0x00, 0x00, 0x00, 0xdd, 0x00, 0x00, 0x00, 0x00, 0x00, 0xe5, 0x00,
  0x00, 0x00, 0x00, 0x00, 0xed, 0x00, 0x00, 0x00, 0x00, 0x00, 0x00, 0x4b,
  0x00, 0x00, 0x00, 0x00, 0x00, 0x47, 0x00, 0x00, 0x00, 0x00, 0x00, 0x00,
  0x00, 0x00, 0x00, 0x00, 0x00, 0x00, 0x00, 0x55, 0x00, 0x00, 0xf0, 0x00,
  0x00, 0x00, 0x00, 0x00, 0xef, 0x47, 0x00, 0x00, 0x00, 0x00, 0xea, 0x00,
  0x20, 0x00, 0x00, 0x36, 0x00, 0x00, 0x00, 0x00, 0x00, 0x3e, 0x00, 0x00,
  0x00, 0x00, 0x00, 0x41, 0x00, 0x00, 0x00, 0x00, 0x00, 0x27, 0x00, 0x41,
  0x14, 0x00, 0x00, 0x00, 0x00, 0x00, 0x00, 0x00, 0x00, 0x00, 0x00, 0x00,
  0x00, 0x00, 0x00, 0x00, 0x00, 0x00, 0x00, 0x00, 0x00, 0x00, 0x00, 0x00,
  0x00, 0x00, 0x00, 0x00, 0x00, 0x00, 0x00, 0x00, 0x00, 0x00, 0x00, 0x00,
  0x00, 0x00, 0x00, 0x00, 0x00, 0x4c, 0x00, 0x00, 0x00, 0x00, 0x00, 0x41,
  0x00, 0x00, 0x00, 0x00, 0x00, 0x49, 0x00, 0x61, 0x00, 0x00, 0x00, 0x00,
  0x00, 0x00, 0x00, 0x00, 0x00, 0x00, 0x00, 0x00, 0x00, 0x00, 0x00, 0x00,
  0x00, 0x00, 0x00, 0x00, 0x00, 0x00, 0x00, 0x00, 0x00, 0x00, 0x00, 0x00,
  0x00, 0x39, 0x00, 0x00, 0xef, 0x00, 0x00, 0x00, 0x00, 0x00, 0xe4, 0x40,
  0xd1, 0x42, 0x00, 0x00, 0x00, 0x3a, 0x00, 0x00, 0x00, 0x00, 0x00, 0x44,
  0x00, 0x2a, 0x00, 0xf3, 0x00, 0x36, 0x00, 0x27, 0x00, 0x00, 0x00, 0x3d,
  0xe8, 0x2a, 0x00, 0x00, 0x00, 0x00, 0x00, 0x00, 0x00, 0x00, 0x00, 0x00,
  0x00, 0x1b, 0x00, 0x20, 0x00, 0x00, 0x00, 0x11, 0x00, 0x00, 0x00, 0x39,
  0x00, 0x12, 0x00, 0x1a, 0x00, 0x00, 0x00, 0x00, 0x00, 0x00, 0x00, 0x00,
  0x00, 0x06, 0x00, 0x00, 0x1f, 0x00, 0x00, 0x00, 0x00, 0x00, 0x00, 0x00,
  0x49, 0x00, 0xd9, 0x00, 0x00, 0x00, 0x00, 0x06, 0x00, 0x00, 0x00, 0x00,
  0x00, 0x00, 0x00, 0x00, 0x00, 0x33, 0x00, 0x0a, 0x00, 0x00, 0x00, 0x30,
  0x56, 0x00, 0x00, 0x00, 0x00, 0x00, 0x4f, 0x00, 0x00, 0x25, 0x00, 0x00,
  0x00, 0x00, 0x00, 0x00, 0x00, 0x00, 0x4b, 0x0a, 0x00, 0x00, 0x00, 0x00,
  0x00, 0x00, 0x00, 0x00, 0x00, 0x2e, 0x00, 0x00, 0x00, 0x00, 0x00, 0x00,
  0x00, 0x00, 0xdd, 0x00, 0x00, 0x00, 0x00, 0x00, 0xda, 0x00, 0x00, 0x40,
  0x00, 0x00, 0x00, 0x00, 0x00, 0x00, 0x00, 0x00, 0x00, 0x00, 0x00, 0x4b,
  0x00, 0x00, 0x00, 0x00, 0x00, 0x4d, 0x00, 0x00, 0x00, 0x00, 0x00, 0x00,
  0x00, 0x16, 0x00, 0x00, 0x00, 0x00, 0x00, 0x00, 0x00, 0x00, 0x00, 0x00,
  0x00, 0x00, 0x00, 0x00, 0x00, 0x52, 0x34, 0x00, 0x00, 0x00, 0x00, 0x00,
  0x00, 0x00, 0x00, 0x00, 0x00, 0x45, 0x37, 0x00, 0x00, 0x00, 0x00, 0x00,
  0x35, 0x00, 0x00, 0x00, 0x00, 0x00, 0x00, 0x00, 0x00, 0x00, 0x00, 0x62,
  0x3a, 0x00, 0x00, 0x00, 0x00, 0x4c, 0x00, 0x00, 0x00, 0x00, 0x00, 0x55,
  0x39, 0x00, 0x00, 0x00, 0x00, 0x4a, 0x37, 0x00, 0x00, 0x00, 0x00, 0x52,
  0x00, 0x00, 0x00, 0x46, 0x00, 0x3f, 0x00, 0x00, 0x00, 0x49, 0xe5, 0x00,
  0x00, 0x0a, 0x00, 0x46, 0xe0, 0x00, 0x49, 0x00, 0x00, 0x00, 0xde, 0x51,
  0x00, 0xfb, 0x00, 0x00, 0x00, 0x00, 0x00, 0x00, 0x00, 0x00, 0x00, 0x00,
  0x00, 0x00, 0x00, 0x00, 0x00, 0x36, 0x00, 0xf9, 0x00, 0x00, 0x00, 0x5b,
  0x5a, 0xfa, 0x00, 0x00, 0xd7, 0x00, 0x66, 0x00, 0x00, 0x00, 0xc5, 0x4f,
  0x00, 0x01, 0x00, 0x00, 0xd7, 0x00, 0x00, 0x00, 0x00, 0x00, 0xc5, 0x00,
  0x00, 0x0d, 0x00, 0x00, 0xca, 0x4f, 0x00, 0x07, 0x00, 0x00, 0xd2, 0x3c,
  0x00, 0x04, 0x00, 0x00, 0xd0, 0x3d, 0x00, 0x09, 0x00, 0x00, 0xd6, 0x45,
  0x00, 0x00, 0x00, 0x00, 0x00, 0x3c, 0x4c, 0x00, 0x00, 0x00, 0x00, 0x00,
  0x00, 0xe6, 0x00, 0xe6, 0x00, 0x00, 0x00, 0x00, 0x00, 0x00, 0x00, 0x1a,
  0x00, 0x00, 0x00, 0x00, 0x00, 0x00, 0x00, 0xe4, 0x00, 0x00, 0x00, 0x00,
  0x00, 0x00, 0x00, 0xe4, 0x1a, 0x00, 0x00, 0x00, 0x00, 0x00, 0x00, 0x00,
  0x00, 0x00, 0x00, 0x00, 0x00, 0x00, 0x00, 0x1c, 0x00, 0xdf, 0x00, 0x00,
  0x00, 0x00, 0x00, 0x1b, 0x00, 0x00, 0x00, 0xdf, 0x00, 0x00, 0x00, 0x00,
  0x00, 0xe4, 0x00, 0xdf, 0x00, 0xe5, 0x00, 0x00, 0x00, 0x00, 0x00, 0x00,
  0x00, 0xdf, 0x00, 0x00, 0xe4, 0x00, 0xe3, 0xe1, 0x00, 0x00, 0x00, 0x00,
  0xdf, 0x1c, 0x00, 0x00, 0x00, 0x00, 0x00, 0x00, 0xe7, 0x00, 0x00, 0x00,
  0x00, 0x00, 0x00, 0x00, 0x00, 0x00, 0x00, 0x1c, 0x00, 0x00, 0xe5, 0x00,
  0xe4, 0x00, 0x00, 0xde, 0x00, 0x00, 0x00, 0x00, 0x00, 0x00, 0x00, 0x00,
  0x00, 0x1b, 0x00, 0x00, 0x00, 0xe3, 0x00, 0x00, 0x00, 0x00, 0xe4, 0x00,
  0x1e, 0x00, 0x00, 0x1c, 0x00, 0x00, 0x00, 0x00, 0x00, 0x00, 0x00, 0x00,
  0x00, 0x00, 0x00, 0x00, 0xe0, 0xe0, 0x00, 0x00, 0xe2, 0x00, 0x00, 0x00,
  0x1c, 0x00, 0x00, 0x00, 0x00, 0x00, 0xe4, 0x00, 0x00, 0x00, 0x00, 0x00,
  0x00, 0x00, 0x00, 0x1b, 0xe2, 0xe0, 0x00, 0x1b, 0xe2, 0x00, 0x1b, 0x00,
  0x00, 0x00, 0x00, 0x00, 0x1a, 0x00, 0xe4, 0x00, 0x00, 0x00, 0x00, 0x00,
  0x00, 0x00, 0x00, 0x00, 0x00, 0x00, 0x00, 0x1d, 0x00, 0x00, 0x1e, 0x00,
  0xe4, 0xe1, 0x00, 0x00, 0x1d, 0x1e, 0x1e, 0x00, 0x00, 0x00, 0x00, 0xe3,
  0x00, 0x00, 0x00, 0x1b, 0x00, 0x00, 0x00, 0x00, 0x00, 0x1c, 0x00, 0x00,
  0x00, 0x00, 0x00, 0x00, 0x00, 0xe4, 0x00, 0x00, 0x00, 0x00, 0x00, 0x1c,
  0xe1, 0x00, 0x00, 0x00, 0xe0, 0x00, 0x00, 0x00, 0x00, 0x00, 0x1a, 0x00,
  0x00, 0x00, 0x00, 0x00, 0x00, 0x00, 0xe6, 0x00, 0x00, 0x1b, 0x00, 0x00,
  0x1b, 0x00, 0x00, 0x00, 0x00, 0x00, 0x00, 0x00, 0x00, 0xe0, 0x00, 0x00,
  0x1b, 0x00, 0x00, 0xdf, 0x1d, 0x1c, 0x00, 0x00, 0x00, 0x00, 0x00, 0x00,
  0x00, 0x00, 0xe3, 0xe6, 0x00, 0xdf, 0x00, 0xe1, 0x00, 0x00, 0x00, 0x00,
  0x00, 0x00, 0x00, 0x00, 0x00, 0x00, 0x00, 0x00, 0x00, 0x00, 0x00, 0x00,
  0x00, 0x00, 0x00, 0x00, 0x00, 0x00, 0x00, 0x00, 0xe0, 0x00, 0x00, 0x00,
  0x00, 0x00, 0x00, 0x1b, 0x00, 0x00, 0x00, 0x00, 0x00, 0x00, 0x00, 0x00,
  0x00, 0x00, 0x00, 0x00, 0x00, 0x00, 0xe7, 0x00, 0xe5, 0x00, 0xe3, 0x00,
  0x1a, 0x00, 0x00, 0x00, 0x00, 0x00, 0xe5, 0x00, 0x00, 0x00, 0x00, 0x00,
  0x00, 0x00, 0x00, 0x00, 0x1c, 0x00, 0xe3, 0x00, 0x00, 0x00, 0x00, 0x00,
  0x00, 0x00, 0x00, 0x00, 0x00, 0x00, 0x00, 0x00, 0xe0, 0x00, 0xe5, 0x00,
  0x00, 0x00, 0x00, 0x00, 0xe0, 0x00, 0x00, 0x1b, 0x00, 0x00, 0x00, 0x00,
  0x00, 0x00, 0xe6, 0x00, 0x00, 0x1b, 0x00, 0x00, 0xe2, 0x00, 0x00, 0xe4,
  0x1c, 0x00, 0x00, 0xe1, 0x00, 0x1e, 0x00, 0x00, 0x00, 0x00, 0x00, 0x00,
  0x00, 0x00, 0x00, 0x00, 0x00, 0x1a, 0x00, 0x00, 0x1b, 0x1b, 0x00, 0x00,
  0x00, 0x00, 0x00, 0x00, 0xe5, 0x00, 0x00, 0x00, 0x00, 0x00, 0x00, 0x00,
  0xdf, 0x00, 0x00, 0x00, 0x00, 0x00, 0x00, 0x00, 0xe5, 0x00, 0xe3, 0x00,
  0x00, 0x00, 0x00, 0x00, 0x00, 0x00, 0x00, 0x00, 0x00, 0x00, 0xe6, 0x00,
  0x00, 0x00, 0xe2, 0xe2, 0x00, 0x00, 0xe0, 0x00, 0xe1, 0x00, 0x00, 0x00,
  0x00, 0x00, 0x00, 0x00, 0xe3, 0xde, 0x00, 0x00, 0x00, 0xe6, 0x00, 0x00,
  0x00, 0x00, 0x00, 0x00, 0x00, 0x00, 0xe0, 0x00, 0x00, 0x00, 0x1c, 0x00,
  0x00, 0x00, 0x00, 0x00, 0x00, 0x00, 0x00, 0x1a, 0x00, 0x00, 0x00, 0x00,
  0x00, 0x00, 0x00, 0x00, 0x1a, 0x1a, 0x00, 0x00, 0x00, 0x00, 0x00, 0xe2,
  0x00, 0x00, 0x00, 0x00, 0x00, 0x00, 0x00, 0x1a, 0x00, 0x1c, 0x1d, 0x1d,
  0x00, 0x00, 0x00, 0x00, 0x00, 0x1c, 0x00, 0x00, 0x00, 0x00, 0x00, 0x00,
  0x00, 0x00, 0x00, 0x00, 0x00, 0x00, 0x00, 0x00, 0x00, 0xe4, 0xde, 0x00,
  0x00, 0x00, 0x00, 0x00, 0x00, 0x00, 0xe6, 0x00, 0x00, 0x00, 0x00, 0x19,
  0x00, 0x00, 0xe5, 0xe1, 0x00, 0x00, 0x00, 0x00, 0x00, 0x00, 0x00, 0x00,
  0xe0, 0x00, 0x00, 0x00, 0xdf, 0xe4, 0xe1, 0x00, 0x00, 0x00, 0xc7, 0x00,
  0x00, 0xe0, 0x00, 0x00, 0xdc, 0x00, 0x00, 0xd3, 0x00, 0x00, 0xc7, 0x00,
  0x00, 0x00, 0x00, 0x1a, 0xc9, 0xe0, 0x00, 0x00, 0x00, 0x00, 0xd2, 0x00,
  0x00, 0x00, 0x00, 0x00, 0xda, 0x00, 0x00, 0x00, 0x00, 0x00, 0x00, 0x00,
  0x2a, 0x00, 0x00, 0x00, 0x00, 0x00, 0x00, 0x00, 0x00, 0x00, 0x00, 0x00,
  0x28, 0x00, 0x00, 0x00, 0x00, 0xe1, 0x24, 0xd8, 0x00, 0x00, 0x00, 0x00,
  0x00, 0xd8, 0x00, 0x00, 0xe0, 0x00, 0x00, 0xdd, 0x00, 0x00, 0x00, 0x00,
  0x00, 0x00, 0x00, 0x00, 0xd9, 0x00, 0x00, 0x1c, 0x00, 0x00, 0xd6, 0x00,
  0x00, 0x00, 0x00, 0x00, 0x00, 0xdf, 0x00, 0x00, 0x00, 0x00, 0xdf, 0x00,
  0xd0, 0x00, 0x00, 0x00, 0x00, 0x00, 0x00, 0x00, 0x00, 0x00, 0x00, 0x00,
  0x00, 0x00, 0x00, 0x00, 0x00, 0x00, 0x00, 0x00, 0x00, 0x00, 0x00, 0x00,
  0xd4, 0x00, 0x00, 0x00, 0x00, 0x00, 0x00, 0x1b, 0x00, 0x00, 0x00, 0x00,
  0xd7, 0x00, 0x00, 0x00, 0x00, 0x1e, 0x00, 0x00, 0x00, 0x00, 0x00, 0x00,
  0x00, 0x00, 0x00, 0x00, 0x00, 0x00, 0x00, 0x00, 0x00, 0x00, 0x00, 0x1f,
  0xc7, 0x00, 0x00, 0x00, 0x00, 0x00, 0xdd, 0x00, 0x00, 0x00, 0x00, 0x00,
  0x00, 0x00, 0x00, 0x00, 0x00, 0x00, 0xb9, 0xd8, 0x00, 0x00, 0x00, 0x00,
  0x00, 0x00, 0x00, 0x00, 0x00, 0x00, 0xcd, 0xd5, 0x00, 0xdc, 0x00, 0x00,
  0xd6, 0xcd, 0x00, 0xd4, 0x00, 0x00, 0xda, 0xe1, 0x00, 0x00, 0x00, 0x00,
  0xcc, 0xdd, 0x00, 0xda, 0x1a, 0x00, 0xd9, 0x00, 0x00, 0x00, 0x00, 0x00,
  0x00, 0x00, 0x00, 0x00, 0x00, 0x00, 0x00, 0xdd, 0x00, 0x00, 0x00, 0xda,
  0x00, 0xe1, 0x00, 0x22, 0x00, 0x00, 0x00, 0x00, 0x00, 0x00, 0x00, 0x00,
  0xe0, 0x00, 0x00, 0x00, 0x00, 0x00, 0x00, 0x00, 0x00, 0x00, 0x00, 0xd0,
  0x24, 0x00, 0x00, 0xd8, 0x00, 0x00, 0x00, 0x00, 0x00, 0xdc, 0x1f, 0xc1,
  0x00, 0x00, 0x00, 0xde, 0x24, 0x00, 0x00, 0xbd, 0x00, 0x00, 0x00, 0xe1,
  0x00, 0xd2, 0x00, 0x00, 0x00, 0x00, 0x00, 0xb6, 0x00, 0x00, 0x00, 0xd9,
  0x00, 0x00, 0x00, 0x00, 0x00, 0xc2, 0x00, 0x00, 0x00, 0x00, 0x00, 0x00,
  0x24, 0x00, 0x00, 0x00, 0x00, 0xce, 0x00, 0xd4, 0x00, 0x00, 0x00, 0xd1,
  0x00, 0x00, 0x00, 0x00, 0x00, 0xc5, 0x1e, 0x00, 0x00, 0xce, 0x00, 0x00,
  0x00, 0x00, 0x00, 0xba, 0x00, 0x00, 0x00, 0xe1, 0x00, 0xc3, 0x00, 0x00,
  0x00, 0x00, 0x00, 0xc1, 0x00, 0xc9, 0x00, 0x00, 0x00, 0x00, 0x00, 0x00,
  0x00, 0xd2, 0x00, 0x00, 0x00, 0xdc, 0xdd, 0x00, 0x00, 0x00, 0x00, 0x00,
  0xd8, 0x00, 0x00, 0x27, 0xdb, 0x00, 0x00, 0x00, 0x00, 0x2c, 0xd8, 0x00,
  0x00, 0x00, 0x00, 0x23, 0xe1, 0x00, 0x00, 0x00, 0x00, 0x00, 0xde, 0x00,
  0xd2, 0x00, 0x00, 0x00, 0xdd, 0x00, 0xdc, 0x00, 0x00, 0x00, 0xdf, 0x00,
  0x00, 0x00, 0x00, 0xdf, 0xe0, 0x00, 0x00, 0xdf, 0x00, 0xd9, 0xdd, 0x00,
  0xd6, 0x00, 0x00, 0xd7, 0xd4, 0x00, 0xdf, 0x00, 0x00, 0x00, 0xe1, 0x00,
  0xd2, 0x00, 0x00, 0x00, 0x00, 0x00, 0x00, 0x22, 0x00, 0x00, 0xde, 0xd8,
  0xe1, 0x00, 0x00, 0x00, 0x00, 0x00, 0xdd, 0x24, 0x00, 0x1c, 0xd5, 0x00,
  0x00, 0x00, 0x00, 0x1d, 0xce, 0x00, 0xd7, 0x23, 0x00, 0x00, 0xd6, 0x00,
  0xd4, 0x00, 0x00, 0x00, 0xde, 0xde, 0xce, 0x1a, 0x00, 0x00, 0x00, 0x00,
  0x00, 0x00, 0x00, 0x00, 0x00, 0x00, 0x00, 0x00, 0x00, 0x00, 0x00, 0x00,
  0x00, 0x00, 0x00, 0x00, 0x00, 0x00, 0x00, 0x00, 0x00, 0xe0, 0x00, 0x00,
  0x00, 0x00, 0x00, 0x00, 0x00, 0x00, 0x00, 0x1b, 0x00, 0x00, 0x00, 0x00,
  0x00, 0x00, 0x00, 0x1c, 0x00, 0x00, 0x25, 0x00, 0x00, 0x28, 0x00, 0x00,
  0x00, 0x00, 0x00, 0x34, 0x00, 0x00, 0x00, 0x00, 0x00, 0x1c, 0x00, 0xe2,
  0x00, 0x00, 0x00, 0x20, 0x00, 0x00, 0x00, 0x00, 0x00, 0x00, 0x00, 0x00,
  0x00, 0xdc, 0x00, 0x00, 0x00, 0x25, 0x00, 0x00, 0x00, 0xe0, 0x00, 0x22,
  0x1c, 0xc6, 0x00, 0xe1, 0x00, 0x00, 0x29, 0x00, 0x00, 0x00, 0x00, 0x23,
  0x26, 0xc1, 0x00, 0x00, 0x00, 0x00, 0x00, 0x00, 0x00, 0x00, 0x00, 0x00,
  0x00, 0xda, 0x00, 0x2c, 0x00, 0x00, 0x00, 0xd5, 0x00, 0x3e, 0x00, 0x24,
  0x00, 0x00, 0x00, 0x3c, 0x00, 0x00, 0x20, 0xc2, 0x00, 0x00, 0x00, 0x00,
  0x00, 0x00, 0x00, 0x00, 0x00, 0x00, 0x00, 0xe5, 0x00, 0x00, 0x00, 0x00,
  0x00, 0x00, 0x00, 0x00, 0x1e, 0x00, 0xe5, 0x00, 0x00, 0x00, 0x00, 0x00,
  0x1a, 0x00, 0x00, 0xe5, 0x00, 0x00, 0xe6, 0x00, 0x00, 0x00, 0x00, 0x00,
  0x00, 0x00, 0x00, 0x00, 0x00, 0xe2, 0x00, 0x00, 0x00, 0x1d, 0x00, 0x00,
  0x00, 0x1d, 0x00, 0x00, 0x00, 0xe4, 0x00, 0x00, 0xe4, 0x00, 0x00, 0x00,
  0x00, 0x00, 0x00, 0x00, 0xe1, 0x00, 0x00, 0x00, 0x00, 0x00, 0x00, 0x00,
  0xe3, 0xe5, 0x00, 0x00, 0x00, 0x00, 0x00, 0xe0, 0x00, 0x00, 0x00, 0x00,
  0x00, 0x00, 0x00, 0xe6, 0x00, 0x00, 0x00, 0x00, 0x00, 0x00, 0xe5, 0x00,
  0x00, 0xe6, 0xe6, 0x00, 0xe4, 0x00, 0x00, 0xe3, 0x00, 0x00, 0x00, 0x00,
  0x00, 0x00, 0x00, 0x00, 0x00, 0x00, 0x00, 0xe3, 0x00, 0x1b, 0x1f, 0x00,
  0x00, 0xdf, 0x00, 0x00, 0x00, 0x00, 0x1c, 0x00, 0x1a, 0x1d, 0x1f, 0x00,
  0x00, 0x00, 0x1b, 0x00, 0x00, 0x00, 0xe3, 0x00, 0x00, 0x00, 0x00, 0x00,
  0x00, 0x00, 0x00, 0x00, 0x00, 0x00, 0x00, 0xe1, 0x1b, 0x19, 0x00, 0xe5,
  0x00, 0x00, 0x00, 0xe0, 0x00, 0x00, 0x00, 0x00, 0x00, 0x00, 0x00, 0x00,
  0x00, 0x00, 0x00, 0x00, 0x1e, 0xe5, 0xe4, 0x00, 0xe2, 0x00, 0x00, 0x00,
  0x00, 0x00, 0x1a, 0x00, 0x00, 0xe1, 0x00, 0x00, 0x1d, 0x00, 0x00, 0x00,
  0x00, 0x00, 0x00, 0x00, 0x00, 0x00, 0x00, 0x00, 0x00, 0x00, 0x00, 0x00,
  0x00, 0x00, 0x00, 0x00, 0x00, 0x00, 0x00, 0x00, 0xe6, 0xe6, 0xe4, 0x00,
  0x00, 0x00, 0x00, 0x00, 0x00, 0xe3, 0x00, 0xe5, 0x00, 0x00, 0x00, 0x00,
  0xe1, 0x00, 0x00, 0x00, 0xdf, 0x00, 0x00, 0x00, 0x00, 0x00, 0x00, 0x00,
  0x00, 0x00, 0x00, 0x00, 0x00, 0x1a, 0x00, 0x00, 0x00, 0xe1, 0x00, 0x00,
  0x00, 0x00, 0x00, 0x00, 0x00, 0x00, 0x00, 0x00, 0x00, 0x00, 0xe5, 0x00,
  0x00, 0x00, 0x00, 0x00, 0x00, 0x00, 0x00, 0x00, 0x00, 0x00, 0x00, 0x00,
  0x00, 0x00, 0x00, 0x00, 0x00, 0x00, 0x00, 0x00, 0x1c, 0x00, 0x00, 0x00,
  0x00, 0x00, 0x00, 0x00, 0x00, 0xe1, 0x00, 0x00, 0xe1, 0x00, 0x00, 0x00,
  0x00, 0x00, 0x1a, 0x00, 0xe0, 0x00, 0x00, 0x1c, 0x00, 0x00, 0x00, 0x00,
  0x00, 0x00, 0x00, 0x00, 0x00, 0x00, 0x00, 0x00, 0x00, 0x00, 0x00, 0xe3,
  0x00, 0x00, 0x00, 0xe6, 0x00, 0x00, 0x1e, 0x1a, 0x1f, 0x00, 0x00, 0x00,
  0x00, 0x00, 0x1d, 0x1b, 0x00, 0x00, 0x00, 0x00, 0x1e, 0x00, 0x00, 0x00,
  0x00, 0x00, 0x00, 0xe3, 0xe5, 0x00, 0xe5, 0x00, 0x00, 0x00, 0x00, 0x00,
  0xe4, 0x00, 0x00, 0x00, 0x00, 0x00, 0x00, 0x00, 0x00, 0x00, 0x00, 0x00,
  0x00, 0x1a, 0x00, 0x00, 0x00, 0x00, 0x00, 0x00, 0x00, 0x00, 0x00, 0x00,
  0x00, 0x00, 0x00, 0x00, 0x00, 0x00, 0x00, 0x00, 0x00, 0x00, 0xe0, 0x1e,
  0x00, 0x00, 0x1e, 0x00, 0x00, 0x00, 0x00, 0x00, 0x1a, 0x00, 0x00, 0x00,
  0x1a, 0x1e, 0x00, 0x00, 0x00, 0x1c, 0x00, 0x1d, 0x00, 0x00, 0x00, 0x00,
  0xde, 0xe3, 0x00, 0x00, 0x00, 0x00, 0x1d, 0x00, 0x00, 0xe2, 0x00, 0x00,
  0xdf, 0x00, 0xe3, 0xdf, 0x00, 0x00, 0xe5, 0x00, 0x00, 0x00, 0x00, 0x00,
  0xe6, 0x00, 0x00, 0x00, 0x00, 0x00, 0x1b, 0xe3, 0x00, 0x00, 0x00, 0x00,
  0x00, 0x00, 0x00, 0x00, 0x00, 0x00, 0x00, 0x00, 0x00, 0x00, 0xe2, 0x00,
  0x00, 0x00, 0x00, 0xe3, 0x00, 0xe0, 0x00, 0x00, 0x00, 0x00, 0x00, 0x00,
  0x00, 0x00, 0x00, 0xe2, 0xe6, 0x00, 0x1b, 0x00, 0x00, 0x00, 0x00, 0x00,
  0x00, 0x00, 0x00, 0xdf, 0x00, 0x00, 0x00, 0x00, 0x00, 0x00, 0x00, 0x00,
  0x00, 0x1a, 0x1f, 0x00, 0x00, 0xe1, 0x00, 0x00, 0x00, 0x00, 0xe4, 0x00,
  0x00, 0x00, 0x00, 0x00, 0x00, 0x00, 0x00, 0x00, 0xe0, 0xe5, 0x1b, 0x00,
  0x00, 0x00, 0x00, 0x00, 0x00, 0xe1, 0x00, 0x00, 0x00, 0xdf, 0x1b, 0x00,
  0x00, 0x00, 0x00, 0xe0, 0x00, 0x00, 0x00, 0x00, 0x00, 0x00, 0xe5, 0x00,
  0x1d, 0xe3, 0x00, 0x00, 0xdf, 0x00, 0x00, 0x00, 0x00, 0x1c, 0x00, 0x1b,
  0xe1, 0xe6, 0x00, 0x00, 0x00, 0xe4, 0x00, 0xe7, 0x00, 0x00, 0x00, 0x00,
  0x00, 0x00, 0x00, 0x00, 0x00, 0x00, 0x00, 0x00, 0x00, 0x1a, 0x1b, 0x00,
  0xe5, 0x00, 0x00, 0xe2, 0x00, 0x00, 0xe1, 0x00, 0x00, 0x00, 0x00, 0x00,
  0x00, 0x00, 0x00, 0x00, 0x00, 0x3e, 0x00, 0x00, 0x00, 0x00, 0x00, 0x00,
  0x00, 0x00, 0x00, 0x00, 0x14, 0xfd, 0x00, 0xf4, 0x00, 0x00, 0x00, 0x00,
  0x46, 0x00, 0x00, 0xbe, 0x00, 0x37, 0x00, 0x00, 0x00, 0xbe, 0x00, 0x00,
  0x00, 0xf8, 0x00, 0x00, 0x00, 0x00, 0x00, 0xf8, 0x00, 0x00, 0x00, 0xfa,
  0x00, 0x00, 0x2e, 0x00, 0x00, 0x36, 0x46, 0x00, 0x00, 0x00, 0x00, 0x00,
  0x00, 0x00, 0x00, 0xcd, 0x00, 0x32, 0x00, 0x00, 0x00, 0x00, 0x00, 0x00,
  0x00, 0x00, 0x00, 0x00, 0x00, 0x34, 0x40, 0x00, 0x00, 0x00, 0x00, 0x00,
  0x00, 0x03, 0x00, 0x00, 0x00, 0x00, 0x00, 0x00, 0x00, 0xb1, 0x00, 0x2f,
  0x00, 0x00, 0x00, 0x00, 0x00, 0x00, 0x00, 0x00, 0x00, 0x00, 0x00, 0x34,
  0x00, 0x12, 0x00, 0x00, 0x00, 0x00, 0x00, 0x00, 0x00, 0x00, 0x00, 0x00,
  0x00, 0x16, 0x38, 0xb0, 0xd7, 0x00, 0x00, 0x00, 0x00, 0xc4, 0xce, 0x00,
  0x00, 0x10, 0x00, 0xbd, 0x00, 0x2f, 0x00, 0x13, 0x00, 0x00, 0x00, 0x00,
  0x1d, 0x00, 0x00, 0x00, 0x00, 0x34, 0x0f, 0x00, 0x34, 0x00, 0xdc, 0x00,
  0x00, 0x00, 0x00, 0x00, 0xd9, 0x00, 0x13, 0x00, 0x00, 0x00, 0x00, 0x00,
  0x00, 0x00, 0x00, 0x00, 0x00, 0x00, 0x00, 0x00, 0x00, 0x00, 0x00, 0x00,
  0x00, 0x00, 0x37, 0x00, 0x00, 0x3a, 0x00, 0x00, 0x00, 0x00, 0x00, 0x00,
  0x16, 0x00, 0x33, 0xb1, 0x00, 0x00, 0x00, 0x20, 0x00, 0xc7, 0x00, 0x00,
  0x00, 0x1e, 0x00, 0xce, 0x00, 0x00, 0x00, 0x12, 0x00, 0x00, 0x00, 0x00,
  0x00, 0x00, 0x00, 0x00, 0x00, 0x00, 0x00, 0x00, 0x00, 0xbb, 0x00, 0x00,
  0x00, 0x00, 0x00, 0x00, 0x00, 0x00, 0x00, 0x00, 0x3a, 0x00, 0x00, 0x00,
  0x00, 0x00, 0x00, 0x00, 0x00, 0x00, 0x00, 0x00, 0x34, 0x00, 0x00, 0x00,
  0x00, 0x00, 0x33, 0xb9, 0x21, 0x00, 0x00, 0x00, 0x00, 0x00, 0x00, 0x00,
  0x00, 0x00, 0x39, 0x00, 0x00, 0x29, 0x00, 0xfe, 0x3b, 0x00, 0x21, 0x00,
  0x00, 0x00, 0x36, 0xd3, 0x00, 0x00, 0x2b, 0xfd, 0x38, 0x00, 0x00, 0x27,
  0x2a, 0x00, 0x00, 0x00, 0x00, 0x00, 0x34, 0x00, 0x00, 0x00, 0x00, 0x00,
  0x00, 0x00, 0x00, 0x00, 0x00, 0x00, 0x27, 0x00, 0x00, 0x00, 0xda, 0xeb,
  0x00, 0x00, 0x00, 0x00, 0x00, 0x00, 0x00, 0x00, 0x00, 0x00, 0x00, 0x00,
  0x00, 0x00, 0x00, 0xb9, 0xd1, 0x00, 0x2d, 0x00, 0x00, 0xb1, 0x00, 0x00,
  0x38, 0x00, 0x00, 0x00, 0x00, 0x00, 0x00, 0x00, 0x00, 0x00, 0xda, 0x00,
  0x00, 0x00, 0x00, 0x00, 0x00, 0x00, 0x00, 0x00, 0x00, 0x00, 0xd9, 0x00,
  0x00, 0x00, 0x00, 0x00, 0x00, 0x22, 0x00, 0x00, 0x00, 0x00, 0x00, 0x00,
  0x00, 0xff, 0x00, 0x00, 0x00, 0x00, 0x00, 0x00, 0x00, 0x00, 0x00, 0x00,
  0x00, 0x00, 0x00, 0x00, 0x00, 0x00, 0x00, 0x00, 0x00, 0x00, 0x00, 0x00,
  0x00, 0x00, 0x00, 0xb2, 0xdb, 0xe7, 0x28, 0x00, 0x00, 0x00, 0x00, 0x00,
  0x00, 0x00, 0x00, 0x00, 0x00, 0x22, 0x00, 0x00, 0x00, 0x00, 0x00, 0x00,
  0x00, 0x00, 0x00, 0x00, 0x00, 0x00, 0x25, 0x00, 0x00, 0xc8, 0x00, 0x00,
  0x00, 0x0b, 0x00, 0x00, 0x00, 0x00, 0x2c, 0x00, 0x00, 0x00, 0x00, 0x00,
  0x00, 0x00, 0x38, 0x00, 0x00, 0x00, 0x00, 0x00, 0x00, 0x00, 0x0d, 0x00,
  0x00, 0x00, 0x00, 0x00, 0x00, 0x00, 0x00, 0x00, 0x00, 0x00, 0x00, 0x00,
  0x1f, 0x00, 0x00, 0x00, 0x00, 0x00, 0x00, 0x00, 0x00, 0x00, 0x00, 0x00,
  0x00, 0x00, 0x00, 0x00, 0x00, 0x00, 0x1f, 0x00, 0x00, 0x00, 0x00, 0x00,
  0x00, 0x13, 0x00, 0x00, 0x00, 0x00, 0x26, 0x00, 0x00, 0x00, 0xd8, 0x1d,
  0x00, 0x00, 0x2c, 0xcd, 0x00, 0x00, 0x1d, 0x00, 0x00, 0x00, 0x00, 0x00,
  0x00, 0x00, 0x31, 0x00, 0x00, 0x00, 0x00, 0x00, 0x00, 0x00, 0x00, 0x00,
  0x00, 0x00, 0x00, 0x00, 0x00, 0x27, 0x00, 0x00, 0x00, 0x00, 0x00, 0x00,
  0x00, 0x00, 0x00, 0xc0, 0x00, 0x26, 0x00, 0x00, 0x00, 0x00, 0x00, 0x00,
  0x00, 0x00, 0x00, 0x00, 0x00, 0x00, 0x00, 0x00, 0x00, 0xce, 0x00, 0x00,
  0x00, 0x00, 0x00, 0x00, 0x00, 0x00, 0x25, 0x00, 0x00, 0x00, 0x00, 0x00,
  0x00, 0x00, 0x00, 0xc2, 0x00, 0x23, 0x00, 0x00, 0x00, 0x00, 0x00, 0x00,
  0x00, 0x00, 0x00, 0x00, 0x00, 0x00, 0x00, 0x00, 0x00, 0x00, 0x00, 0x00,
  0x00, 0x00, 0x1d, 0x00, 0x00, 0x1d, 0x00, 0x00, 0x00, 0x1e, 0x00, 0x00,
  0x00, 0x00, 0x00, 0x00, 0x00, 0x00, 0x00, 0x00, 0x00, 0x00, 0x00, 0x1e,
  0x00, 0x00, 0xe0, 0x00, 0x00, 0x00, 0x00, 0xe1, 0xe7, 0x00, 0x00, 0x00,
  0x00, 0x00, 0x00, 0x00, 0x1b, 0x1c, 0x00, 0x00, 0x00, 0x20, 0x00, 0x20,
  0x00, 0x00, 0x00, 0x00, 0x00, 0x00, 0x00, 0x1f, 0x00, 0x00, 0x00, 0x00,
  0x00, 0x00, 0x00, 0x00, 0x00, 0x00, 0x00, 0x00, 0x00, 0x00, 0xe1, 0x00,
  0x00, 0x00, 0x00, 0x00, 0xe3, 0x00, 0xe6, 0x00, 0x00, 0x00, 0x00, 0x00,
  0x00, 0xe2, 0x00, 0x00, 0x00, 0x00, 0xe0, 0x00, 0x00, 0x1a, 0x00, 0x00,
  0x00, 0xe2, 0x00, 0x1a, 0x00, 0x00, 0x00, 0x00, 0xe4, 0x1a, 0x00, 0x00,
  0x1d, 0x00, 0x00, 0x00, 0x00, 0x00, 0xe4, 0x00, 0x00, 0x00, 0xe4, 0x00,
  0x00, 0xe2, 0x00, 0x00, 0x00, 0x00, 0x00, 0x00, 0x00, 0x00, 0x00, 0x00,
  0x00, 0x00, 0x00, 0x00, 0x00, 0x00, 0x00, 0x00, 0x00, 0x1d, 0x00, 0x00,
  0x00, 0x00, 0x00, 0x00, 0x00, 0x00, 0x1c, 0x00, 0xe0, 0x00, 0x00, 0x00,
  0x00, 0x00, 0x00, 0x00, 0x00, 0xe5, 0x1b, 0x00, 0x00, 0x1d, 0x00, 0xe4,
  0x00, 0x00, 0x00, 0x00, 0x00, 0x00, 0x00, 0x00, 0x00, 0x00, 0x00, 0x00,
  0x00, 0x00, 0x00, 0x00, 0x00, 0x00, 0x00, 0x00, 0x00, 0x00, 0x00, 0x00,
  0x00, 0x00, 0x00, 0x00, 0x00, 0x00, 0xe1, 0xe6, 0x00, 0x00, 0x00, 0x00,
  0x00, 0x00, 0x00, 0x00, 0x00, 0xe2, 0x00, 0x00, 0x00, 0x00, 0x1f, 0x00,
  0xe0, 0x00, 0x00, 0x00, 0x1c, 0x00, 0x00, 0xe2, 0x00, 0x00, 0xe5, 0x00,
  0x20, 0x00, 0x00, 0x1a, 0x00, 0x00, 0x00, 0x00, 0x00, 0x00, 0x00, 0x00,
  0x00, 0x00, 0x00, 0x00, 0xe5, 0x00, 0x00, 0x00, 0x00, 0x00, 0x00, 0x00,
  0x00, 0x00, 0x00, 0x00, 0x00, 0x00, 0x00, 0x00, 0xe1, 0x00, 0x00, 0x00,
  0x1a, 0x00, 0x00, 0x00, 0x00, 0x00, 0x00, 0x1f, 0x00, 0x00, 0x00, 0x00,
  0xe1, 0x00, 0x00, 0x00, 0x00, 0x00, 0x00, 0x00, 0x00, 0x1d, 0xe2, 0x00,
  0x00, 0x00, 0x00, 0xe1, 0x00, 0x00, 0x00, 0x00, 0x00, 0x00, 0x00, 0x00,
  0x00, 0x1f, 0x00, 0x00, 0xe5, 0x00, 0x00, 0xe1, 0xe3, 0x00, 0x00, 0x00,
  0x00, 0x00, 0x00, 0x00, 0x00, 0x1c, 0x00, 0x00, 0xe1, 0x00, 0x00, 0x00,
  0x20, 0x00, 0x00, 0x00, 0x00, 0x00, 0x00, 0x00, 0x20, 0xe1, 0x00, 0x00,
  0x00, 0x00, 0x00, 0xe3, 0xe1, 0x00, 0xe3, 0x00, 0xe6, 0x00, 0x00, 0x00,
  0x00, 0x00, 0xe2, 0x00, 0x00, 0x00, 0x00, 0x00, 0x00, 0xe4, 0x00, 0xe6,
  0x1b, 0x00, 0x00, 0x1f, 0x00, 0xe2, 0x00, 0x00, 0x00, 0x00, 0x00, 0x00,
  0x00, 0xe5, 0x00, 0x00, 0x00, 0x00, 0x00, 0x00, 0x00, 0x20, 0xe7, 0x00,
  0x1d, 0x00, 0x00, 0x00, 0xe1, 0x00, 0x00, 0x00, 0x00, 0x00, 0x00, 0x00,
  0x00, 0x00, 0x00, 0x00, 0x00, 0x00, 0x00, 0x00, 0x00, 0x00, 0x00, 0xe1,
  0xe2, 0x20, 0x00, 0x00, 0x00, 0x00, 0x1a, 0x00, 0x00, 0x1f, 0x00, 0x00,
  0x00, 0x00, 0x00, 0x00, 0x00, 0x00, 0xe0, 0x00, 0x00, 0x00, 0x00, 0x00,
  0x00, 0x00, 0x00, 0x00, 0x00, 0x00, 0x1f, 0x00, 0x00, 0x00, 0x00, 0x00,
  0x00, 0x20, 0xe6, 0x00, 0x00, 0x00, 0x00, 0x00, 0x00, 0x00, 0x00, 0x00,
  0x00, 0x00, 0x00, 0x00, 0xe5, 0x00, 0x00, 0x00, 0x00, 0x1d, 0xe6, 0x00,
  0x00, 0xe6, 0x00, 0x00, 0x1b, 0x00, 0x00, 0x00, 0x00, 0x00, 0x00, 0x00,
  0x00, 0x00, 0xe6, 0x00, 0x00, 0x00, 0x00, 0x00, 0xe0, 0x00, 0x00, 0x00,
  0x00, 0x1b, 0x00, 0x1f, 0x00, 0x00, 0x00, 0x00, 0x00, 0x00, 0x00, 0x1e,
  0x1b, 0x00, 0x00, 0x00, 0x00, 0x00, 0x00, 0x00, 0x00, 0x00, 0x00, 0x00,
  0x00, 0x00, 0xe3, 0x00, 0x00, 0x00, 0x00, 0x1e, 0x00, 0x00, 0x00, 0x00,
  0x00, 0xe3, 0x00, 0x1c, 0x00, 0x00, 0x00, 0x00, 0x00, 0x00, 0x00, 0x00,
  0x00, 0x00, 0x00, 0xe5, 0x00, 0x00, 0x00, 0x00, 0x00, 0x00, 0x00, 0x00,
  0x00, 0x00, 0x00, 0x1f, 0x00, 0x00, 0x00, 0xe3, 0x00, 0x00, 0xe2, 0x00,
  0x1a, 0x00, 0x00, 0x00, 0x00, 0x00, 0x00, 0x00, 0x00, 0x00, 0x20, 0x00,
  0x00, 0x00, 0x00, 0x00, 0x1d, 0x00, 0x00, 0xe6, 0x00, 0xe2, 0x00, 0x00,
  0x00, 0x00, 0xe2, 0xe1, 0x00, 0xe1, 0xe0, 0x00, 0x00, 0xe3, 0xe3, 0x00,
  0x00, 0x00, 0x00, 0x00, 0x00, 0x00, 0x00, 0x00, 0xe4, 0x00, 0x00, 0x00,
  0x00, 0x00, 0x00, 0x00, 0x00, 0x00, 0x00, 0x00, 0x00, 0x00, 0x00, 0x00,
  0xe1, 0x00, 0x00, 0x00, 0x00, 0xe0, 0x00, 0x00, 0xe3, 0xe0, 0x00, 0x00,
  0x00, 0x00, 0x00, 0x00, 0x00, 0x00, 0x00, 0x00, 0x00, 0x00, 0x00, 0x00,
  0x00, 0x00, 0x00, 0x00, 0x00, 0x00, 0xdd, 0x00, 0x00, 0x00, 0x00, 0x00,
  0x00, 0xdf, 0x00, 0xe0, 0x1b, 0x00, 0x00, 0xe6, 0x00, 0x00, 0x00, 0x00,
  0x00, 0x00, 0xe5, 0x00, 0x00, 0x00, 0x00, 0x00, 0x00, 0x00, 0x00, 0x00,
  0x00, 0x00, 0x00, 0x00, 0x00, 0x00, 0x00, 0x1b, 0x00, 0xe2, 0x00, 0xdc,
  0x00, 0xde, 0xe6, 0x00, 0x00, 0x00, 0x00, 0x00, 0x00, 0x00, 0x00, 0x00,
  0xe5, 0x00, 0xdd, 0x00, 0x00, 0x00, 0x00, 0xe3, 0x00, 0x00, 0x00, 0x00,
  0x00, 0xdf, 0xdb, 0xe6, 0x00, 0x00, 0x00, 0x00, 0x00, 0xe4, 0x00, 0x00,
  0xe5, 0x00, 0x00, 0x00, 0xdf, 0xe6, 0xe5, 0x00, 0x00, 0x00, 0x00, 0x1c,
  0x00, 0x00, 0x1a, 0x00, 0x00, 0x00, 0x00, 0xe0, 0x00, 0x00, 0x00, 0x00,
  0xe4, 0x00, 0x00, 0x00, 0x00, 0x00, 0x00, 0x00, 0x00, 0xe1, 0x00, 0x00,
  0x00, 0x00, 0xe3, 0x00, 0x00, 0x00, 0x00, 0x00, 0x00, 0xde, 0xdc, 0x00,
  0x00, 0x00, 0x00, 0x00, 0x00, 0x00, 0x00, 0x00, 0x00, 0x00, 0xdf, 0x00,
  0xe6, 0x00, 0x00, 0x00, 0x00, 0x00, 0x00, 0x00, 0x00, 0xdc, 0x00, 0xe3,
  0x00, 0x00, 0xe0, 0x00, 0xe4, 0x00, 0x1b, 0x00, 0x00, 0x00, 0x00, 0x1a,
  0x00, 0x00, 0x00, 0x00, 0x00, 0x00, 0x00, 0x00, 0x00, 0x00, 0x00, 0x00,
  0x00, 0x00, 0xe4, 0x00, 0x00, 0x00, 0x00, 0x00, 0xe4, 0x00, 0x00, 0x00,
  0x00, 0x00, 0x00, 0x00, 0x00, 0x00, 0x00, 0x00, 0xe3, 0x00, 0x00, 0x00,
  0x00, 0x00, 0x00, 0xe7, 0x00, 0xe2, 0x00, 0x00, 0x00, 0x00, 0xde, 0x00,
  0xe1, 0x1d, 0x00, 0x00, 0x00, 0x00, 0x00, 0xde, 0x00, 0xdf, 0x00, 0x1b,
  0xe5, 0x00, 0x00, 0x00, 0x00, 0x00, 0xe4, 0xe6, 0x00, 0x00, 0x1a, 0x00,
  0x00, 0x00, 0xdd, 0x00, 0x00, 0xde, 0x00, 0x00, 0x00, 0xe4, 0x00, 0x00,
  0x00, 0x00, 0x00, 0x00, 0x00, 0x00, 0x00, 0xe5, 0x00, 0x00, 0xde, 0x00,
  0x00, 0x00, 0x00, 0x00, 0x00, 0x00, 0xdf, 0x00, 0x00, 0x00, 0x00, 0x00,
  0x00, 0x00, 0x00, 0x00, 0xdd, 0xe3, 0x00, 0x00, 0x00, 0x00, 0x00, 0x00,
  0x00, 0x00, 0x00, 0x00, 0x00, 0x00, 0x00, 0xe5, 0x00, 0xe1, 0x00, 0x1c,
  0xe5, 0x00, 0x00, 0x00, 0x00, 0x00, 0x00, 0x00, 0x00, 0x00, 0x00, 0xdd,
  0x00, 0xe6, 0x00, 0xdc, 0x00, 0x00, 0xe1, 0x00, 0x00, 0x00, 0x00, 0x00,
  0x00, 0x00, 0x00, 0x00, 0x1b, 0x00, 0x00, 0x00, 0x00, 0x00, 0x00, 0x00,
  0x00, 0x00, 0x00, 0x00, 0x00, 0x00, 0x00, 0x00, 0x00, 0x00, 0x00, 0x00,
  0x00, 0x00, 0x00, 0x00, 0x00, 0x00, 0x1a, 0x00, 0x00, 0x00, 0xe5, 0x00,
  0x00, 0xe1, 0x00, 0x00, 0x00, 0x00, 0x00, 0xe0, 0x00, 0x00, 0x00, 0xe5,
  0x00, 0x1c, 0x00, 0x00, 0x00, 0x00, 0x00, 0x1b, 0xe1, 0x00, 0x00, 0x00,
  0x00, 0x00, 0xe2, 0x00, 0x00, 0x00, 0xe4, 0x00, 0x00, 0x00, 0xe2, 0x00,
  0x00, 0x00, 0x00, 0x00, 0x00, 0x00, 0x00, 0x00, 0x00, 0x00, 0x00, 0x00,
  0x00, 0x00, 0x00, 0x00, 0x1b, 0x00, 0x00, 0x00, 0x00, 0x1a, 0x00, 0x00,
  0x00, 0x00, 0x00, 0x00, 0x00, 0x1c, 0x00, 0xe6, 0x00, 0x00, 0x00, 0x00,
  0xdd, 0x00, 0x00, 0x00, 0xdc, 0xdf, 0x00, 0x00, 0xe1, 0x00, 0x1c, 0x00,
  0x00, 0x00, 0xe3, 0x1a, 0x00, 0xe4, 0x00, 0x00, 0x00, 0x00, 0x00, 0x00,
  0x00, 0x00, 0xdc, 0x00, 0x00, 0x00, 0x00, 0x00, 0x00, 0x00, 0x00, 0x00,
  0x00, 0x00, 0x00, 0x1a, 0x00, 0x00, 0x00, 0x00, 0x00, 0x00, 0x00, 0x00,
  0x00, 0x00, 0x00, 0x00, 0x00, 0x00, 0x00, 0x1a, 0xe5, 0x00, 0xe0, 0x00,
  0xdc, 0x00, 0x00, 0x00, 0x00, 0xde, 0x00, 0x00, 0x00, 0x00, 0x00, 0x00,
  0x00, 0x00, 0x00, 0x00, 0x00, 0x00, 0x00, 0xdd, 0x00, 0x00, 0xdc, 0x00,
  0xdd, 0x00, 0xe3, 0x00, 0x00, 0x00, 0x00, 0x00, 0x00, 0x00, 0x00, 0x00,
  0x00, 0x00, 0x00, 0x00, 0x00, 0xdc, 0x00, 0x00, 0x00, 0x00, 0x00, 0x00,
  0x00, 0x00, 0xe3, 0x00, 0x00, 0x00, 0x1b, 0x00, 0x00, 0x00, 0x00, 0x00,
  0x00, 0x00, 0x1e, 0x00, 0xe5, 0x00, 0x00, 0x1f, 0x00, 0x00, 0x1f, 0x00,
  0xe5, 0x00, 0x00, 0x00, 0xe6, 0x00, 0xe1, 0x00, 0x00, 0x00, 0x00, 0x00,
  0x00, 0x00, 0x00, 0x1d, 0x00, 0xe1, 0x00, 0x00, 0x00, 0x00, 0x00, 0x00,
  0x00, 0x00, 0x1b, 0x00, 0x00, 0x00, 0x00, 0x00, 0x00, 0x00, 0x00, 0x1d,
  0x1a, 0x00, 0x00, 0x00, 0x00, 0x00, 0x00, 0x00, 0x00, 0x1c, 0x00, 0x00,
  0x00, 0x00, 0xdf, 0x00, 0xe1, 0x00, 0x00, 0x00, 0x00, 0x00, 0x00, 0x00,
  0x00, 0x00, 0x00, 0x00, 0x00, 0x00, 0x00, 0x00, 0x00, 0x00, 0x00, 0x00,
  0x00, 0x00, 0x00, 0x00, 0x00, 0xe3, 0x00, 0x00, 0x00, 0x00, 0x1e, 0xe5,
  0x1a, 0x00, 0x00, 0x1e, 0x00, 0xe6, 0x00, 0x00, 0x00, 0xe5, 0xe1, 0x1c,
  0x00, 0x00, 0x00, 0x1f, 0x1e, 0x1b, 0x1b, 0x00, 0x00, 0x00, 0x00, 0xe5,
  0x00, 0x00, 0x00, 0x00, 0x00, 0x00, 0x00, 0x00, 0x00, 0x1e, 0x00, 0x00,
  0x00, 0x00, 0x00, 0x00, 0xe2, 0x00, 0x00, 0x1a, 0x00, 0x00, 0x00, 0x00,
  0x00, 0x00, 0x00, 0x00, 0x00, 0x00, 0x1a, 0x00, 0x00, 0x00, 0x00, 0x00,
  0x00, 0x00, 0x00, 0x00, 0xdf, 0xe2, 0x00, 0x00, 0xe3, 0x00, 0xe2, 0x00,
  0x00, 0x00, 0x00, 0x00, 0x00, 0xe1, 0x00, 0x00, 0x00, 0x00, 0xe0, 0x1e,
  0x00, 0x00, 0x1b, 0x00, 0x00, 0x00, 0x00, 0x00, 0x1c, 0x00, 0x00, 0x00,
  0x1f, 0x00, 0x00, 0x00, 0x00, 0xe5, 0x00, 0x00, 0x00, 0x00, 0x00, 0x00,
  0x00, 0x00, 0x00, 0x00, 0x00, 0x00, 0x00, 0x00, 0x00, 0xe1, 0x00, 0xe6,
  0xdf, 0xe5, 0x00, 0x00, 0x00, 0x00, 0x00, 0x00, 0x00, 0x00, 0x00, 0xe2,
  0x00, 0x00, 0x00, 0xe1, 0x00, 0x00, 0x00, 0xe5, 0x00, 0x00, 0x00, 0x1c,
  0x00, 0xe6, 0xe1, 0x00, 0x00, 0x00, 0x00, 0x00, 0x00, 0x00, 0xe5, 0x00,
  0x00, 0x00, 0x00, 0x00, 0x1d, 0x00, 0x00, 0x00, 0x00, 0x00, 0x00, 0x1e,
  0x00, 0x00, 0x00, 0x00, 0x00, 0xe5, 0x00, 0xe5, 0x00, 0x00, 0x00, 0x1b,
  0x00, 0x00, 0x00, 0x00, 0x00, 0x00, 0x00, 0x00, 0x00, 0x00, 0x00, 0x00,
  0x00, 0x00, 0x00, 0x00, 0xe4, 0x00, 0x00, 0xe3, 0xe4, 0x00, 0x00, 0x00,
  0xe4, 0x00, 0x00, 0x1b, 0xe6, 0x00, 0x00, 0x00, 0xe2, 0x00, 0x00, 0x00,
  0x00, 0x20, 0x00, 0x00, 0x00, 0x1f, 0x00, 0x00, 0x00, 0x00, 0x00, 0x00,
  0x00, 0x00, 0xe2, 0x00, 0x00, 0x00, 0x00, 0x00, 0x1e, 0x00, 0x00, 0x00,
  0x00, 0x00, 0x00, 0x00, 0x00, 0x00, 0x00, 0xe4, 0x00, 0x00, 0x00, 0xe1,
  0x00, 0x00, 0x00, 0x00, 0x00, 0x00, 0xdf, 0x00, 0x00, 0x00, 0xe4, 0x1e,
  0x00, 0x00, 0x1c, 0x00, 0x00, 0x00, 0x00, 0x00, 0x00, 0xe3, 0x00, 0x00,
  0xe4, 0x00, 0x00, 0x00, 0x00, 0x00, 0x00, 0x00, 0x00, 0xe6, 0x00, 0x00,
  0x00, 0x00, 0x00, 0x1f, 0x00, 0xe2, 0xe4, 0xe6, 0x00, 0x00, 0x00, 0x00,
  0xe5, 0x1c, 0x00, 0x00, 0x00, 0x00, 0x00, 0x00, 0x00, 0x00, 0xe3, 0x00,
  0x00, 0x00, 0x00, 0x00, 0x00, 0xe4, 0x00, 0x00, 0x00, 0x00, 0x00, 0x00,
  0xe5, 0x00, 0x1e, 0x00, 0x00, 0xe2, 0x00, 0x00, 0x00, 0x00, 0x00, 0x00,
  0x00, 0x00, 0x00, 0x00, 0x00, 0x00, 0x00, 0x00, 0x00, 0x00, 0x1e, 0x1e,
  0x00, 0x00, 0x00, 0x00, 0x00, 0x00, 0x00, 0x00, 0x00, 0x00, 0x00, 0x00,
  0x00, 0x00, 0x00, 0x00, 0x00, 0x00, 0x00, 0xe4, 0x00, 0x00, 0x00, 0x00,
  0x00, 0x00, 0x00, 0x00, 0x00, 0x00, 0x00, 0xe5, 0x00, 0x00, 0x00, 0x00,
  0x00, 0x00, 0x00, 0xe0, 0x00, 0x00, 0x00, 0x00, 0x00, 0x00, 0xe6, 0x00,
  0xe3, 0x00, 0x00, 0x00, 0x00, 0x00, 0x1c, 0x00, 0x00, 0x00, 0xe4, 0x00,
  0x00, 0x00, 0x00, 0x00, 0xdf, 0x00, 0xe6, 0x00, 0x00, 0xe6, 0x00, 0x00,
  0xdf, 0x00, 0x00, 0x00, 0x1d, 0x1a, 0x00, 0x1d, 0x00, 0x00, 0x00, 0x00,
  0x00, 0x00, 0x00, 0x00, 0x1e, 0x00, 0x00, 0x00, 0x00, 0x00, 0xe4, 0x00,
  0x00, 0xe0, 0x00, 0x00, 0x00, 0x00, 0x00, 0x00, 0x00, 0x00, 0x00, 0x1b,
  0x00, 0x00, 0x00, 0x00, 0x00, 0x00, 0x00, 0xe4, 0x00, 0x00, 0x00, 0x00,
  0x00, 0x00, 0x00, 0x00, 0xe3, 0xe5, 0x00, 0x00, 0x00, 0x00, 0x00, 0x00,
  0xe2, 0x00, 0x00, 0x00, 0xe0, 0x00, 0x00, 0x00, 0x00, 0x00, 0x00, 0x00,
  0xe4, 0x1f, 0x00, 0x1c, 0x00, 0xe2, 0x00, 0x00, 0x00, 0x00, 0x00, 0x00,
  0x00, 0x00, 0x00, 0x00, 0x00, 0x00, 0x00, 0xf8, 0x00, 0x00, 0x00, 0x00,
  0x00, 0x00, 0x00, 0x00, 0x00, 0xd5, 0xe8, 0x00, 0x00, 0x00, 0x00, 0x00,
  0xe9, 0x00, 0x00, 0x00, 0x20, 0x00, 0x00, 0x00, 0x00, 0x00, 0x26, 0x00,
  0x00, 0x00, 0x00, 0x2a, 0x2c, 0xca, 0x00, 0x00, 0x00, 0x39, 0x00, 0x00,
  0x00, 0xfb, 0x00, 0x36, 0x00, 0x00, 0x00, 0x00, 0x00, 0x3c, 0x00, 0x00,
  0x00, 0xf8, 0x00, 0x34, 0x00, 0x00, 0x00, 0x00, 0x00, 0x00, 0x00, 0xd7,
  0x00, 0x00, 0x00, 0x00, 0x14, 0x00, 0x00, 0x00, 0x00, 0x00, 0x1a, 0x00,
  0x29, 0x00, 0x00, 0x00, 0x20, 0xd6, 0x00, 0x00, 0x00, 0x00, 0x00, 0x00,
  0x20, 0x00, 0x00, 0x00, 0x00, 0x00, 0x00, 0x00, 0x00, 0x00, 0x00, 0x00,
  0x00, 0x00, 0x00, 0x00, 0x00, 0xdb, 0x00, 0x00, 0x00, 0x45, 0x00, 0x00,
  0x00, 0x00, 0x00, 0x3c, 0x00, 0x00, 0x00, 0x00, 0x00, 0x34, 0x00, 0xd9,
  0x00, 0x00, 0x00, 0x00, 0x00, 0x00, 0x00, 0x00, 0x00, 0x00, 0x00, 0xd7,
  0x00, 0x00, 0x00, 0x00, 0x00, 0x00, 0x00, 0x00, 0x00, 0x00, 0x00, 0xd3,
  0xfe, 0x00, 0x00, 0x00, 0x00, 0xd9, 0x00, 0x00, 0x00, 0x00, 0x00, 0xd4,
  0x00, 0x00, 0x00, 0x00, 0x00, 0xd2, 0x00, 0x00, 0x00, 0x00, 0x00, 0x00,
  0x02, 0x00, 0x00, 0x00, 0x00, 0x00, 0x00, 0x00, 0x00, 0x00, 0x00, 0x00,
  0x00, 0x1f, 0x00, 0x00, 0x00, 0x00, 0x00, 0x1a, 0x00, 0x00, 0x00, 0x00,
  0x00, 0x19, 0x00, 0x3e, 0x00, 0x00, 0x00, 0x00, 0x00, 0x4d, 0x00, 0xe2,
  0x00, 0x1c, 0x00, 0x52, 0x00, 0x00, 0x01, 0x00, 0x00, 0x4a, 0x00, 0x00,
  0x00, 0x21, 0x00, 0x00, 0x00, 0x00, 0xfd, 0x00, 0x00, 0x00, 0x00, 0x00,
  0x00, 0x00, 0x00, 0x00, 0x00, 0x00, 0x00, 0x00, 0x00, 0x00, 0x00, 0xe9,
  0x00, 0x00, 0x00, 0x00, 0x17, 0x00, 0x00, 0x00, 0x00, 0x00, 0x00, 0x00,
  0xff, 0x00, 0x00, 0x3d, 0x00, 0x00, 0x00, 0x00, 0x00, 0x4c, 0x00, 0x00,
  0xf2, 0x00, 0x00, 0x41, 0x00, 0x00, 0x00, 0x00, 0x00, 0x37, 0x00, 0x00,
  0x00, 0x00, 0x00, 0x38, 0x00, 0x00, 0xf9, 0x00, 0x00, 0x00, 0x1e, 0xe8,
  0x00, 0x00, 0x00, 0x00, 0x18, 0x00, 0x00, 0x00, 0x00, 0x00, 0x00, 0x00,
  0x00, 0x00, 0x00, 0x00, 0x00, 0x00, 0x00, 0x00, 0x00, 0x00, 0xef, 0xe7,
  0x00, 0x00, 0x00, 0x00, 0x00, 0x00, 0x00, 0x00, 0x00, 0x00, 0x00, 0x00,
  0x00, 0x00, 0x00, 0x00, 0x00, 0x00, 0x00, 0x00, 0x00, 0x00, 0x00, 0x00,
  0x2c, 0x00, 0x00, 0x44, 0x00, 0x00, 0x00, 0x00, 0x00, 0x4b, 0x00, 0xdf,
  0x00, 0x00, 0x00, 0x40, 0x00, 0x00, 0x37, 0xe3, 0x00, 0x00, 0x00, 0x00,
  0x00, 0x00, 0x00, 0x00, 0x00, 0x00, 0x2b, 0x00, 0x00, 0x40, 0x00, 0xe8,
  0x3f, 0x00, 0x00, 0x37, 0x00, 0x00, 0x34, 0x00, 0x00, 0x38, 0x00, 0x00,
  0x00, 0xdf, 0x00, 0x31, 0x00, 0x00, 0x42, 0xf6, 0x00, 0x37, 0x00, 0x00,
  0x00, 0x00, 0x00, 0x00, 0x00, 0xe0, 0x00, 0x00, 0x00, 0x2d, 0x00, 0x00,
  0x00, 0x00, 0xe3, 0x42, 0x00, 0x00, 0x4c, 0x00, 0x00, 0x3e, 0x00, 0x00,
  0x00, 0x00, 0x00, 0x43, 0x00, 0x00, 0x00, 0xf8, 0x00, 0x38, 0xf0, 0x00,
  0x00, 0x00, 0x00, 0x00, 0xec, 0x00, 0x00, 0x00, 0x00, 0x00, 0x00, 0x00,
  0x00, 0x00, 0x00, 0x00, 0x00, 0x00, 0x00, 0x00, 0x00, 0x00, 0x00, 0x27,
  0x2c, 0x00, 0x00, 0x00, 0x00, 0x00, 0x27, 0x00, 0x00, 0x00, 0xf3, 0x23,
  0x00, 0x00, 0x00, 0x00, 0xf1, 0x00, 0x00, 0x00, 0x00, 0x00, 0xed, 0x00,
  0x00, 0x00, 0x00, 0x00, 0x00, 0x26, 0x00, 0x00, 0x00, 0x33, 0x00, 0x23,
  0x23, 0x30, 0x00, 0x2e, 0x00, 0x00, 0x00, 0x00, 0x00, 0x33, 0x00, 0x00,
  0x00, 0x32, 0xe7, 0x34, 0x00, 0x00, 0x23, 0x2e, 0xe8, 0x33, 0x00, 0x00,
  0x00, 0x00, 0x00, 0x36, 0x00, 0x00, 0x28, 0x00, 0x00, 0x00, 0x00, 0x00,
  0x00, 0x00, 0x00, 0x00, 0x00, 0x00, 0x00, 0x20, 0x00, 0x00, 0x00, 0x00,
  0x28, 0x00, 0x00, 0x00, 0x00, 0x00, 0x25, 0x00, 0x00, 0x00, 0x00, 0x00,
  0x25, 0x1f, 0x00, 0x25, 0x00, 0x00, 0x00, 0x22, 0x00, 0x30, 0x00, 0x00,
  0x00, 0x00, 0x00, 0x31, 0x00, 0x00, 0x00, 0x00, 0x00, 0x3a, 0x00, 0x00,
  0x32, 0x00, 0x00, 0x3e, 0x00, 0x00, 0x00, 0x00, 0xe1, 0x00, 0x00, 0x00,
  0x00, 0x1d, 0x00, 0x00, 0x00, 0x00, 0x00, 0x00, 0x00, 0x00, 0x00, 0x00,
  0x00, 0x00, 0x00, 0x00, 0x00, 0x00, 0x1b, 0x00, 0x00, 0x00, 0x00, 0x00,
  0xdd, 0x1d, 0x00, 0x00, 0xe2, 0x1c, 0xde, 0x00, 0x00, 0xe2, 0x1c, 0xe0,
  0x00, 0x00, 0x00, 0x00, 0x00, 0x00, 0x00, 0x00, 0x00, 0x00, 0x00, 0x00,
  0x00, 0xe3, 0x1d, 0x00, 0x00, 0xe1, 0x00, 0x00, 0x00, 0x00, 0x00, 0x1c,
  0x00, 0x00, 0xe3, 0x00, 0x00, 0x00, 0x00, 0xe5, 0x19, 0x00, 0x00, 0x00,
  0x00, 0x00, 0x00, 0x00, 0x00, 0x00, 0x00, 0x00, 0x00, 0xde, 0xe4, 0xe4,
  0x1c, 0x00, 0x00, 0x00, 0x00, 0xe2, 0x00, 0x00, 0x00, 0x00, 0x00, 0x00,
  0x00, 0x00, 0x00, 0x00, 0x00, 0xe2, 0x00, 0x00, 0x00, 0x00, 0x00, 0x00,
  0x00, 0x00, 0x00, 0x00, 0x18, 0x00, 0x00, 0x00, 0x00, 0x18, 0x00, 0x00,
  0x00, 0x00, 0x00, 0x00, 0x00, 0x00, 0x1b, 0xe4, 0xe4, 0x1f, 0x00, 0xe0,
  0xe4, 0x00, 0x00, 0x00, 0x00, 0x00, 0x00, 0xe8, 0x17, 0x00, 0x00, 0x00,
  0x00, 0x00, 0x00, 0x00, 0x00, 0x00, 0x00, 0x00, 0x00, 0x1b, 0x00, 0x00,
  0x00, 0x00, 0x00, 0x00, 0xe6, 0x00, 0x00, 0x00, 0x00, 0x00, 0x00, 0xde,
  0x00, 0x00, 0x00, 0x00, 0x1a, 0x1c, 0x00, 0x00, 0x00, 0x1d, 0x00, 0x18,
  0x00, 0x00, 0x19, 0x00, 0x1b, 0xde, 0x00, 0x00, 0x00, 0x19, 0x00, 0x00,
  0x00, 0x00, 0xdf, 0x00, 0x00, 0x00, 0x00, 0x00, 0x00, 0x00, 0x00, 0xe4,
  0x00, 0x00, 0x00, 0x00, 0x00, 0x00, 0xe2, 0x00, 0x00, 0x00, 0xdf, 0x00,
  0x1d, 0x1a, 0x18, 0x00, 0x00, 0xe1, 0x00, 0x00, 0x00, 0x00, 0x1d, 0x19,
  0x00, 0x00, 0x18, 0x00, 0x00, 0x00, 0x00, 0x00, 0xe4, 0x00, 0x00, 0x00,
  0x00, 0x00, 0x00, 0x00, 0x22, 0x00, 0x00, 0x1e, 0x00, 0x00, 0x1b, 0x00,
  0x00, 0x00, 0x00, 0xe4, 0xdf, 0x00, 0xdf, 0xdf, 0x00, 0x00, 0x00, 0x00,
  0x00, 0x1e, 0x00, 0x1e, 0x00, 0x00, 0x00, 0x00, 0x00, 0x00, 0x00, 0xe0,
  0x00, 0x00, 0x00, 0x00, 0x1a, 0xde, 0xe2, 0x00, 0x00, 0x00, 0x17, 0x00,
  0x00, 0xe7, 0xe0, 0x00, 0x00, 0x1d, 0x00, 0x00, 0x1a, 0x00, 0x00, 0x00,
  0x00, 0x00, 0x00, 0x1a, 0x00, 0x00, 0x00, 0x00, 0x00, 0x00, 0x00, 0x00,
  0x00, 0xe1, 0x00, 0x00, 0xdf, 0x00, 0x00, 0xe4, 0x00, 0xe0, 0x00, 0x00,
  0x00, 0x00, 0xe2, 0x00, 0x00, 0x00, 0xe4, 0x00, 0x00, 0xdf, 0x00, 0x00,
  0x00, 0x00, 0x18, 0x00, 0xe1, 0xde, 0x00, 0x00, 0x00, 0x00, 0x00, 0x00,
  0x1a, 0x00, 0x00, 0x00, 0x00, 0x00, 0x00, 0x1d, 0x00, 0x00, 0x00, 0x00,
  0x00, 0x00, 0x00, 0x00, 0x00, 0xe1, 0xe3, 0x00, 0x00, 0x00, 0x1f, 0x00,
  0xde, 0x00, 0x00, 0x00, 0x00, 0x00, 0x00, 0x1c, 0x00, 0x00, 0x00, 0x00,
  0x00, 0x00, 0x00, 0x00, 0x00, 0x00, 0x00, 0x00, 0x00, 0x00, 0x00, 0x18,
  0x00, 0x00, 0xe4, 0xe3, 0x00, 0x00, 0xdf, 0x00, 0x00, 0x00, 0xe2, 0x00,
  0x00, 0x00, 0x00, 0x00, 0x00, 0x00, 0xe0, 0x00, 0x00, 0x00, 0x00, 0x00,
  0x19, 0x00, 0x00, 0x00, 0x18, 0x18, 0x00, 0x00, 0xdd, 0x00, 0x18, 0x00,
  0x00, 0x00, 0x00, 0x1e, 0x00, 0x00, 0x00, 0x00, 0x00, 0x00, 0x00, 0x00,
  0x00, 0x1c, 0xe0, 0x00, 0xde, 0x00, 0x00, 0x00, 0x00, 0x1f, 0x00, 0x1b,
  0x00, 0x00, 0x00, 0x00, 0x00, 0x00, 0x00, 0x00, 0x00, 0x00, 0x00, 0x00,
  0x00, 0xe1, 0xdd, 0xdf, 0x1d, 0x19, 0xe2, 0xe2, 0xe1, 0x1c, 0x00, 0x00,
  0xde, 0x00, 0x00, 0x00, 0x00, 0x00, 0x00, 0x00, 0xde, 0x00, 0x00, 0x00,
  0x1a, 0x00, 0x00, 0x00, 0x00, 0x00, 0x00, 0x00, 0x00, 0x1e, 0x00, 0x00,
  0x00, 0x1b, 0x00, 0xe2, 0xe2, 0x00, 0x00, 0x00, 0x1b, 0x00, 0x00, 0x1b,
  0x00, 0x1f, 0x00, 0x1c, 0x00, 0x00, 0x00, 0x00, 0x1a, 0x00, 0x00, 0x00,
  0x00, 0x00, 0x00, 0x00, 0x00, 0x00, 0x00, 0x00, 0x00, 0x00, 0x00, 0x00,
  0x00, 0x20, 0x00, 0x1d, 0x00, 0x00, 0x00, 0xe2, 0xe2, 0x00, 0x00, 0x00,
  0x00, 0xe6, 0x00, 0x00, 0x00, 0x00, 0x00, 0x00, 0x00, 0x1e, 0xe1, 0x00,
  0x00, 0x00, 0x00, 0x00, 0x00, 0x00, 0x00, 0x00, 0xe3, 0x00, 0x00, 0x00,
  0x00, 0xde, 0xde, 0x00, 0x00, 0x00, 0x00, 0x00, 0x1b, 0x1b, 0xe4, 0x00,
  0x00, 0x00, 0x00, 0x00, 0x00, 0x00, 0x00, 0x00, 0x00, 0x00, 0x13, 0x00,
  0x00, 0x3c, 0x00, 0x0f, 0x17, 0x00, 0xbb, 0x37, 0x00, 0x21, 0x0f, 0x31,
  0x00, 0x27, 0x00, 0x24, 0x00, 0x00, 0x00, 0x1d, 0x20, 0x21, 0x00, 0x14,
  0x00, 0x1d, 0x00, 0x1e, 0x00, 0x00, 0x00, 0x24, 0x00, 0x13, 0x00, 0x00,
  0x00, 0x32, 0x00, 0x00, 0x00, 0x1e, 0x00, 0x46, 0x00, 0x00, 0x00, 0x00,
  0xbd, 0x00, 0x00, 0x00, 0x00, 0x1c, 0x00, 0x00, 0x00, 0x00, 0x00, 0x00,
  0x00, 0x30, 0x00, 0x00, 0x00, 0x00, 0x00, 0x18, 0x00, 0x00, 0x00, 0x16,
  0x00, 0x00, 0x00, 0x00, 0x00, 0x0f, 0x00, 0x00, 0x00, 0x00, 0x3d, 0x00,
  0x00, 0x00, 0x00, 0xdd, 0x00, 0x00, 0x00, 0x00, 0x00, 0x00, 0x46, 0x00,
  0x00, 0x2a, 0x00, 0x00, 0x3d, 0x00, 0x00, 0x1d, 0x00, 0x00, 0x37, 0x00,
  0x00, 0x00, 0x00, 0x00, 0x00, 0x0e, 0x00, 0x00, 0x00, 0x0e, 0x00, 0x00,
  0x00, 0x00, 0x00, 0x14, 0x00, 0x00, 0x00, 0x00, 0x00, 0x00, 0x00, 0x00,
  0x00, 0x33, 0x00, 0x00, 0x00, 0x00, 0x00, 0x00, 0x00, 0x00, 0x2a, 0x00,
  0x00, 0x00, 0x00, 0x00, 0x00, 0x00, 0x00, 0x00, 0x00, 0xda, 0x2e, 0xda,
  0x00, 0x00, 0x00, 0x00, 0x00, 0x00, 0x05, 0x00, 0x00, 0x00, 0x00, 0x00,
  0x00, 0x00, 0x00, 0x00, 0x3c, 0x19, 0x00, 0x00, 0x00, 0x15, 0x00, 0x00,
  0x00, 0xfe, 0x00, 0x17, 0x00, 0x00, 0xed, 0x00, 0x00, 0x2b, 0x00, 0x1b,
  0x00, 0x00, 0x00, 0x00, 0x00, 0x00, 0x00, 0xfa, 0x00, 0x00, 0x00, 0x26,
  0x00, 0x36, 0x00, 0xe9, 0x00, 0x1d, 0x00, 0x31, 0x00, 0xe0, 0x00, 0x00,
  0x00, 0x00, 0x00, 0xdf, 0x00, 0x00, 0xae, 0x00, 0x00, 0xe9, 0xfd, 0x00,
  0x00, 0x34, 0x00, 0x00, 0xf4, 0x00, 0x00, 0x42, 0x1c, 0x00, 0xfa, 0x00,
  0xb0, 0x00, 0x00, 0x00, 0xf7, 0x00, 0x00, 0x36, 0x1f, 0x00, 0x00, 0xef,
  0x00, 0x50, 0x00, 0x00, 0x00, 0xea, 0x00, 0x2f, 0x00, 0x00, 0x36, 0x00,
  0x00, 0x3a, 0x00, 0x00, 0x00, 0x00, 0x00, 0x38, 0x00, 0x00, 0x00, 0xeb,
  0x00, 0x34, 0x00, 0x00, 0x00, 0x00, 0x00, 0x3a, 0x00, 0x00, 0x00, 0x00,
  0x00, 0x00, 0x00, 0x00, 0x00, 0x00, 0x00, 0x00, 0x00, 0x00, 0x00, 0x00,
  0x00, 0x00, 0x00, 0x00, 0x00, 0x00, 0xf1, 0x00, 0x00, 0x00, 0x00, 0x00,
  0x00, 0x33, 0x00, 0x00, 0x00, 0x00, 0x00, 0x00, 0x00, 0x00, 0x00, 0x00,
  0x00, 0x00, 0x00, 0x00, 0x00, 0x00, 0x00, 0x00, 0x00, 0x00, 0x00, 0x00,
  0x00, 0x00, 0xe3, 0x00, 0x0b, 0xe9, 0x00, 0x00, 0x00, 0x2e, 0x00, 0x00,
  0x00, 0x32, 0x00, 0x00, 0x00, 0x00, 0x00, 0x24, 0x00, 0x00, 0x00, 0x00,
  0x00, 0x28, 0x00, 0x00, 0x04, 0x00, 0x00, 0x2f, 0x00, 0x00, 0x00, 0x00,
  0x00, 0x00, 0x00, 0x00, 0x00, 0x00, 0x00, 0x00, 0x00, 0x00, 0x00, 0x25,
  0x00, 0x00, 0x00, 0x00, 0x00, 0x00, 0x00, 0x19, 0x00, 0x00, 0x00, 0x00,
  0x00, 0x00, 0x00, 0x00, 0x00, 0x2b, 0x00, 0x23, 0x00, 0x00, 0x00, 0x00,
  0x00, 0xde, 0x00, 0x00, 0x00, 0x00, 0x00, 0x00, 0x00, 0x00, 0x00, 0x00,
  0x00, 0x00, 0x00, 0x00, 0x00, 0x00, 0x00, 0xdb, 0x00, 0x00, 0x00, 0x00,
  0x00, 0x00, 0x00, 0x00, 0x00, 0x00, 0x00, 0xde, 0x00, 0x00, 0x00, 0x00,
  0x00, 0x00, 0x00, 0x00, 0x00, 0x00, 0x00, 0x00, 0x00, 0x00, 0x00, 0x00,
  0x00, 0x00, 0x00, 0x00, 0x00, 0x00, 0x00, 0x00, 0x1f, 0x00, 0x00, 0x00,
  0x00, 0x00, 0x00, 0x11, 0x00, 0x00, 0xb3, 0x00, 0x00, 0x25, 0x00, 0x00,
  0xf4, 0x34, 0x00, 0x39, 0x00, 0x00, 0x00, 0x00, 0x00, 0x00, 0x00, 0x00,
  0x00, 0x00, 0x00, 0x00, 0x00, 0xf1, 0x00, 0x00, 0x00, 0x00, 0x00, 0x29,
  0xf1, 0x00, 0x00, 0x00, 0x00, 0x00, 0x00, 0x00, 0x00, 0x00, 0x3b, 0x00,
  0x00, 0x00, 0x00, 0x00, 0x00, 0x00, 0x00, 0x00, 0x00, 0x00, 0x00, 0x00,
  0x00, 0x00, 0x00, 0x00, 0x00, 0x00, 0x00, 0x00, 0x00, 0x00, 0x00, 0xf6,
  0x00, 0x00, 0x00, 0x00, 0x00, 0x00, 0x00, 0x00, 0x00, 0x00, 0x00, 0x00,
  0x00, 0x3d, 0x00, 0x00, 0x00, 0x00, 0x00, 0x00, 0x00, 0x00, 0x00, 0x00,
  0xb0, 0x00, 0x00, 0xe1, 0x00, 0x00, 0x00, 0x00, 0x00, 0x00, 0xfc, 0xfb,
  0x00, 0x00, 0x00, 0x00, 0xf5, 0xf4, 0x00, 0x00, 0x00, 0x11, 0x00, 0x00,
  0x00, 0x4e, 0x00, 0x00, 0x07, 0xfb, 0xa9, 0x69, 0x00, 0x00, 0x00, 0x1c,
  0x00, 0x00, 0xe3, 0x00, 0x00, 0x00, 0x00, 0x00, 0x00, 0x00, 0x00, 0x00,
  0x00, 0x00, 0x00, 0x00, 0x00, 0x00, 0x00, 0x00, 0x1b, 0x00, 0x00, 0x00,
  0x1a, 0x00, 0x00, 0x00, 0x00, 0xe0, 0x00, 0xe6, 0x1c, 0x00, 0x00, 0x00,
  0x00, 0x00, 0x00, 0xdf, 0x00, 0x00, 0x00, 0x00, 0x00, 0x00, 0xde, 0x00,
  0x00, 0xe0, 0x00, 0x00, 0x00, 0x00, 0x00, 0x00, 0x1a, 0x1d, 0x1b, 0x00,
  0x00, 0x1e, 0x00, 0x00, 0x00, 0x00, 0xde, 0x00, 0x00, 0x00, 0x00, 0x00,
  0x00, 0x1c, 0x00, 0x00, 0x00, 0x00, 0xde, 0x00, 0x00, 0x00, 0xdf, 0x00,
  0x00, 0xde, 0x1d, 0x00, 0x00, 0x00, 0xe1, 0x00, 0x00, 0xe0, 0x1d, 0x00,
  0x00, 0xde, 0x00, 0x1b, 0xe5, 0x00, 0x1b, 0x00, 0x00, 0x00, 0x00, 0xde,
  0xe6, 0x00, 0x00, 0x00, 0x00, 0x00, 0x00, 0x00, 0x00, 0x00, 0x00, 0x1a,
  0x00, 0x00, 0x00, 0x00, 0x00, 0x1d, 0x1d, 0xe4, 0x00, 0x00, 0x00, 0x00,
  0x00, 0xe1, 0x00, 0xe4, 0x00, 0x00, 0xe4, 0xe6, 0x1a, 0x00, 0x00, 0x00,
  0x00, 0xe5, 0x00, 0x19, 0xe0, 0x00, 0x00, 0x00, 0x00, 0x00, 0x00, 0x00,
  0x00, 0x00, 0x00, 0xe1, 0x00, 0xe3, 0x00, 0x00, 0x00, 0x1c, 0x00, 0x00,
  0x00, 0x00, 0xe3, 0x00, 0x00, 0xdf, 0x00, 0x00, 0xe6, 0x00, 0x00, 0x00,
  0x1a, 0x00, 0xdf, 0x00, 0x00, 0xe0, 0x00, 0x00, 0x00, 0x00, 0x00, 0xe1,
  0x00, 0x00, 0xe6, 0x00, 0x1c, 0x00, 0xe5, 0x00, 0x00, 0x00, 0xe4, 0x00,
  0xe0, 0x00, 0x00, 0x00, 0x00, 0x00, 0x00, 0xdf, 0x00, 0x00, 0x00, 0x1c,
  0x00, 0xe4, 0x00, 0x00, 0x00, 0x1e, 0x1c, 0x00, 0xe2, 0x00, 0x00, 0x00,
  0x00, 0x00, 0x00, 0x00, 0x00, 0x00, 0x00, 0x00, 0xe0, 0x00, 0x00, 0x00,
  0x00, 0x1c, 0x00, 0x00, 0x00, 0x00, 0x00, 0x00, 0x00, 0x00, 0x00, 0x1a,
  0xdf, 0x00, 0x00, 0x00, 0x00, 0x00, 0xe1, 0x00, 0x00, 0x00, 0x00, 0x00,
  0x00, 0x00, 0x1a, 0x00, 0x00, 0x00, 0x1e, 0x00, 0x00, 0x00, 0x00, 0x1a,
  0x00, 0x00, 0x00, 0x00, 0x00, 0x00, 0x00, 0xdf, 0x00, 0x00, 0x19, 0x00,
  0x00, 0x00, 0x00, 0x00, 0x00, 0x00, 0x00, 0x00, 0x00, 0xe0, 0x00, 0x00,
  0x1a, 0x00, 0x1a, 0x00, 0x1c, 0x00, 0x1d, 0xe0, 0xe1, 0x00, 0x00, 0x1c,
  0x00, 0x00, 0xe2, 0x00, 0x00, 0x00, 0xe3, 0x00, 0x00, 0x00, 0x00, 0xdf,
  0x00, 0xe5, 0x00, 0x00, 0x00, 0x00, 0x1c, 0xe2, 0x00, 0x1b, 0xe4, 0x00,
  0x00, 0x00, 0x00, 0x00, 0xde, 0x00, 0x00, 0x00, 0x00, 0xe1, 0x1a, 0xe5,
  0x00, 0x00, 0xe0, 0x00, 0x00, 0x00, 0x00, 0x00, 0x00, 0xdf, 0x1b, 0x00,
  0x00, 0x00, 0xe3, 0xe3, 0x00, 0x00, 0x00, 0x00, 0x00, 0x00, 0x00, 0x00,
  0xe4, 0x00, 0x00, 0xe3, 0x00, 0x00, 0x00, 0x00, 0x00, 0xe6, 0x00, 0x00,
  0x00, 0x00, 0x00, 0x00, 0x00, 0xdf, 0xe1, 0x00, 0x00, 0x00, 0x00, 0xdf,
  0x00, 0x00, 0x00, 0x00, 0x00, 0x00, 0x00, 0x00, 0x00, 0x00, 0xe1, 0x00,
  0x00, 0x00, 0x00, 0x00, 0xde, 0x00, 0x00, 0x00, 0x00, 0x1b, 0x00, 0x00,
  0x00, 0x00, 0x00, 0xe3, 0xe5, 0x00, 0x00, 0x00, 0x00, 0x00, 0x00, 0x00,
  0x00, 0x00, 0x00, 0x00, 0x00, 0x00, 0x00, 0xe4, 0x00, 0x00, 0x00, 0x00,
  0x00, 0x00, 0x00, 0x00, 0x1d, 0x00, 0xdf, 0x00, 0x00, 0x00, 0x1b, 0x00,
  0x00, 0x00, 0x00, 0x00, 0x00, 0x00, 0x00, 0xe5, 0x00, 0xe1, 0x00, 0xe1,
  0x00, 0x00, 0xe3, 0x1a, 0x00, 0x00, 0x00, 0x1e, 0x00, 0x00, 0x00, 0xe0,
  0x00, 0x00, 0x00, 0x00, 0x00, 0x00, 0x00, 0x00, 0xe3, 0x00, 0x00, 0x00,
  0x00, 0x00, 0x00, 0x00, 0x00, 0x00, 0x00, 0x00, 0xe7, 0x00, 0x00, 0x00,
  0x00, 0x00, 0x00, 0x00, 0x1e, 0x00, 0x00, 0x00, 0x00, 0x00, 0x00, 0xe3,
  0xe1, 0x1c, 0x00, 0xde, 0xe4, 0x00, 0x00, 0x00, 0x00, 0x1a, 0x00, 0xe1,
  0x00, 0x00, 0x00, 0x00, 0x00, 0x00, 0xe1, 0x00, 0x00, 0x00, 0x00, 0x00,
  0xe4, 0x1d, 0x00, 0x00, 0x00, 0x00, 0x00, 0x00, 0x00, 0x00, 0x00, 0x00,
  0x00, 0x00, 0x00, 0xe0, 0x00, 0x00, 0x00, 0x00, 0x00, 0x00, 0x00, 0x00,
  0x00, 0x00, 0xe5, 0x00, 0x00, 0x1d, 0x00, 0x00, 0x00, 0x00, 0xe2, 0x00,
  0x00, 0x1c, 0x1a, 0x00, 0x1c, 0x00, 0x00, 0x00, 0x00, 0x00, 0xe6, 0x00,
  0x00, 0x1a, 0x00, 0x1a, 0x00, 0x00, 0x00, 0x00, 0xc0, 0xfe, 0xff, 0xff,
  0xc4, 0xfe, 0xff, 0xff, 0x0f, 0x00, 0x00, 0x00, 0x4d, 0x4c, 0x49, 0x52,
  0x20, 0x43, 0x6f, 0x6e, 0x76, 0x65, 0x72, 0x74, 0x65, 0x64, 0x2e, 0x00,
  0x01, 0x00, 0x00, 0x00, 0x14, 0x00, 0x00, 0x00, 0x00, 0x00, 0x0e, 0x00,
  0x18, 0x00, 0x14, 0x00, 0x10, 0x00, 0x0c, 0x00, 0x08, 0x00, 0x04, 0x00,
  0x0e, 0x00, 0x00, 0x00, 0x14, 0x00, 0x00, 0x00, 0x1c, 0x00, 0x00, 0x00,
  0x6c, 0x01, 0x00, 0x00, 0x70, 0x01, 0x00, 0x00, 0x74, 0x01, 0x00, 0x00,
  0x04, 0x00, 0x00, 0x00, 0x6d, 0x61, 0x69, 0x6e, 0x00, 0x00, 0x00, 0x00,
  0x05, 0x00, 0x00, 0x00, 0x14, 0x01, 0x00, 0x00, 0xcc, 0x00, 0x00, 0x00,
  0x84, 0x00, 0x00, 0x00, 0x50, 0x00, 0x00, 0x00, 0x14, 0x00, 0x00, 0x00,
  0x00, 0x00, 0x0e, 0x00, 0x1a, 0x00, 0x14, 0x00, 0x10, 0x00, 0x0c, 0x00,
  0x0b, 0x00, 0x04, 0x00, 0x0e, 0x00, 0x00, 0x00, 0x1c, 0x00, 0x00, 0x00,
  0x00, 0x00, 0x00, 0x09, 0x1c, 0x00, 0x00, 0x00, 0x20, 0x00, 0x00, 0x00,
  0x01, 0x00, 0x00, 0x00, 0x00, 0x00, 0x06, 0x00, 0x08, 0x00, 0x04, 0x00,
  0x06, 0x00, 0x00, 0x00, 0x00, 0x00, 0x80, 0x3f, 0x01, 0x00, 0x00, 0x00,
  0x0d, 0x00, 0x00, 0x00, 0x01, 0x00, 0x00, 0x00, 0x0c, 0x00, 0x00, 0x00,
  0x9a, 0xff, 0xff, 0xff, 0x10, 0x00, 0x00, 0x00, 0x00, 0x00, 0x00, 0x08,
  0x0c, 0x00, 0x00, 0x00, 0x10, 0x00, 0x00, 0x00, 0x8c, 0xff, 0xff, 0xff,
  0x01, 0x00, 0x00, 0x00, 0x0c, 0x00, 0x00, 0x00, 0x03, 0x00, 0x00, 0x00,
  0x09, 0x00, 0x00, 0x00, 0x0a, 0x00, 0x00, 0x00, 0x0b, 0x00, 0x00, 0x00,
  0xca, 0xff, 0xff, 0xff, 0x10, 0x00, 0x00, 0x00, 0x00, 0x00, 0x00, 0x08,
  0x10, 0x00, 0x00, 0x00, 0x14, 0x00, 0x00, 0x00, 0x76, 0xff, 0xff, 0xff,
  0x00, 0x00, 0x00, 0x01, 0x01, 0x00, 0x00, 0x00, 0x09, 0x00, 0x00, 0x00,
  0x03, 0x00, 0x00, 0x00, 0x06, 0x00, 0x00, 0x00, 0x07, 0x00, 0x00, 0x00,
  0x08, 0x00, 0x00, 0x00, 0x00, 0x00, 0x0e, 0x00, 0x14, 0x00, 0x00, 0x00,
  0x10, 0x00, 0x0c, 0x00, 0x0b, 0x00, 0x04, 0x00, 0x0e, 0x00, 0x00, 0x00,
  0x14, 0x00, 0x00, 0x00, 0x00, 0x00, 0x00, 0x08, 0x10, 0x00, 0x00, 0x00,
  0x14, 0x00, 0x00, 0x00, 0x04, 0x00, 0x04, 0x00, 0x04, 0x00, 0x00, 0x00,
  0x01, 0x00, 0x00, 0x00, 0x06, 0x00, 0x00, 0x00, 0x03, 0x00, 0x00, 0x00,
  0x03, 0x00, 0x00, 0x00, 0x04, 0x00, 0x00, 0x00, 0x05, 0x00, 0x00, 0x00,
  0x00, 0x00, 0x0e, 0x00, 0x16, 0x00, 0x00, 0x00, 0x10, 0x00, 0x0c, 0x00,
  0x0b, 0x00, 0x04, 0x00, 0x0e, 0x00, 0x00, 0x00, 0x18, 0x00, 0x00, 0x00,
  0x00, 0x00, 0x00, 0x08, 0x18, 0x00, 0x00, 0x00, 0x1c, 0x00, 0x00, 0x00,
  0x00, 0x00, 0x06, 0x00, 0x08, 0x00, 0x07, 0x00, 0x06, 0x00, 0x00, 0x00,
  0x00, 0x00, 0x00, 0x01, 0x01, 0x00, 0x00, 0x00, 0x03, 0x00, 0x00, 0x00,
  0x03, 0x00, 0x00, 0x00, 0x00, 0x00, 0x00, 0x00, 0x01, 0x00, 0x00, 0x00,
  0x02, 0x00, 0x00, 0x00, 0x01, 0x00, 0x00, 0x00, 0x0d, 0x00, 0x00, 0x00,
  0x01, 0x00, 0x00, 0x00, 0x00, 0x00, 0x00, 0x00, 0x0e, 0x00, 0x00, 0x00,
  0x1c, 0x0a, 0x00, 0x00, 0x24, 0x09, 0x00, 0x00, 0x78, 0x08, 0x00, 0x00,
  0x74, 0x07, 0x00, 0x00, 0xa0, 0x06, 0x00, 0x00, 0x14, 0x06, 0x00, 0x00,
  0x50, 0x05, 0x00, 0x00, 0x6c, 0x04, 0x00, 0x00, 0xd0, 0x03, 0x00, 0x00,
  0xc4, 0x02, 0x00, 0x00, 0xe8, 0x01, 0x00, 0x00, 0x54, 0x01, 0x00, 0x00,
  0x80, 0x00, 0x00, 0x00, 0x04, 0x00, 0x00, 0x00, 0x32, 0xf6, 0xff, 0xff,
  0x00, 0x00, 0x00, 0x01, 0x18, 0x00, 0x00, 0x00, 0x20, 0x00, 0x00, 0x00,
  0x3c, 0x00, 0x00, 0x00, 0x0e, 0x00, 0x00, 0x00, 0x00, 0x00, 0x00, 0x09,
  0x50, 0x00, 0x00, 0x00, 0x02, 0x00, 0x00, 0x00, 0xff, 0xff, 0xff, 0xff,
  0x0c, 0x00, 0x00, 0x00, 0x1c, 0xf6, 0xff, 0xff, 0x08, 0x00, 0x00, 0x00,
  0x10, 0x00, 0x00, 0x00, 0x01, 0x00, 0x00, 0x00, 0x80, 0xff, 0xff, 0xff,
  0xff, 0xff, 0xff, 0xff, 0x01, 0x00, 0x00, 0x00, 0x00, 0x00, 0x80, 0x3b,
  0x19, 0x00, 0x00, 0x00, 0x53, 0x74, 0x61, 0x74, 0x65, 0x66, 0x75, 0x6c,
  0x50, 0x61, 0x72, 0x74, 0x69, 0x74, 0x69, 0x6f, 0x6e, 0x65, 0x64, 0x43,
  0x61, 0x6c, 0x6c, 0x3a, 0x30, 0x00, 0x00, 0x00, 0x02, 0x00, 0x00, 0x00,
  0x01, 0x00, 0x00, 0x00, 0x0c, 0x00, 0x00, 0x00, 0xaa, 0xf6, 0xff, 0xff,
  0x00, 0x00, 0x00, 0x01, 0x18, 0x00, 0x00, 0x00, 0x20, 0x00, 0x00, 0x00,
  0x40, 0x00, 0x00, 0x00, 0x0d, 0x00, 0x00, 0x00, 0x00, 0x00, 0x00, 0x09,
  0xa8, 0x00, 0x00, 0x00, 0x02, 0x00, 0x00, 0x00, 0xff, 0xff, 0xff, 0xff,
  0x0c, 0x00, 0x00, 0x00, 0x94, 0xf6, 0xff, 0xff, 0x08, 0x00, 0x00, 0x00,
  0x14, 0x00, 0x00, 0x00, 0x01, 0x00, 0x00, 0x00, 0x32, 0x00, 0x00, 0x00,
  0x00, 0x00, 0x00, 0x00, 0x00, 0x00, 0x00, 0x00, 0x01, 0x00, 0x00, 0x00,
  0xa8, 0x7c, 0xa1, 0x3d, 0x6c, 0x00, 0x00, 0x00, 0x65, 0x6e, 0x63, 0x6f,
  0x64, 0x65, 0x72, 0x5f, 0x63, 0x6c, 0x66, 0x5f, 0x6d, 0x69, 0x6e, 0x6d,
  0x61, 0x78, 0x5f, 0x66, 0x6c, 0x61, 0x74, 0x2f, 0x71, 0x75, 0x61, 0x6e,
  0x74, 0x5f, 0x61, 0x63, 0x74, 0x69, 0x76, 0x69, 0x74, 0x79, 0x5f, 0x73,
  0x6f, 0x66, 0x74, 0x6d, 0x61, 0x78, 0x2f, 0x4d, 0x61, 0x74, 0x4d, 0x75,
  0x6c, 0x3b, 0x65, 0x6e, 0x63, 0x6f, 0x64, 0x65, 0x72, 0x5f, 0x63, 0x6c,
  0x66, 0x5f, 0x6d, 0x69, 0x6e, 0x6d, 0x61, 0x78, 0x5f, 0x66, 0x6c, 0x61,
  0x74, 0x2f, 0x71, 0x75, 0x61, 0x6e, 0x74, 0x5f, 0x61, 0x63, 0x74, 0x69,
  0x76, 0x69, 0x74, 0x79, 0x5f, 0x73, 0x6f, 0x66, 0x74, 0x6d, 0x61, 0x78,
  0x2f, 0x42, 0x69, 0x61, 0x73, 0x41, 0x64, 0x64, 0x00, 0x00, 0x00, 0x00,
  0x02, 0x00, 0x00, 0x00, 0x01, 0x00, 0x00, 0x00, 0x0c, 0x00, 0x00, 0x00,
  0x6e, 0xf8, 0xff, 0xff, 0x00, 0x00, 0x00, 0x01, 0x14, 0x00, 0x00, 0x00,
  0x30, 0x00, 0x00, 0x00, 0x0c, 0x00, 0x00, 0x00, 0x00, 0x00, 0x00, 0x02,
  0x70, 0x00, 0x00, 0x00, 0x54, 0xf7, 0xff, 0xff, 0x08, 0x00, 0x00, 0x00,
  0x10, 0x00, 0x00, 0x00, 0x01, 0x00, 0x00, 0x00, 0x00, 0x00, 0x00, 0x00,
  0x00, 0x00, 0x00, 0x00, 0x01, 0x00, 0x00, 0x00, 0x29, 0x9c, 0xa1, 0x3a,
  0x45, 0x00, 0x00, 0x00, 0x65, 0x6e, 0x63, 0x6f, 0x64, 0x65, 0x72, 0x5f,
  0x63, 0x6c, 0x66, 0x5f, 0x6d, 0x69, 0x6e, 0x6d, 0x61, 0x78, 0x5f, 0x66,
  0x6c, 0x61, 0x74, 0x2f, 0x71, 0x75, 0x61, 0x6e, 0x74, 0x5f, 0x61, 0x63,
  0x74, 0x69, 0x76, 0x69, 0x74, 0x79, 0x5f, 0x73, 0x6f, 0x66, 0x74, 0x6d,
  0x61, 0x78, 0x2f, 0x42, 0x69, 0x61, 0x73, 0x41, 0x64, 0x64, 0x2f, 0x52,
  0x65, 0x61, 0x64, 0x56, 0x61, 0x72, 0x69, 0x61, 0x62, 0x6c, 0x65, 0x4f,
  0x70, 0x00, 0x00, 0x00, 0x01, 0x00, 0x00, 0x00, 0x0c, 0x00, 0x00, 0x00,
  0xfe, 0xf8, 0xff, 0xff, 0x00, 0x00, 0x00, 0x01, 0x14, 0x00, 0x00, 0x00,
  0x30, 0x00, 0x00, 0x00, 0x0b, 0x00, 0x00, 0x00, 0x00, 0x00, 0x00, 0x09,
  0xb4, 0x00, 0x00, 0x00, 0xe4, 0xf7, 0xff, 0xff, 0x08, 0x00, 0x00, 0x00,
  0x10, 0x00, 0x00, 0x00, 0x01, 0x00, 0x00, 0x00, 0x00, 0x00, 0x00, 0x00,
  0x00, 0x00, 0x00, 0x00, 0x01, 0x00, 0x00, 0x00, 0x53, 0xc0, 0xf0, 0x3c,
  0x8b, 0x00, 0x00, 0x00, 0x65, 0x6e, 0x63, 0x6f, 0x64, 0x65, 0x72, 0x5f,
  0x63, 0x6c, 0x66, 0x5f, 0x6d, 0x69, 0x6e, 0x6d, 0x61, 0x78, 0x5f, 0x66,
  0x6c, 0x61, 0x74, 0x2f, 0x71, 0x75, 0x61, 0x6e, 0x74, 0x5f, 0x61, 0x63,
  0x74, 0x69, 0x76, 0x69, 0x74, 0x79, 0x5f, 0x73, 0x6f, 0x66, 0x74, 0x6d,
  0x61, 0x78, 0x2f, 0x4d, 0x61, 0x74, 0x4d, 0x75, 0x6c, 0x3b, 0x65, 0x6e,
  0x63, 0x6f, 0x64, 0x65, 0x72, 0x5f, 0x63, 0x6c, 0x66, 0x5f, 0x6d, 0x69,
  0x6e, 0x6d, 0x61, 0x78, 0x5f, 0x66, 0x6c, 0x61, 0x74, 0x2f, 0x71, 0x75,
  0x61, 0x6e, 0x74, 0x5f, 0x61, 0x63, 0x74, 0x69, 0x76, 0x69, 0x74, 0x79,
  0x5f, 0x73, 0x6f, 0x66, 0x74, 0x6d, 0x61, 0x78, 0x2f, 0x4c, 0x61, 0x73,
  0x74, 0x56, 0x61, 0x6c, 0x75, 0x65, 0x51, 0x75, 0x61, 0x6e, 0x74, 0x2f,
  0x46, 0x61, 0x6b, 0x65, 0x51, 0x75, 0x61, 0x6e, 0x74, 0x57, 0x69, 0x74,
  0x68, 0x4d, 0x69, 0x6e, 0x4d, 0x61, 0x78, 0x56, 0x61, 0x72, 0x73, 0x00,
  0x02, 0x00, 0x00, 0x00, 0x0c, 0x00, 0x00, 0x00, 0x14, 0x00, 0x00, 0x00,
  0xe2, 0xf8, 0xff, 0xff, 0x00, 0x00, 0x00, 0x01, 0x18, 0x00, 0x00, 0x00,
  0x20, 0x00, 0x00, 0x00, 0x3c, 0x00, 0x00, 0x00, 0x0a, 0x00, 0x00, 0x00,
  0x00, 0x00, 0x00, 0x09, 0xe0, 0x00, 0x00, 0x00, 0x02, 0x00, 0x00, 0x00,
  0xff, 0xff, 0xff, 0xff, 0x14, 0x00, 0x00, 0x00, 0xcc, 0xf8, 0xff, 0xff,
  0x08, 0x00, 0x00, 0x00, 0x10, 0x00, 0x00, 0x00, 0x01, 0x00, 0x00, 0x00,
  0xde, 0xff, 0xff, 0xff, 0xff, 0xff, 0xff, 0xff, 0x01, 0x00, 0x00, 0x00,
  0x98, 0xd8, 0x2b, 0x3d, 0xa9, 0x00, 0x00, 0x00, 0x65, 0x6e, 0x63, 0x6f,
  0x64, 0x65, 0x72, 0x5f, 0x63, 0x6c, 0x66, 0x5f, 0x6d, 0x69, 0x6e, 0x6d,
  0x61, 0x78, 0x5f, 0x66, 0x6c, 0x61, 0x74, 0x2f, 0x71, 0x75, 0x61, 0x6e,
  0x74, 0x5f, 0x63, 0x6c, 0x61, 0x73, 0x73, 0x69, 0x66, 0x69, 0x65, 0x72,
  0x5f, 0x64, 0x65, 0x6e, 0x73, 0x65, 0x5f, 0x32, 0x30, 0x2f, 0x4d, 0x61,
  0x74, 0x4d, 0x75, 0x6c, 0x3b, 0x65, 0x6e, 0x63, 0x6f, 0x64, 0x65, 0x72,
  0x5f, 0x63, 0x6c, 0x66, 0x5f, 0x6d, 0x69, 0x6e, 0x6d, 0x61, 0x78, 0x5f,
  0x66, 0x6c, 0x61, 0x74, 0x2f, 0x71, 0x75, 0x61, 0x6e, 0x74, 0x5f, 0x63,
  0x6c, 0x61, 0x73, 0x73, 0x69, 0x66, 0x69, 0x65, 0x72, 0x5f, 0x64, 0x65,
  0x6e, 0x73, 0x65, 0x5f, 0x32, 0x30, 0x2f, 0x52, 0x65, 0x6c, 0x75, 0x3b,
  0x65, 0x6e, 0x63, 0x6f, 0x64, 0x65, 0x72, 0x5f, 0x63, 0x6c, 0x66, 0x5f,
  0x6d, 0x69, 0x6e, 0x6d, 0x61, 0x78, 0x5f, 0x66, 0x6c, 0x61, 0x74, 0x2f,
  0x71, 0x75, 0x61, 0x6e, 0x74, 0x5f, 0x63, 0x6c, 0x61, 0x73, 0x73, 0x69,
  0x66, 0x69, 0x65, 0x72, 0x5f, 0x64, 0x65, 0x6e, 0x73, 0x65, 0x5f, 0x32,
  0x30, 0x2f, 0x42, 0x69, 0x61, 0x73, 0x41, 0x64, 0x64, 0x00, 0x00, 0x00,
  0x02, 0x00, 0x00, 0x00, 0x01, 0x00, 0x00, 0x00, 0x14, 0x00, 0x00, 0x00,
  0xde, 0xfa, 0xff, 0xff, 0x00, 0x00, 0x00, 0x01, 0x14, 0x00, 0x00, 0x00,
  0x34, 0x00, 0x00, 0x00, 0x09, 0x00, 0x00, 0x00, 0x00, 0x00, 0x00, 0x02,
  0x78, 0x00, 0x00, 0x00, 0xc4, 0xf9, 0xff, 0xff, 0x08, 0x00, 0x00, 0x00,
  0x14, 0x00, 0x00, 0x00, 0x01, 0x00, 0x00, 0x00, 0x00, 0x00, 0x00, 0x00,
  0x00, 0x00, 0x00, 0x00, 0x00, 0x00, 0x00, 0x00, 0x01, 0x00, 0x00, 0x00,
  0xca, 0xfe, 0x42, 0x3a, 0x48, 0x00, 0x00, 0x00, 0x65, 0x6e, 0x63, 0x6f,
  0x64, 0x65, 0x72, 0x5f, 0x63, 0x6c, 0x66, 0x5f, 0x6d, 0x69, 0x6e, 0x6d,
  0x61, 0x78, 0x5f, 0x66, 0x6c, 0x61, 0x74, 0x2f, 0x71, 0x75, 0x61, 0x6e,
  0x74, 0x5f, 0x63, 0x6c, 0x61, 0x73, 0x73, 0x69, 0x66, 0x69, 0x65, 0x72,
  0x5f, 0x64, 0x65, 0x6e, 0x73, 0x65, 0x5f, 0x32, 0x30, 0x2f, 0x42, 0x69,
  0x61, 0x73, 0x41, 0x64, 0x64, 0x2f, 0x52, 0x65, 0x61, 0x64, 0x56, 0x61,
  0x72, 0x69, 0x61, 0x62, 0x6c, 0x65, 0x4f, 0x70, 0x00, 0x00, 0x00, 0x00,
  0x01, 0x00, 0x00, 0x00, 0x14, 0x00, 0x00, 0x00, 0x76, 0xfb, 0xff, 0xff,
  0x00, 0x00, 0x00, 0x01, 0x14, 0x00, 0x00, 0x00, 0x30, 0x00, 0x00, 0x00,
  0x08, 0x00, 0x00, 0x00, 0x00, 0x00, 0x00, 0x09, 0xbc, 0x00, 0x00, 0x00,
  0x5c, 0xfa, 0xff, 0xff, 0x08, 0x00, 0x00, 0x00, 0x10, 0x00, 0x00, 0x00,
  0x01, 0x00, 0x00, 0x00, 0x00, 0x00, 0x00, 0x00, 0x00, 0x00, 0x00, 0x00,
  0x01, 0x00, 0x00, 0x00, 0x6a, 0xda, 0x94, 0x3c, 0x91, 0x00, 0x00, 0x00,
  0x65, 0x6e, 0x63, 0x6f, 0x64, 0x65, 0x72, 0x5f, 0x63, 0x6c, 0x66, 0x5f,
  0x6d, 0x69, 0x6e, 0x6d, 0x61, 0x78, 0x5f, 0x66, 0x6c, 0x61, 0x74, 0x2f,
  0x71, 0x75, 0x61, 0x6e, 0x74, 0x5f, 0x63, 0x6c, 0x61, 0x73, 0x73, 0x69,
  0x66, 0x69, 0x65, 0x72, 0x5f, 0x64, 0x65, 0x6e, 0x73, 0x65, 0x5f, 0x32,
  0x30, 0x2f, 0x4d, 0x61, 0x74, 0x4d, 0x75, 0x6c, 0x3b, 0x65, 0x6e, 0x63,
  0x6f, 0x64, 0x65, 0x72, 0x5f, 0x63, 0x6c, 0x66, 0x5f, 0x6d, 0x69, 0x6e,
  0x6d, 0x61, 0x78, 0x5f, 0x66, 0x6c, 0x61, 0x74, 0x2f, 0x71, 0x75, 0x61,
  0x6e, 0x74, 0x5f, 0x63, 0x6c, 0x61, 0x73, 0x73, 0x69, 0x66, 0x69, 0x65,
  0x72, 0x5f, 0x64, 0x65, 0x6e, 0x73, 0x65, 0x5f, 0x32, 0x30, 0x2f, 0x4c,
  0x61, 0x73, 0x74, 0x56, 0x61, 0x6c, 0x75, 0x65, 0x51, 0x75, 0x61, 0x6e,
  0x74, 0x2f, 0x46, 0x61, 0x6b, 0x65, 0x51, 0x75, 0x61, 0x6e, 0x74, 0x57,
  0x69, 0x74, 0x68, 0x4d, 0x69, 0x6e, 0x4d, 0x61, 0x78, 0x56, 0x61, 0x72,
  0x73, 0x00, 0x00, 0x00, 0x02, 0x00, 0x00, 0x00, 0x14, 0x00, 0x00, 0x00,
  0x20, 0x00, 0x00, 0x00, 0x62, 0xfb, 0xff, 0xff, 0x00, 0x00, 0x00, 0x01,
  0x18, 0x00, 0x00, 0x00, 0x20, 0x00, 0x00, 0x00, 0x40, 0x00, 0x00, 0x00,
  0x07, 0x00, 0x00, 0x00, 0x00, 0x00, 0x00, 0x09, 0x98, 0x00, 0x00, 0x00,
  0x02, 0x00, 0x00, 0x00, 0xff, 0xff, 0xff, 0xff, 0x20, 0x00, 0x00, 0x00,
  0x4c, 0xfb, 0xff, 0xff, 0x08, 0x00, 0x00, 0x00, 0x14, 0x00, 0x00, 0x00,
  0x01, 0x00, 0x00, 0x00, 0x01, 0x00, 0x00, 0x00, 0x00, 0x00, 0x00, 0x00,
  0x00, 0x00, 0x00, 0x00, 0x01, 0x00, 0x00, 0x00, 0x8e, 0xad, 0x27, 0x3d,
  0x5e, 0x00, 0x00, 0x00, 0x65, 0x6e, 0x63, 0x6f, 0x64, 0x65, 0x72, 0x5f,
  0x63, 0x6c, 0x66, 0x5f, 0x6d, 0x69, 0x6e, 0x6d, 0x61, 0x78, 0x5f, 0x66,
  0x6c, 0x61, 0x74, 0x2f, 0x71, 0x75, 0x61, 0x6e, 0x74, 0x5f, 0x6c, 0x61,
  0x74, 0x65, 0x6e, 0x74, 0x5f, 0x33, 0x32, 0x2f, 0x4d, 0x61, 0x74, 0x4d,
  0x75, 0x6c, 0x3b, 0x65, 0x6e, 0x63, 0x6f, 0x64, 0x65, 0x72, 0x5f, 0x63,
  0x6c, 0x66, 0x5f, 0x6d, 0x69, 0x6e, 0x6d, 0x61, 0x78, 0x5f, 0x66, 0x6c,
  0x61, 0x74, 0x2f, 0x71, 0x75, 0x61, 0x6e, 0x74, 0x5f, 0x6c, 0x61, 0x74,
  0x65, 0x6e, 0x74, 0x5f, 0x33, 0x32, 0x2f, 0x42, 0x69, 0x61, 0x73, 0x41,
  0x64, 0x64, 0x00, 0x00, 0x02, 0x00, 0x00, 0x00, 0x01, 0x00, 0x00, 0x00,
  0x20, 0x00, 0x00, 0x00, 0x16, 0xfd, 0xff, 0xff, 0x00, 0x00, 0x00, 0x01,
  0x14, 0x00, 0x00, 0x00, 0x30, 0x00, 0x00, 0x00, 0x06, 0x00, 0x00, 0x00,
  0x00, 0x00, 0x00, 0x02, 0x68, 0x00, 0x00, 0x00, 0xfc, 0xfb, 0xff, 0xff,
  0x08, 0x00, 0x00, 0x00, 0x10, 0x00, 0x00, 0x00, 0x01, 0x00, 0x00, 0x00,
  0x00, 0x00, 0x00, 0x00, 0x00, 0x00, 0x00, 0x00, 0x01, 0x00, 0x00, 0x00,
  0xcc, 0x89, 0x38, 0x39, 0x3e, 0x00, 0x00, 0x00, 0x65, 0x6e, 0x63, 0x6f,
  0x64, 0x65, 0x72, 0x5f, 0x63, 0x6c, 0x66, 0x5f, 0x6d, 0x69, 0x6e, 0x6d,
  0x61, 0x78, 0x5f, 0x66, 0x6c, 0x61, 0x74, 0x2f, 0x71, 0x75, 0x61, 0x6e,
  0x74, 0x5f, 0x6c, 0x61, 0x74, 0x65, 0x6e, 0x74, 0x5f, 0x33, 0x32, 0x2f,
  0x42, 0x69, 0x61, 0x73, 0x41, 0x64, 0x64, 0x2f, 0x52, 0x65, 0x61, 0x64,
  0x56, 0x61, 0x72, 0x69, 0x61, 0x62, 0x6c, 0x65, 0x4f, 0x70, 0x00, 0x00,
  0x01, 0x00, 0x00, 0x00, 0x20, 0x00, 0x00, 0x00, 0x9e, 0xfd, 0xff, 0xff,
  0x00, 0x00, 0x00, 0x01, 0x14, 0x00, 0x00, 0x00, 0x34, 0x00, 0x00, 0x00,
  0x05, 0x00, 0x00, 0x00, 0x00, 0x00, 0x00, 0x09, 0xac, 0x00, 0x00, 0x00,
  0x84, 0xfc, 0xff, 0xff, 0x08, 0x00, 0x00, 0x00, 0x14, 0x00, 0x00, 0x00,
  0x01, 0x00, 0x00, 0x00, 0x00, 0x00, 0x00, 0x00, 0x00, 0x00, 0x00, 0x00,
  0x00, 0x00, 0x00, 0x00, 0x01, 0x00, 0x00, 0x00, 0x02, 0x49, 0x8c, 0x3b,
  0x7d, 0x00, 0x00, 0x00, 0x65, 0x6e, 0x63, 0x6f, 0x64, 0x65, 0x72, 0x5f,
  0x63, 0x6c, 0x66, 0x5f, 0x6d, 0x69, 0x6e, 0x6d, 0x61, 0x78, 0x5f, 0x66,
  0x6c, 0x61, 0x74, 0x2f, 0x71, 0x75, 0x61, 0x6e, 0x74, 0x5f, 0x6c, 0x61,
  0x74, 0x65, 0x6e, 0x74, 0x5f, 0x33, 0x32, 0x2f, 0x4d, 0x61, 0x74, 0x4d,
  0x75, 0x6c, 0x3b, 0x65, 0x6e, 0x63, 0x6f, 0x64, 0x65, 0x72, 0x5f, 0x63,
  0x6c, 0x66, 0x5f, 0x6d, 0x69, 0x6e, 0x6d, 0x61, 0x78, 0x5f, 0x66, 0x6c,
  0x61, 0x74, 0x2f, 0x71, 0x75, 0x61, 0x6e, 0x74, 0x5f, 0x6c, 0x61, 0x74,
  0x65, 0x6e, 0x74, 0x5f, 0x33, 0x32, 0x2f, 0x4c, 0x61, 0x73, 0x74, 0x56,
  0x61, 0x6c, 0x75, 0x65, 0x51, 0x75, 0x61, 0x6e, 0x74, 0x2f, 0x46, 0x61,
  0x6b, 0x65, 0x51, 0x75, 0x61, 0x6e, 0x74, 0x57, 0x69, 0x74, 0x68, 0x4d,
  0x69, 0x6e, 0x4d, 0x61, 0x78, 0x56, 0x61, 0x72, 0x73, 0x00, 0x00, 0x00,
  0x02, 0x00, 0x00, 0x00, 0x20, 0x00, 0x00, 0x00, 0x40, 0x00, 0x00, 0x00,
  0x7a, 0xfd, 0xff, 0xff, 0x00, 0x00, 0x00, 0x01, 0x18, 0x00, 0x00, 0x00,
  0x20, 0x00, 0x00, 0x00, 0x3c, 0x00, 0x00, 0x00, 0x04, 0x00, 0x00, 0x00,
  0x00, 0x00, 0x00, 0x09, 0xd8, 0x00, 0x00, 0x00, 0x02, 0x00, 0x00, 0x00,
  0xff, 0xff, 0xff, 0xff, 0x40, 0x00, 0x00, 0x00, 0x64, 0xfd, 0xff, 0xff,
  0x08, 0x00, 0x00, 0x00, 0x10, 0x00, 0x00, 0x00, 0x01, 0x00, 0x00, 0x00,
  0xe0, 0xff, 0xff, 0xff, 0xff, 0xff, 0xff, 0xff, 0x01, 0x00, 0x00, 0x00,
  0xb2, 0x60, 0x28, 0x3d, 0xa0, 0x00, 0x00, 0x00, 0x65, 0x6e, 0x63, 0x6f,
  0x64, 0x65, 0x72, 0x5f, 0x63, 0x6c, 0x66, 0x5f, 0x6d, 0x69, 0x6e, 0x6d,
  0x61, 0x78, 0x5f, 0x66, 0x6c, 0x61, 0x74, 0x2f, 0x71, 0x75, 0x61, 0x6e,
  0x74, 0x5f, 0x65, 0x6e, 0x63, 0x6f, 0x64, 0x65, 0x72, 0x5f, 0x64, 0x65,
  0x6e, 0x73, 0x65, 0x5f, 0x36, 0x34, 0x2f, 0x4d, 0x61, 0x74, 0x4d, 0x75,
  0x6c, 0x3b, 0x65, 0x6e, 0x63, 0x6f, 0x64, 0x65, 0x72, 0x5f, 0x63, 0x6c,
  0x66, 0x5f, 0x6d, 0x69, 0x6e, 0x6d, 0x61, 0x78, 0x5f, 0x66, 0x6c, 0x61,
  0x74, 0x2f, 0x71, 0x75, 0x61, 0x6e, 0x74, 0x5f, 0x65, 0x6e, 0x63, 0x6f,
  0x64, 0x65, 0x72, 0x5f, 0x64, 0x65, 0x6e, 0x73, 0x65, 0x5f, 0x36, 0x34,
  0x2f, 0x52, 0x65, 0x6c, 0x75, 0x3b, 0x65, 0x6e, 0x63, 0x6f, 0x64, 0x65,
  0x72, 0x5f, 0x63, 0x6c, 0x66, 0x5f, 0x6d, 0x69, 0x6e, 0x6d, 0x61, 0x78,
  0x5f, 0x66, 0x6c, 0x61, 0x74, 0x2f, 0x71, 0x75, 0x61, 0x6e, 0x74, 0x5f,
  0x65, 0x6e, 0x63, 0x6f, 0x64, 0x65, 0x72, 0x5f, 0x64, 0x65, 0x6e, 0x73,
  0x65, 0x5f, 0x36, 0x34, 0x2f, 0x42, 0x69, 0x61, 0x73, 0x41, 0x64, 0x64,
  0x00, 0x00, 0x00, 0x00, 0x02, 0x00, 0x00, 0x00, 0x01, 0x00, 0x00, 0x00,
  0x40, 0x00, 0x00, 0x00, 0x6e, 0xff, 0xff, 0xff, 0x00, 0x00, 0x00, 0x01,
  0x14, 0x00, 0x00, 0x00, 0x30, 0x00, 0x00, 0x00, 0x03, 0x00, 0x00, 0x00,
  0x00, 0x00, 0x00, 0x02, 0x70, 0x00, 0x00, 0x00, 0x54, 0xfe, 0xff, 0xff,
  0x08, 0x00, 0x00, 0x00, 0x10, 0x00, 0x00, 0x00, 0x01, 0x00, 0x00, 0x00,
  0x00, 0x00, 0x00, 0x00, 0x00, 0x00, 0x00, 0x00, 0x01, 0x00, 0x00, 0x00,
  0x5d, 0x3b, 0x42, 0x37, 0x45, 0x00, 0x00, 0x00, 0x65, 0x6e, 0x63, 0x6f,
  0x64, 0x65, 0x72, 0x5f, 0x63, 0x6c, 0x66, 0x5f, 0x6d, 0x69, 0x6e, 0x6d,
  0x61, 0x78, 0x5f, 0x66, 0x6c, 0x61, 0x74, 0x2f, 0x71, 0x75, 0x61, 0x6e,
  0x74, 0x5f, 0x65, 0x6e, 0x63, 0x6f, 0x64, 0x65, 0x72, 0x5f, 0x64, 0x65,
  0x6e, 0x73, 0x65, 0x5f, 0x36, 0x34, 0x2f, 0x42, 0x69, 0x61, 0x73, 0x41,
  0x64, 0x64, 0x2f, 0x52, 0x65, 0x61, 0x64, 0x56, 0x61, 0x72, 0x69, 0x61,
  0x62, 0x6c, 0x65, 0x4f, 0x70, 0x00, 0x00, 0x00, 0x01, 0x00, 0x00, 0x00,
  0x40, 0x00, 0x00, 0x00, 0x00, 0x00, 0x16, 0x00, 0x1c, 0x00, 0x18, 0x00,
  0x17, 0x00, 0x10, 0x00, 0x0c, 0x00, 0x08, 0x00, 0x00, 0x00, 0x00, 0x00,
  0x00, 0x00, 0x07, 0x00, 0x16, 0x00, 0x00, 0x00, 0x00, 0x00, 0x00, 0x01,
  0x14, 0x00, 0x00, 0x00, 0x34, 0x00, 0x00, 0x00, 0x02, 0x00, 0x00, 0x00,
  0x00, 0x00, 0x00, 0x09, 0xb8, 0x00, 0x00, 0x00, 0xfc, 0xfe, 0xff, 0xff,
  0x08, 0x00, 0x00, 0x00, 0x14, 0x00, 0x00, 0x00, 0x01, 0x00, 0x00, 0x00,
  0x00, 0x00, 0x00, 0x00, 0x00, 0x00, 0x00, 0x00, 0x00, 0x00, 0x00, 0x00,
  0x01, 0x00, 0x00, 0x00, 0x21, 0x79, 0x41, 0x3b, 0x8b, 0x00, 0x00, 0x00,
  0x65, 0x6e, 0x63, 0x6f, 0x64, 0x65, 0x72, 0x5f, 0x63, 0x6c, 0x66, 0x5f,
  0x6d, 0x69, 0x6e, 0x6d, 0x61, 0x78, 0x5f, 0x66, 0x6c, 0x61, 0x74, 0x2f,
  0x71, 0x75, 0x61, 0x6e, 0x74, 0x5f, 0x65, 0x6e, 0x63, 0x6f, 0x64, 0x65,
  0x72, 0x5f, 0x64, 0x65, 0x6e, 0x73, 0x65, 0x5f, 0x36, 0x34, 0x2f, 0x4d,
  0x61, 0x74, 0x4d, 0x75, 0x6c, 0x3b, 0x65, 0x6e, 0x63, 0x6f, 0x64, 0x65,
  0x72, 0x5f, 0x63, 0x6c, 0x66, 0x5f, 0x6d, 0x69, 0x6e, 0x6d, 0x61, 0x78,
  0x5f, 0x66, 0x6c, 0x61, 0x74, 0x2f, 0x71, 0x75, 0x61, 0x6e, 0x74, 0x5f,
  0x65, 0x6e, 0x63, 0x6f, 0x64, 0x65, 0x72, 0x5f, 0x64, 0x65, 0x6e, 0x73,
  0x65, 0x5f, 0x36, 0x34, 0x2f, 0x4c, 0x61, 0x73, 0x74, 0x56, 0x61, 0x6c,
  0x75, 0x65, 0x51, 0x75, 0x61, 0x6e, 0x74, 0x2f, 0x46, 0x61, 0x6b, 0x65,
  0x51, 0x75, 0x61, 0x6e, 0x74, 0x57, 0x69, 0x74, 0x68, 0x4d, 0x69, 0x6e,
  0x4d, 0x61, 0x78, 0x56, 0x61, 0x72, 0x73, 0x00, 0x02, 0x00, 0x00, 0x00,
  0x40, 0x00, 0x00, 0x00, 0x58, 0x02, 0x00, 0x00, 0x00, 0x00, 0x16, 0x00,
  0x20, 0x00, 0x1c, 0x00, 0x1b, 0x00, 0x14, 0x00, 0x10, 0x00, 0x0c, 0x00,
  0x00, 0x00, 0x00, 0x00, 0x08, 0x00, 0x07, 0x00, 0x16, 0x00, 0x00, 0x00,
  0x00, 0x00, 0x00, 0x01, 0x18, 0x00, 0x00, 0x00, 0x2c, 0x00, 0x00, 0x00,
  0x48, 0x00, 0x00, 0x00, 0x01, 0x00, 0x00, 0x00, 0x00, 0x00, 0x00, 0x09,
  0x60, 0x00, 0x00, 0x00, 0x02, 0x00, 0x00, 0x00, 0xff, 0xff, 0xff, 0xff,
  0x58, 0x02, 0x00, 0x00, 0x0c, 0x00, 0x0c, 0x00, 0x00, 0x00, 0x00, 0x00,
  0x08, 0x00, 0x04, 0x00, 0x0c, 0x00, 0x00, 0x00, 0x08, 0x00, 0x00, 0x00,
  0x10, 0x00, 0x00, 0x00, 0x01, 0x00, 0x00, 0x00, 0x80, 0xff, 0xff, 0xff,
  0xff, 0xff, 0xff, 0xff, 0x01, 0x00, 0x00, 0x00, 0x81, 0x80, 0x80, 0x3b,
  0x1e, 0x00, 0x00, 0x00, 0x73, 0x65, 0x72, 0x76, 0x69, 0x6e, 0x67, 0x5f,
  0x64, 0x65, 0x66, 0x61, 0x75, 0x6c, 0x74, 0x5f, 0x77, 0x69, 0x6e, 0x64,
  0x6f, 0x77, 0x5f, 0x69, 0x6e, 0x70, 0x75, 0x74, 0x3a, 0x30, 0x00, 0x00,
  0x02, 0x00, 0x00, 0x00, 0x01, 0x00, 0x00, 0x00, 0x58, 0x02, 0x00, 0x00,
  0x02, 0x00, 0x00, 0x00, 0x24, 0x00, 0x00, 0x00, 0x04, 0x00, 0x00, 0x00,
  0xf0, 0xff, 0xff, 0xff, 0x19, 0x00, 0x00, 0x00, 0x02, 0x00, 0x00, 0x00,
  0x00, 0x00, 0x00, 0x19, 0x0c, 0x00, 0x10, 0x00, 0x0f, 0x00, 0x00, 0x00,
  0x08, 0x00, 0x04, 0x00, 0x0c, 0x00, 0x00, 0x00, 0x09, 0x00, 0x00, 0x00,
  0x04, 0x00, 0x00, 0x00, 0x00, 0x00, 0x00, 0x09
};
unsigned int encoder_clf_minmax_pruned_qat_int8_tflite_len = 45680;
